<?xml version='1.0' encoding='UTF-8'?>
<article xmlns:xlink="http://www.w3.org/1999/xlink" dtd-version="1.1">
  <front>
    <journal-meta>
      <journal-id jjournal-id-type="publisher">GRC</journal-id>
      <journal-title-group>
        <journal-title>Gosudarstvo, religiia, tserkov' v Rossii i za rubezhom </journal-title>
        <abbrev-journal-title abbrev-type="nlm-ta" />
      </journal-title-group>
      <issn pub-type="ppub" />
      <issn pub-type="epub" />
    </journal-meta>
    <article-meta>
      <article-id pub-id-type="manuscript" />
      <article-categories>
        <subj-group subj-group-type="article_type">
          <subject>Research Letter</subject>
        </subj-group>
        <subj-group subj-group-type="subject_areas">
          <subject> </subject>
      </subj-group>
      </article-categories>
      <title-group>
        <article-title>Evangelical Lutheran Church and the Emergence of Ethnic Identity of the Ingrian Finns in the Nineteenth Century</article-title>
        <alt-title alt-title-type="running" />
      </title-group>
      <contrib-group>
        <contrib contrib-type="author">
          <name>
            <surname>Karanov</surname>
            <given-names>Dmitry</given-names>
          </name>
          <email />
          <role content-type="1" />
          <xref ref-type="aff" rid="aff1" />
        </contrib>
        <aff id="aff1">
          <institution />
          <addr-line content-type="addrline1" />
          <addr-line content-type="city" />
          <addr-line content-type="state" />
          <addr-line content-type="zipcode" />
          <addr-line content-type="country" />
      </aff>
      </contrib-group>
      <pub-date pub-type="epub" />
      <pub-date pub-type="ppub" />
      <elocation-id />
      <history>
        <date data-type="received">
          <day />
          <month />
          <year>2015</year>
      </date>
      </history>
      <permissions>
        <copyright-statement />
        <copyright-year />
      </permissions>
      <abstract>
        <b>The article, drawing partly on unpublished archival documents, considers causes and directions of the impact of the Evangelical Lutheran Church on the formation of the Ingrian Finnish ethnic identity in the St. Petersburg province of the Russian Empire in the nineteenth century. The 1832 Charter of the Evangelical Lutheran Church in Russia became the basic legal document defining its particular goals and responsibilities before the secular authorities. One of the main ideas was to strengthen the role of Lutheranism in the life of the Finnish peasants. The Ingrian church, willingly or not, created conditions for the consolidation and promotion of the Ingrian identity of the Finns. It also led to the emergence of the Ingrian intelligentsia who elaborated the meaning of Ingrian identity.</b>
      </abstract>
      <kwd-group>
        <kwd>Lutheran</kwd>
        <kwd>Evangelical Lutheran Church</kwd>
        <kwd>the Ingrian Finns</kwd>
        <kwd>the Finns of St.Petersburg</kwd>
        <kwd>the construction of ethnic identity</kwd>
        <kwd>Ingrian identity.</kwd>
      </kwd-group>
      <counts>
        <table-count count="0" />
        <page-count count="0" />
      </counts>
    </article-meta>
  </front>
</article>
