<?xml version='1.0' encoding='UTF-8'?>
<article xmlns:xlink="http://www.w3.org/1999/xlink" dtd-version="1.1">
  <front>
    <journal-meta>
      <journal-id jjournal-id-type="publisher">GRC</journal-id>
      <journal-title-group>
        <journal-title>Gosudarstvo, religiia, tserkov' v Rossii i za rubezhom </journal-title>
        <abbrev-journal-title abbrev-type="nlm-ta" />
      </journal-title-group>
      <issn pub-type="ppub" />
      <issn pub-type="epub" />
    </journal-meta>
    <article-meta>
      <article-id pub-id-type="manuscript" />
      <article-categories>
        <subj-group subj-group-type="article_type">
          <subject>Research Letter</subject>
        </subj-group>
        <subj-group subj-group-type="subject_areas">
          <subject> </subject>
      </subj-group>
      </article-categories>
      <title-group>
        <article-title>The Neoplatonic Tetrad in the Context of the Topic of the Hierarchy of Beings in the Patristic Thought: Maximus the Confessor and John of Damascus</article-title>
        <alt-title alt-title-type="running" />
      </title-group>
      <contrib-group>
        <contrib contrib-type="author">
          <name>
            <surname>Biriukov</surname>
            <given-names>Dmitrij</given-names>
          </name>
          <email />
          <role content-type="1" />
          <xref ref-type="aff" rid="aff1" />
        </contrib>
        <aff id="aff1">
          <institution />
          <addr-line content-type="addrline1" />
          <addr-line content-type="city" />
          <addr-line content-type="state" />
          <addr-line content-type="zipcode" />
          <addr-line content-type="country" />
      </aff>
      </contrib-group>
      <pub-date pub-type="epub" />
      <pub-date pub-type="ppub" />
      <elocation-id />
      <history>
        <date data-type="received">
          <day />
          <month />
          <year>2015</year>
      </date>
      </history>
      <permissions>
        <copyright-statement />
        <copyright-year />
      </permissions>
      <abstract>
        <b>The article traces how the topic of the hierarchy of the participating beings, given by Dionysius the Areopagite on the basis of the Neo-platonic tetrad (Goodness, Being, Life, Mind), and, as it is supposed, of the doctrine of the hierarchy of natural beings by Gregory of Nyssa, were developed in the doctrines of Maximus the Confessor and John of Damascus. “Ambigua”, 7; 24, along with “Centuries on Charity”, 3.24–25, by Maximus, and “Exposition of the Orthodox Faith”, 86, by Damascus are considered. The paper then analyzes in which way Maximus and Damascus followed Dionysius and in which way they did not. It is shown that Maximus was influenced, through Dionysus, by both the Neoplatonic tetrad and Gregory’s teaching on the taxonomy of the beings, while Damascus demonstrates adherence to only the first line.</b>
      </abstract>
      <kwd-group>
        <kwd>hierarchy of natural beings</kwd>
        <kwd>participation</kwd>
        <kwd>universals</kwd>
        <kwd>patristic philosophy</kwd>
        <kwd>Platonism</kwd>
        <kwd>the Neo-platonic tetrad.</kwd>
      </kwd-group>
      <counts>
        <table-count count="0" />
        <page-count count="0" />
      </counts>
    </article-meta>
  </front>
</article>
