<?xml version='1.0' encoding='UTF-8'?>
<article xmlns:xlink="http://www.w3.org/1999/xlink" dtd-version="1.1">
  <front>
    <journal-meta>
      <journal-id jjournal-id-type="publisher">GRC</journal-id>
      <journal-title-group>
        <journal-title>Gosudarstvo, religiia, tserkov' v Rossii i za rubezhom </journal-title>
        <abbrev-journal-title abbrev-type="nlm-ta" />
      </journal-title-group>
      <issn pub-type="ppub" />
      <issn pub-type="epub" />
    </journal-meta>
    <article-meta>
      <article-id pub-id-type="manuscript" />
      <article-categories>
        <subj-group subj-group-type="article_type">
          <subject>Research Letter</subject>
        </subj-group>
        <subj-group subj-group-type="subject_areas">
          <subject> </subject>
      </subj-group>
      </article-categories>
      <title-group>
        <article-title>The Bible and the Royal Power: Legitimation of the Bagratid Dynasty in Medieval Armenian Historiography</article-title>
        <alt-title alt-title-type="running" />
      </title-group>
      <contrib-group>
        <contrib contrib-type="author">
          <name>
            <surname>Khachatryan</surname>
            <given-names>Gayane</given-names>
          </name>
          <email />
          <role content-type="1" />
          <xref ref-type="aff" rid="aff1" />
        </contrib>
        <aff id="aff1">
          <institution />
          <addr-line content-type="addrline1" />
          <addr-line content-type="city" />
          <addr-line content-type="state" />
          <addr-line content-type="zipcode" />
          <addr-line content-type="country" />
      </aff>
      </contrib-group>
      <pub-date pub-type="epub" />
      <pub-date pub-type="ppub" />
      <elocation-id />
      <history>
        <date data-type="received">
          <day />
          <month />
          <year>2015</year>
      </date>
      </history>
      <permissions>
        <copyright-statement />
        <copyright-year />
      </permissions>
      <abstract>
        <b>The article deals with “constructing of the past” and legitimation of power of the Bagratid dynasty in medieval Armenian historiography. It focuses upon the use of biblical symbols by the medieval historians and the role of these symbols in the consolidation of power of the ruling dynasty. The article draws upon three sources belonging to the beginning, the middle, and the end of the Bagratid rule (History of Armenia by Hovhannes Draskhanakerttsi; General History by Stephanos Taronetsi; History of Vardapet Aristakes Lastivertsi).</b>
      </abstract>
      <kwd-group>
        <kwd>legitimation of power</kwd>
        <kwd>the Bagratid dynasty</kwd>
        <kwd>historical memory</kwd>
        <kwd>constructing the past</kwd>
        <kwd>medieval Armenia</kwd>
        <kwd>Stephanos Taronetsi</kwd>
        <kwd>Aristakes Lastivertsi</kwd>
        <kwd>Hovhannes Draskhanakerttsi.</kwd>
      </kwd-group>
      <counts>
        <table-count count="0" />
        <page-count count="0" />
      </counts>
    </article-meta>
  </front>
</article>
