<?xml version='1.0' encoding='UTF-8'?>
<article xmlns:xlink="http://www.w3.org/1999/xlink" dtd-version="1.1">
  <front>
    <journal-meta>
      <journal-id jjournal-id-type="publisher">GRC</journal-id>
      <journal-title-group>
        <journal-title>Gosudarstvo, religiia, tserkov' v Rossii i za rubezhom </journal-title>
        <abbrev-journal-title abbrev-type="nlm-ta" />
      </journal-title-group>
      <issn pub-type="ppub" />
      <issn pub-type="epub" />
    </journal-meta>
    <article-meta>
      <article-id pub-id-type="manuscript" />
      <article-categories>
        <subj-group subj-group-type="article_type">
          <subject>Research Letter</subject>
        </subj-group>
        <subj-group subj-group-type="subject_areas">
          <subject> </subject>
      </subj-group>
      </article-categories>
      <title-group>
        <article-title>State and Religion: Foundation and Patronage of Monasteries as a Method of Territory Control in 9th c. Armenia</article-title>
        <alt-title alt-title-type="running" />
      </title-group>
      <contrib-group>
        <contrib contrib-type="author">
          <name>
            <surname>Pogossian</surname>
            <given-names>Zaroui</given-names>
          </name>
          <email />
          <role content-type="1" />
          <xref ref-type="aff" rid="aff1" />
        </contrib>
        <aff id="aff1">
          <institution />
          <addr-line content-type="addrline1" />
          <addr-line content-type="city" />
          <addr-line content-type="state" />
          <addr-line content-type="zipcode" />
          <addr-line content-type="country" />
      </aff>
      </contrib-group>
      <pub-date pub-type="epub" />
      <pub-date pub-type="ppub" />
      <elocation-id />
      <history>
        <date data-type="received">
          <day />
          <month />
          <year>2015</year>
      </date>
      </history>
      <permissions>
        <copyright-statement />
        <copyright-year />
      </permissions>
      <abstract>
        <b>The article explores the relationship between the patronage of monasteries and territory control in Greater Armenia in the second half of the 9th century based on the study of three cases. The first is the foundation of the Monastery of Sevan by Princess Mariam Bagratid and the renowned ascetic Maštoc‘ in 871. It is suggested that this and other monastic foundations around Lake Sevan (Gełark‘unik‘ territory) were a means of extending Bagratid influence, if not yet full control, on this neighboring region ruled by the Siwnids. The other two examples focus on the region of Vaspurakan and the patronage of Monasteries Hogeac‘ and Varag by Arcrunid princes. The geopolitical situation here was different. Arcrunis generally followed a centrifugal policy in relation to the Bagratid kings, partly because at that time they had no direct borders with central Bagratid territories. By establishing good relations and supporting the famous monasteries, the Arcrunids consolidated their grip in their newly conquered territories.</b>
      </abstract>
      <kwd-group>
        <kwd>Bagratids</kwd>
        <kwd>Arcrunids</kwd>
        <kwd>medieval Armenia</kwd>
        <kwd>Armenian Church</kwd>
        <kwd>patronage of monasteries</kwd>
        <kwd>religion</kwd>
        <kwd>hagiography</kwd>
        <kwd>monasteries and territory control.</kwd>
      </kwd-group>
      <counts>
        <table-count count="0" />
        <page-count count="0" />
      </counts>
    </article-meta>
  </front>
</article>
