<?xml version='1.0' encoding='UTF-8'?>
<article xmlns:xlink="http://www.w3.org/1999/xlink" dtd-version="1.1">
  <front>
    <journal-meta>
      <journal-id jjournal-id-type="publisher">GRC</journal-id>
      <journal-title-group>
        <journal-title>Gosudarstvo, religiia, tserkov' v Rossii i za rubezhom </journal-title>
        <abbrev-journal-title abbrev-type="nlm-ta" />
      </journal-title-group>
      <issn pub-type="ppub" />
      <issn pub-type="epub" />
    </journal-meta>
    <article-meta>
      <article-id pub-id-type="manuscript" />
      <article-categories>
        <subj-group subj-group-type="article_type">
          <subject>Research Letter</subject>
        </subj-group>
        <subj-group subj-group-type="subject_areas">
          <subject> </subject>
      </subj-group>
      </article-categories>
      <title-group>
        <article-title>Zoroastrian Mythological Motifs and the Phenomenon of Christian Acculturation in Sasanian Mesopotamia</article-title>
        <alt-title alt-title-type="running" />
      </title-group>
      <contrib-group>
        <contrib contrib-type="author">
          <name>
            <surname>Minov</surname>
            <given-names>Sergey</given-names>
          </name>
          <email />
          <role content-type="1" />
          <xref ref-type="aff" rid="aff1" />
        </contrib>
        <aff id="aff1">
          <institution />
          <addr-line content-type="addrline1" />
          <addr-line content-type="city" />
          <addr-line content-type="state" />
          <addr-line content-type="zipcode" />
          <addr-line content-type="country" />
      </aff>
      </contrib-group>
      <pub-date pub-type="epub" />
      <pub-date pub-type="ppub" />
      <elocation-id />
      <history>
        <date data-type="received">
          <day />
          <month />
          <year>2015</year>
      </date>
      </history>
      <permissions>
        <copyright-statement />
        <copyright-year />
      </permissions>
      <abstract>
        <b>The article analyzes two cases of borrowing Zoroastrian mythological motifs by Syriac-speaking Christians during the period of Late Antiquity. The first example, attested in the writings of Ephrem the Syrian (4th c.), concerns the case of reinterpretation of the traditional image of biblical Paradise as a cosmic mountain, encircling the whole world. Most probably, it developed under a direct influence of the Iranian cosmological traditions regarding the mountain Alburz. The second example concerns the use of the figure of Rapitvin, known from Zoroastrian mythology, by the anonymous author of the Syriac composition known as the “Cave of Treasures” (6th–7th cc.). The discussed examples of appropriation of some elements of Zoroastrian mythology by Syriac-speaking authors provide us with a valuable evidence on the complicated and multifaceted process of acculturation of the Christian minority to the culture of Sasanian Iran.</b>
      </abstract>
      <kwd-group>
        <kwd>religion</kwd>
        <kwd>acculturation</kwd>
        <kwd>Late Antiquity</kwd>
        <kwd>Syriac Christianity</kwd>
        <kwd>Iran</kwd>
        <kwd>Zoroastrianism</kwd>
        <kwd>mythology</kwd>
        <kwd>Paradise.</kwd>
      </kwd-group>
      <counts>
        <table-count count="0" />
        <page-count count="0" />
      </counts>
    </article-meta>
  </front>
</article>
