<?xml version='1.0' encoding='UTF-8'?>
<article xmlns:xlink="http://www.w3.org/1999/xlink" dtd-version="1.1">
  <front>
    <journal-meta>
      <journal-id jjournal-id-type="publisher">GRC</journal-id>
      <journal-title-group>
        <journal-title>Gosudarstvo, religiia, tserkov' v Rossii i za rubezhom </journal-title>
        <abbrev-journal-title abbrev-type="nlm-ta" />
      </journal-title-group>
      <issn pub-type="ppub" />
      <issn pub-type="epub" />
    </journal-meta>
    <article-meta>
      <article-id pub-id-type="manuscript" />
      <article-categories>
        <subj-group subj-group-type="article_type">
          <subject>Research Letter</subject>
        </subj-group>
        <subj-group subj-group-type="subject_areas">
          <subject> </subject>
      </subj-group>
      </article-categories>
      <title-group>
        <article-title>History of Ecumenism: The Forgotten Early Period</article-title>
        <alt-title alt-title-type="running" />
      </title-group>
      <contrib-group>
        <contrib contrib-type="author">
          <name>
            <surname>Seleznyov</surname>
            <given-names>Nikolai</given-names>
          </name>
          <email />
          <role content-type="1" />
          <xref ref-type="aff" rid="aff1" />
        </contrib>
        <aff id="aff1">
          <institution />
          <addr-line content-type="addrline1" />
          <addr-line content-type="city" />
          <addr-line content-type="state" />
          <addr-line content-type="zipcode" />
          <addr-line content-type="country" />
      </aff>
      </contrib-group>
      <pub-date pub-type="epub" />
      <pub-date pub-type="ppub" />
      <elocation-id />
      <history>
        <date data-type="received">
          <day />
          <month />
          <year>2015</year>
      </date>
      </history>
      <permissions>
        <copyright-statement />
        <copyright-year />
      </permissions>
      <abstract>
        <b>In the histories of ecumenism, its initial formation is usually dated by the early 20th century. The World Missionary Conference held in Edinburgh in 1910 is referred to as its “symbolic beginning”. A quest for the origins of the ecumenical thought led researchers to find some early voices in the previous centuries, even as early as in the 15th–16th c. However, there are Oriental sources which witness a much earlier formation of the ecumenical paradigm of the ecclesiological thought, typologically corresponding to the one developed in the 20th c. In the Golden Age of Medieval Muslim culture under the ʿAbbasid caliphate, an ecumenical position is witnessed by some Middle Eastern Christian authors. In their works, the main Christian denominations are not polemically presented as opposed to each other, but on the contrary, the essential unity of various Christian beliefs is emphasized, and the ways the main Christian communities follow are claimed to be equal in value. The present article uses the Medieval Arabic sources to demonstrate that the history of the ecumenical thought should be corrected by supplying a chapter on the Medieval Eastern period of the history.</b>
      </abstract>
      <kwd-group>
        <kwd>ecumenism</kwd>
        <kwd>ecumenical paradigm</kwd>
        <kwd>ecumenical thought</kwd>
        <kwd>ecumenical movement</kwd>
        <kwd>history of ecumenism</kwd>
        <kwd>Middle Ages</kwd>
        <kwd>Christian Orient</kwd>
        <kwd>Middle Eastern Christianity</kwd>
        <kwd>Nestorians</kwd>
        <kwd>Melkites</kwd>
        <kwd>Jacobites</kwd>
        <kwd>Copts</kwd>
        <kwd>Islam</kwd>
        <kwd>Medieval Muslim culture.</kwd>
      </kwd-group>
      <counts>
        <table-count count="0" />
        <page-count count="0" />
      </counts>
    </article-meta>
  </front>
</article>
