<?xml version='1.0' encoding='UTF-8'?>
<article xmlns:xlink="http://www.w3.org/1999/xlink" dtd-version="1.1">
  <front>
    <journal-meta>
      <journal-id jjournal-id-type="publisher">GRC</journal-id>
      <journal-title-group>
        <journal-title>Gosudarstvo, religiia, tserkov' v Rossii i za rubezhom </journal-title>
        <abbrev-journal-title abbrev-type="nlm-ta" />
      </journal-title-group>
      <issn pub-type="ppub" />
      <issn pub-type="epub" />
    </journal-meta>
    <article-meta>
      <article-id pub-id-type="manuscript" />
      <article-categories>
        <subj-group subj-group-type="article_type">
          <subject>Research Letter</subject>
        </subj-group>
        <subj-group subj-group-type="subject_areas">
          <subject> </subject>
      </subj-group>
      </article-categories>
      <title-group>
        <article-title>The Exaltation of Holy Cross and the Deposition of the Emperor of Ethiopia: Lïj Iyasu and a Mäsqäl Drama</article-title>
        <alt-title alt-title-type="running" />
      </title-group>
      <contrib-group>
        <contrib contrib-type="author">
          <name>
            <surname>Kaplan</surname>
            <given-names>Steven</given-names>
          </name>
          <email />
          <role content-type="1" />
          <xref ref-type="aff" rid="aff1" />
        </contrib>
        <aff id="aff1">
          <institution />
          <addr-line content-type="addrline1" />
          <addr-line content-type="city" />
          <addr-line content-type="state" />
          <addr-line content-type="zipcode" />
          <addr-line content-type="country" />
      </aff>
      </contrib-group>
      <pub-date pub-type="epub" />
      <pub-date pub-type="ppub" />
      <elocation-id />
      <history>
        <date data-type="received">
          <day />
          <month />
          <year>2015</year>
      </date>
      </history>
      <permissions>
        <copyright-statement />
        <copyright-year />
      </permissions>
      <abstract>
        <b>On September 16, 1916 the Ethiopian ruler Iyasu was excommunicated and deposed. Although there in a great deal of literature concerned with the local and international political forces behind this coup, its timing has been considered only in passing. This article focuses on the fact that this event coincided with the major Christian festival of Mäsqäl (The Festival of the Cross), an early Christian celebration, which was elevated to the de facto status of a major feast by the Ethiopian Church in the 15th century. The article analyses the coup in the light of three key Mäsqäl themes of: (1) Christianity’s superiority over Islam; (2) imperial presence (or absence) and power; (3) appointment and dismissal. Using both historical accounts and ethnographic reports, each of these themes is explored in an attempt to deepen our understanding of the religious-cultural aspects of what may appear, at first glance, to be an exclusively political episode.</b>
      </abstract>
      <kwd-group>
        <kwd>Ethiopia</kwd>
        <kwd>Christianity</kwd>
        <kwd>Ethiopian Orthodox Tawahïdo Church</kwd>
        <kwd>Islam</kwd>
        <kwd>ritual.</kwd>
      </kwd-group>
      <counts>
        <table-count count="0" />
        <page-count count="0" />
      </counts>
    </article-meta>
  </front>
</article>
