<?xml version='1.0' encoding='UTF-8'?>
<article xmlns:xlink="http://www.w3.org/1999/xlink" dtd-version="1.1">
  <front>
    <journal-meta>
      <journal-id jjournal-id-type="publisher">GRC</journal-id>
      <journal-title-group>
        <journal-title>Gosudarstvo, religiia, tserkov' v Rossii i za rubezhom </journal-title>
        <abbrev-journal-title abbrev-type="nlm-ta" />
      </journal-title-group>
      <issn pub-type="ppub" />
      <issn pub-type="epub" />
    </journal-meta>
    <article-meta>
      <article-id pub-id-type="manuscript" />
      <article-categories>
        <subj-group subj-group-type="article_type">
          <subject>Research Letter</subject>
        </subj-group>
        <subj-group subj-group-type="subject_areas">
          <subject> </subject>
      </subj-group>
      </article-categories>
      <title-group>
        <article-title>Islamism and the New Disintegration of Empires</article-title>
        <alt-title alt-title-type="running" />
      </title-group>
      <contrib-group>
        <contrib contrib-type="author">
          <name>
            <surname>Derluguian</surname>
            <given-names>Georgi</given-names>
          </name>
          <email />
          <role content-type="1" />
          <xref ref-type="aff" rid="aff1" />
        </contrib>
        <aff id="aff1">
          <institution />
          <addr-line content-type="addrline1" />
          <addr-line content-type="city" />
          <addr-line content-type="state" />
          <addr-line content-type="zipcode" />
          <addr-line content-type="country" />
      </aff>
      </contrib-group>
      <pub-date pub-type="epub" />
      <pub-date pub-type="ppub" />
      <elocation-id />
      <history>
        <date data-type="received">
          <day />
          <month />
          <year>2016</year>
      </date>
      </history>
      <permissions>
        <copyright-statement />
        <copyright-year />
      </permissions>
      <abstract>
        <b>In this interview, Georgi Derluguian discusses the reasons of Islamism’s popularity in the context of collapse of two great projects of the West — liberalism and communism. He pays special attention to organizational peculiarity of Islam, which allows this religion to lead successful wars against powerful empires. People who find this ideology attractive are not “new barbarians”; on the contrary, we are dealing with modern socially active people, whose access to social lifts has been blocked. Islamism allows both men and women to realize strategies, which give them a chance to succeed in situation when role models of their parents stopped functioning. In the end of the interview, one finds analysis of the perspectives of the so called Islamic State, forbidden in Russia and elsewhere: the sociologist shows how it will inevitably be involved in the dynamics of contemporary world-system.</b>
      </abstract>
      <kwd-group>
        <kwd>ISIS</kwd>
        <kwd>Islamism</kwd>
        <kwd>Wahhabism</kwd>
        <kwd>Islam</kwd>
        <kwd>World-Systems Analysis</kwd>
        <kwd>Dmitry Furman</kwd>
        <kwd>North Caucasus.</kwd>
      </kwd-group>
      <counts>
        <table-count count="0" />
        <page-count count="0" />
      </counts>
    </article-meta>
  </front>
</article>
