<?xml version='1.0' encoding='UTF-8'?>
<article xmlns:xlink="http://www.w3.org/1999/xlink" dtd-version="1.1">
  <front>
    <journal-meta>
      <journal-id jjournal-id-type="publisher">GRC</journal-id>
      <journal-title-group>
        <journal-title>Gosudarstvo, religiia, tserkov' v Rossii i za rubezhom </journal-title>
        <abbrev-journal-title abbrev-type="nlm-ta" />
      </journal-title-group>
      <issn pub-type="ppub" />
      <issn pub-type="epub" />
    </journal-meta>
    <article-meta>
      <article-id pub-id-type="manuscript" />
      <article-categories>
        <subj-group subj-group-type="article_type">
          <subject>Research Letter</subject>
        </subj-group>
        <subj-group subj-group-type="subject_areas">
          <subject> </subject>
      </subj-group>
      </article-categories>
      <title-group>
        <article-title>The Church In-Between: Armenian Catholics in Post-Soviet Armenia and Georgia</article-title>
        <alt-title alt-title-type="running" />
      </title-group>
      <contrib-group>
        <contrib contrib-type="author">
          <name>
            <surname>Siekierski</surname>
            <given-names>Konrad</given-names>
          </name>
          <email />
          <role content-type="1" />
          <xref ref-type="aff" rid="aff1" />
        </contrib>
        <aff id="aff1">
          <institution />
          <addr-line content-type="addrline1" />
          <addr-line content-type="city" />
          <addr-line content-type="state" />
          <addr-line content-type="zipcode" />
          <addr-line content-type="country" />
      </aff>
      </contrib-group>
      <pub-date pub-type="epub" />
      <pub-date pub-type="ppub" />
      <elocation-id />
      <history>
        <date data-type="received">
          <day />
          <month />
          <year>2016</year>
      </date>
      </history>
      <permissions>
        <copyright-statement />
        <copyright-year />
      </permissions>
      <abstract>
        <b>This paper examines the recent history and current situation of the Armenian Catholic Church from the vantage point of its in-betweenness. The Armenian Catholics’ liminal position in-between the particularity and exclusiveness of the Armenian Christianity and the inclusiveness and expansionism of the Roman Catholicism have created diverse, often contradictory, politics of identity construction and representation; of cultural absorption and resistance; and of belonging and alienation. The paper takes a closer look at these politics at work in formulating, negotiating, and challenging a distinct character of this strand of Christianity in post-Soviet Armenia and Georgia, where a large portion of Armenian Catholics live and where the Armenian Catholic Church came back to existence after it was banned for over six decades in the Soviet Union.</b>
      </abstract>
      <kwd-group>
        <kwd>Armenian Catholic Church</kwd>
        <kwd>religious identity</kwd>
        <kwd>national identity</kwd>
        <kwd>in-betweenness</kwd>
        <kwd>Armenia</kwd>
        <kwd>Georgia..</kwd>
      </kwd-group>
      <counts>
        <table-count count="0" />
        <page-count count="0" />
      </counts>
    </article-meta>
  </front>
</article>
