<?xml version='1.0' encoding='UTF-8'?>
<article xmlns:xlink="http://www.w3.org/1999/xlink" dtd-version="1.1">
  <front>
    <journal-meta>
      <journal-id jjournal-id-type="publisher">GRC</journal-id>
      <journal-title-group>
        <journal-title>Gosudarstvo, religiia, tserkov' v Rossii i za rubezhom </journal-title>
        <abbrev-journal-title abbrev-type="nlm-ta" />
      </journal-title-group>
      <issn pub-type="ppub" />
      <issn pub-type="epub" />
    </journal-meta>
    <article-meta>
      <article-id pub-id-type="manuscript" />
      <article-categories>
        <subj-group subj-group-type="article_type">
          <subject>Research article</subject>
        </subj-group>
        <subj-group subj-group-type="subject_areas">
          <subject> </subject>
      </subj-group>
      </article-categories>
      <title-group>
        <article-title>Amulets of the East Caucasus (with a Foreword by E. Teryukova)</article-title>
        <alt-title alt-title-type="running" />
      </title-group>
      <contrib-group>
        <contrib contrib-type="author">
          <name>
            <surname>Shilling</surname>
            <given-names>Eugenii</given-names>
          </name>
          <email />
          <role content-type="1" />
          <xref ref-type="aff" rid="aff1" />
        </contrib>
        <aff id="aff1">
          <institution />
          <addr-line content-type="addrline1" />
          <addr-line content-type="city" />
          <addr-line content-type="state" />
          <addr-line content-type="zipcode" />
          <addr-line content-type="country" />
      </aff>
      </contrib-group>
      <pub-date pub-type="epub" />
      <pub-date pub-type="ppub" />
      <elocation-id />
      <history>
        <date data-type="received">
          <day />
          <month />
          <year>2018</year>
      </date>
      </history>
      <permissions>
        <copyright-statement>Russian Presidential Academy of National Economy and Public Administration.</copyright-statement>
        <copyright-year>© 2018</copyright-year>
      </permissions>
      <abstract>
        <b>This article describes the ethnographic collections gathered by E.M. Shilling for the Central Antireligious Museum in the Caucasus during expeditions from 1934 to 1940. It contains not only a detailed classification and technical description of material relevant to the traditional beliefs of the peoples of the Caucasus, but also valuable anthropological, cultural, historical and bibliographic information. The introduction of this information into scientific circulation will not only allow for a more accurate attribution of objects of everyday religious practice stored in Russian museums, but also will shed new light on the characteristics of the traditional religiosity of the peoples of the Eastern Caucasus.</b>
      </abstract>
      <kwd-group>
        <kwd>the amulets of the Caucasus</kwd>
        <kwd>ethnography</kwd>
        <kwd>religious studies</kwd>
        <kwd>E.M. Shilling.</kwd>
      </kwd-group>
      <counts>
        <table-count count="0" />
        <page-count count="0" />
      </counts>
    </article-meta>
  </front>
</article>
