<?xml version='1.0' encoding='UTF-8'?>
<article xmlns:xlink="http://www.w3.org/1999/xlink" dtd-version="1.1">
  <front>
    <journal-meta>
      <journal-id jjournal-id-type="publisher">State, Religion and Church in Russia and Worldwide</journal-id>
      <journal-title-group>
        <journal-title>Gosudarstvo, religiia, tserkov' v Rossii i za rubezhom</journal-title>
        <abbrev-journal-title abbrev-type="nlm-ta" />
      </journal-title-group>
      <issn pub-type="ppub" />
      <issn pub-type="epub" />
    </journal-meta>
    <article-meta>
      <article-id pub-id-type="manuscript" />
      <article-categories>
        <subj-group subj-group-type="article_type">
          <subject>Research article</subject>
        </subj-group>
        <subj-group subj-group-type="subject_areas" />
      </article-categories>
      <title-group>
        <article-title>“The Times They Are a-Changing’”: Ural Old Believer Discussions about the Past and Future in the Search for a “ True” Priesthood at the End of the 19th Century</article-title>
        <alt-title alt-title-type="running" />
      </title-group>
      <contrib-group>
        <contrib contrib-type="author">
          <name>
            <surname>Borovik</surname>
            <given-names>Iulia</given-names>
          </name>
          <email />
          <role content-type="1" />
          <xref ref-type="aff" rid="aff1" />
        </contrib>
        <aff id="aff1">
          <institution />
          <addr-line content-type="addrline1" />
          <addr-line content-type="city" />
          <addr-line content-type="state" />
          <addr-line content-type="zipcode" />
          <addr-line content-type="country" />
      </aff>
      </contrib-group>
      <pub-date pub-type="epub" />
      <pub-date pub-type="ppub" />
      <elocation-id />
      <history>
        <date data-type="received">
          <day />
          <month />
          <year>2018</year>
      </date>
      </history>
      <permissions>
        <copyright-statement>Russian Presidential Academy of National Economy and Public Administration.</copyright-statement>
        <copyright-year>© 2018</copyright-year>
      </permissions>
      <abstract>
        <b>This article is devoted to eschatological aspects of Old Believer discussions about the priesthood in the Urals and Siberia. The author’s method combines the study of Old Believer history with analysis of their written works. The paper includes an overview of the main trends found in polemics about the “ true” hierarchy of the priesthood in the 18th and 19th centuries. The key source is “The Discourse about the Times of This Century”, a text created by an unknown Old Believer author in the last quarter of the 19th century. The main goal of “ The Discourse” was to defend the doctrine of the Chasovennye branch of Old Believers. Comparison of “ The Discourse” with other works of this period show a similarity in the methods of interpreting of Scripture, but also significant differences in metaphor, language, and sources.</b>
      </abstract>
      <kwd-group>
        <kwd>Ural-Siberian Old Believers</kwd>
        <kwd>Chasovennye</kwd>
        <kwd>confessional polemics</kwd>
        <kwd>priesthood</kwd>
        <kwd>eschatology.</kwd>
      </kwd-group>
      <counts>
        <table-count count="0" />
        <page-count count="0" />
      </counts>
    </article-meta>
  </front>
</article>
