<?xml version='1.0' encoding='UTF-8'?>
<article xmlns:xlink="http://www.w3.org/1999/xlink" dtd-version="1.1">
  <front>
    <journal-meta>
      <journal-id jjournal-id-type="publisher">GRC</journal-id>
      <journal-title-group>
        <journal-title>Gosudarstvo, religiia, tserkov' v Rossii i za rubezhom </journal-title>
        <abbrev-journal-title abbrev-type="nlm-ta" />
      </journal-title-group>
      <issn pub-type="ppub" />
      <issn pub-type="epub" />
    </journal-meta>
    <article-meta>
      <article-id pub-id-type="manuscript" />
      <article-categories>
        <subj-group subj-group-type="article_type">
          <subject>Research article</subject>
        </subj-group>
        <subj-group subj-group-type="subject_areas">
          <subject> </subject>
      </subj-group>
      </article-categories>
      <title-group>
        <article-title>Microhistory of the Failed Apocalypse: The Village of Podavikha and Its Inhabitants in August–December 1932</article-title>
        <alt-title alt-title-type="running" />
      </title-group>
      <contrib-group>
        <contrib contrib-type="author">
          <name>
            <surname>Kazankov</surname>
            <given-names>Alexander</given-names>
          </name>
          <email />
          <role content-type="1" />
          <xref ref-type="aff" rid="aff1" />
        </contrib>
        <aff id="aff1">
          <institution />
          <addr-line content-type="addrline1" />
          <addr-line content-type="city" />
          <addr-line content-type="state" />
          <addr-line content-type="zipcode" />
          <addr-line content-type="country" />
      </aff>
      </contrib-group>
      <pub-date pub-type="epub" />
      <pub-date pub-type="ppub" />
      <elocation-id />
      <history>
        <date data-type="received">
          <day />
          <month />
          <year>2018</year>
      </date>
      </history>
      <permissions>
        <copyright-statement>Russian Presidential Academy of National Economy and Public Administration.</copyright-statement>
        <copyright-year>© 2018</copyright-year>
      </permissions>
      <abstract>
        <b>This article provides a phenomenological interpretation of the eschatological experience of the participants in the movement that captured the Kungur and Ordinsky districts of what is now Perm Territory in the second half of 1932. Its center was the small village of Podavikha. During the movement’s liquidation by the the OGPU, the leadership and parish clergy of Kungur eparchy were unsure of their position in relation to what had happened. Someone put the name “Ivanovskaya secta” into circulation, after the movement’s spiritual leader, Protopriest Ivan Kotelnikov. Others assert that the participants of the movement remained within the church, and “there is no division”. Based on sources stored in the Perm State Archives of Social and Political History (PermGASPI), this article shows that the nucleus of the eschatological attitude of the inhabitants of Podavikha was formed from two elements: the experience of a victorious struggle against the “renewal schism” in 1924 and the trauma caused by the process of collectivization.</b>
      </abstract>
      <kwd-group>
        <kwd>Orthodox Church</kwd>
        <kwd>Perm Krai</kwd>
        <kwd>clergy</kwd>
        <kwd>peasants</kwd>
        <kwd>apocalypse</kwd>
        <kwd>Soviet Russia.</kwd>
      </kwd-group>
      <counts>
        <table-count count="0" />
        <page-count count="0" />
      </counts>
    </article-meta>
  </front>
</article>
