<?xml version='1.0' encoding='UTF-8'?>
<article xmlns:xlink="http://www.w3.org/1999/xlink" dtd-version="1.1">
  <front>
    <journal-meta>
      <journal-id jjournal-id-type="publisher">GRC</journal-id>
      <journal-title-group>
        <journal-title>Gosudarstvo, religiia, tserkov' v Rossii i za rubezhom </journal-title>
        <abbrev-journal-title abbrev-type="nlm-ta" />
      </journal-title-group>
      <issn pub-type="ppub" />
      <issn pub-type="epub" />
    </journal-meta>
    <article-meta>
      <article-id pub-id-type="manuscript" />
      <article-categories>
        <subj-group subj-group-type="article_type">
          <subject>Research article</subject>
        </subj-group>
        <subj-group subj-group-type="subject_areas">
          <subject> </subject>
      </subj-group>
      </article-categories>
      <title-group>
        <article-title>On the Benefits of Discussions and Metanarratives: Ten Theses</article-title>
        <alt-title alt-title-type="running" />
      </title-group>
      <contrib-group>
        <contrib contrib-type="author">
          <name>
            <surname>Starodubrovskaya</surname>
            <given-names>Irina</given-names>
          </name>
          <email />
          <role content-type="1" />
          <xref ref-type="aff" rid="aff1" />
        </contrib>
        <aff id="aff1">
          <institution />
          <addr-line content-type="addrline1" />
          <addr-line content-type="city" />
          <addr-line content-type="state" />
          <addr-line content-type="zipcode" />
          <addr-line content-type="country" />
      </aff>
      </contrib-group>
      <pub-date pub-type="epub" />
      <pub-date pub-type="ppub" />
      <elocation-id />
      <history>
        <date data-type="received">
          <day />
          <month />
          <year>2018</year>
      </date>
      </history>
      <permissions>
        <copyright-statement>Russian Presidential Academy of National Economy and Public Administration.</copyright-statement>
        <copyright-year>© 2018</copyright-year>
      </permissions>
      <abstract>
        <b>This article is a response to Vladimir Bobrovnikov’s critical review of the issue of the journal State, Religion and Church in Russia and Worldwide devoted to the Islamic reformation. Discussion with the reviewer concentrates on two different issues. First is the organization of interdisciplinary dialogue, its goals, rules and conditions of success. The author of the article thinks that such dialogue should not lead to total agreement on some common concept but should consist of a regular exchange of ideas and a search for common ground while adhering to the ethics of communication and respect for opponents. Second is the possibility of research into the contemporary Islamic world using metanarratives in general and the modernization paradigm in particular. The article explains the difference between modernization theories in wide and narrow senses, clarifies the methodological value of early modernization theories and justifies the especially important role of the post-Soviet period in the disruption of traditional culture in the North Caucasus.</b>
      </abstract>
      <kwd-group>
        <kwd>interdisciplinary dialogue</kwd>
        <kwd>Muslims</kwd>
        <kwd>North Caucasus</kwd>
        <kwd>metanarrative</kwd>
        <kwd>modernization paradigm</kwd>
        <kwd>traditional society.</kwd>
      </kwd-group>
      <counts>
        <table-count count="0" />
        <page-count count="0" />
      </counts>
    </article-meta>
  </front>
</article>
