<?xml version='1.0' encoding='UTF-8'?>
<article xmlns:xlink="http://www.w3.org/1999/xlink" dtd-version="1.1">
  <front>
    <journal-meta>
      <journal-id jjournal-id-type="publisher">State, Religion and Church in Russia and Worldwide</journal-id>
      <journal-title-group>
        <journal-title>Gosudarstvo, religiia, tserkov' v Rossii i za rubezhom</journal-title>
        <abbrev-journal-title abbrev-type="nlm-ta" />
      </journal-title-group>
      <issn pub-type="ppub" />
      <issn pub-type="epub" />
    </journal-meta>
    <article-meta>
      <article-id pub-id-type="manuscript" />
      <article-categories>
        <subj-group subj-group-type="article_type">
          <subject>Research article</subject>
        </subj-group>
        <subj-group subj-group-type="subject_areas" />
      </article-categories>
      <title-group>
        <article-title>Religion in Postsecular Society</article-title>
        <alt-title alt-title-type="running" />
      </title-group>
      <contrib-group>
        <contrib contrib-type="author">
          <name>
            <surname>Turner</surname>
            <given-names>Bryan S.</given-names>
          </name>
          <email />
          <role content-type="1" />
          <xref ref-type="aff" rid="aff1" />
        </contrib>
        <aff id="aff1">
          <institution />
          <addr-line content-type="addrline1" />
          <addr-line content-type="city" />
          <addr-line content-type="state" />
          <addr-line content-type="zipcode" />
          <addr-line content-type="country" />
      </aff>
      </contrib-group>
      <pub-date pub-type="epub" />
      <pub-date pub-type="ppub" />
      <elocation-id />
      <history>
        <date data-type="received">
          <day />
          <month />
          <year>2012</year>
      </date>
      </history>
      <permissions>
        <copyright-statement>Russian Presidential Academy of National Economy and Public Administration.</copyright-statement>
        <copyright-year>© 2012</copyright-year>
      </permissions>
      <abstract>
        <b>The author deals with the new functions of religion and the sacred in societies that are dubbed «postsecular». He makes an overview of famous social philosophers, such as Habermas, Taylor, Rorty and others, who write about religion and the secular. The author believes that philosophers often ignore the empirical reality and the sociological data and concentrate upon «beliefs» instead of deeper levels of social imbedding of religion, religious practices, and everyday behavior and values. The shift of focus would suggest an emphasis upon new forms of religiosity and spirituality largely triggered and disseminated by globalization. The author distinguishes «political» (public) and «social» secularization; if the former trend is reversed by a return of religions into the public sphere, the latter one shows not so much the revival but rather the appearance of new forms of religiosity, whose sociological base has to do with the late modern pattern of «thin solidarities» (instead of «thick solidarities» of earlier times).</b>
      </abstract>
      <kwd-group>
        <kwd>secularization</kwd>
        <kwd>religious practices</kwd>
        <kwd>spirituality</kwd>
        <kwd>globalization</kwd>
        <kwd>social solidarity.</kwd>
      </kwd-group>
      <counts>
        <table-count count="0" />
        <page-count count="0" />
      </counts>
    </article-meta>
  </front>
</article>
