<?xml version='1.0' encoding='UTF-8'?>
<article xmlns:xlink="http://www.w3.org/1999/xlink" dtd-version="1.1">
  <front>
    <journal-meta>
      <journal-id jjournal-id-type="publisher">State, Religion and Church in Russia and Worldwide</journal-id>
      <journal-title-group>
        <journal-title>Gosudarstvo, religiia, tserkov' v Rossii i za rubezhom</journal-title>
        <abbrev-journal-title abbrev-type="nlm-ta" />
      </journal-title-group>
      <issn pub-type="ppub" />
      <issn pub-type="epub" />
    </journal-meta>
    <article-meta>
      <article-id pub-id-type="manuscript" />
      <article-categories>
        <subj-group subj-group-type="article_type">
          <subject>Research article</subject>
        </subj-group>
        <subj-group subj-group-type="subject_areas" />
      </article-categories>
      <title-group>
        <article-title>Post-Secular Conceptualization of Religion: Formulating the Problem</article-title>
        <alt-title alt-title-type="running" />
      </title-group>
      <contrib-group>
        <contrib contrib-type="author">
          <name>
            <surname>Kyrlezhev</surname>
            <given-names>Alexander</given-names>
          </name>
          <email />
          <role content-type="1" />
          <xref ref-type="aff" rid="aff1" />
        </contrib>
        <aff id="aff1">
          <institution />
          <addr-line content-type="addrline1" />
          <addr-line content-type="city" />
          <addr-line content-type="state" />
          <addr-line content-type="zipcode" />
          <addr-line content-type="country" />
      </aff>
      </contrib-group>
      <pub-date pub-type="epub" />
      <pub-date pub-type="ppub" />
      <elocation-id />
      <history>
        <date data-type="received">
          <day />
          <month />
          <year>2012</year>
      </date>
      </history>
      <permissions>
        <copyright-statement>Russian Presidential Academy of National Economy and Public Administration.</copyright-statement>
        <copyright-year>© 2012</copyright-year>
      </permissions>
      <abstract>
        <b>The author develops a new conception of religion appropriate for modern post-secular conditions. In these conditions, neither secular model of religion, typical to Modernity, nor pre-secular understanding of religion / religiosity can be considered as fitting to socio-cultural reality. It is especially stressed that secular understanding of premodern religion distorts religion’s nature by allotting it a fixed and therefore limited place in line with the idea and practice of functional differentiation typical to European societies of the Modern age. In this way the article unpacks the «hidden» worldview behind the secularism as ideology. The main assumption of the author is that «religious» should be regarded as one side of a two-sided socio-cultural whole (the second side is «eternal» secular) and that this scheme fits for different historical periods and particular sociocultural settings.</b>
      </abstract>
      <kwd-group>
        <kwd>religion</kwd>
        <kwd>world-view</kwd>
        <kwd>secular</kwd>
        <kwd>secularism</kwd>
        <kwd>functional differentiation</kwd>
        <kwd>socio-cultural pole.</kwd>
      </kwd-group>
      <counts>
        <table-count count="0" />
        <page-count count="0" />
      </counts>
    </article-meta>
  </front>
</article>
