<?xml version='1.0' encoding='UTF-8'?>
<article xmlns:xlink="http://www.w3.org/1999/xlink" dtd-version="1.1">
  <front>
    <journal-meta>
      <journal-id jjournal-id-type="publisher">State, Religion and Church in Russia and Worldwide</journal-id>
      <journal-title-group>
        <journal-title>Gosudarstvo, religiia, tserkov' v Rossii i za rubezhom</journal-title>
        <abbrev-journal-title abbrev-type="nlm-ta" />
      </journal-title-group>
      <issn pub-type="ppub" />
      <issn pub-type="epub" />
    </journal-meta>
    <article-meta>
      <article-id pub-id-type="manuscript" />
      <article-categories>
        <subj-group subj-group-type="article_type">
          <subject>Research article</subject>
        </subj-group>
        <subj-group subj-group-type="subject_areas" />
      </article-categories>
      <title-group>
        <article-title>Section for the Study of Religions of the USSR at the Museum of the History of Religion Academy of Sciences of USSR (1934)</article-title>
        <alt-title alt-title-type="running" />
      </title-group>
      <contrib-group>
        <contrib contrib-type="author">
          <name>
            <surname>Shakhnovitch</surname>
            <given-names>Marianna</given-names>
          </name>
          <email />
          <role content-type="1" />
          <xref ref-type="aff" rid="aff1" />
        </contrib>
        <aff id="aff1">
          <institution />
          <addr-line content-type="addrline1" />
          <addr-line content-type="city" />
          <addr-line content-type="state" />
          <addr-line content-type="zipcode" />
          <addr-line content-type="country" />
      </aff>
      </contrib-group>
      <pub-date pub-type="epub" />
      <pub-date pub-type="ppub" />
      <elocation-id />
      <history>
        <date data-type="received">
          <day />
          <month />
          <year>2013</year>
      </date>
      </history>
      <permissions>
        <copyright-statement>Russian Presidential Academy of National Economy and Public Administration.</copyright-statement>
        <copyright-year>© 2013</copyright-year>
      </permissions>
      <abstract>
        <b>The publication presents the protocols of two meetings of the Section for the Study of Religions of the USSR headed by Nikolay Matorin in 1934. One was devoted to domestic Orthodoxy in Luga region, the other — to the pre-Christian beliefs of Eastern Slavs. Protocols show not only various aspects of the research work of the section, but also represent a complete program of study of the religious practices in the USSR, which was created by Matorin and his associates and then interrupted by Stalinist persecutions. The publication is accompanied by an introductory article and comments.</b>
      </abstract>
      <kwd-group>
        <kwd>religious practice</kwd>
        <kwd>domestic Orthodoxy</kwd>
        <kwd>pre-Christian beliefs of the Eastern Slavs</kwd>
        <kwd>the study of religion in the 1930s in the USSR</kwd>
        <kwd>Nikolay Matorin.</kwd>
      </kwd-group>
      <counts>
        <table-count count="0" />
        <page-count count="0" />
      </counts>
    </article-meta>
  </front>
</article>
