<?xml version='1.0' encoding='UTF-8'?>
<article xmlns:xlink="http://www.w3.org/1999/xlink" dtd-version="1.1">
  <front>
    <journal-meta>
      <journal-id jjournal-id-type="publisher">GRC</journal-id>
      <journal-title-group>
        <journal-title>Gosudarstvo, religiia, tserkov' v Rossii i za rubezhom </journal-title>
        <abbrev-journal-title abbrev-type="nlm-ta" />
      </journal-title-group>
      <issn pub-type="ppub" />
      <issn pub-type="epub" />
    </journal-meta>
    <article-meta>
      <article-id pub-id-type="manuscript" />
      <article-categories>
        <subj-group subj-group-type="article_type">
          <subject>Research article</subject>
        </subj-group>
        <subj-group subj-group-type="subject_areas">
          <subject> </subject>
      </subj-group>
      </article-categories>
      <title-group>
        <article-title>The Absorption of Occult Traditions into Early Modern Natural Philosophy: A New Account of the Decline of Magic</article-title>
        <alt-title alt-title-type="running" />
      </title-group>
      <contrib-group>
        <contrib contrib-type="author">
          <name>
            <surname>Henry</surname>
            <given-names>John</given-names>
          </name>
          <email />
          <role content-type="1" />
          <xref ref-type="aff" rid="aff1" />
        </contrib>
        <aff id="aff1">
          <institution />
          <addr-line content-type="addrline1" />
          <addr-line content-type="city" />
          <addr-line content-type="state" />
          <addr-line content-type="zipcode" />
          <addr-line content-type="country" />
      </aff>
      </contrib-group>
      <pub-date pub-type="epub" />
      <pub-date pub-type="ppub" />
      <elocation-id />
      <history>
        <date data-type="received">
          <day />
          <month />
          <year>2013</year>
      </date>
      </history>
      <permissions>
        <copyright-statement>Russian Presidential Academy of National Economy and Public Administration.</copyright-statement>
        <copyright-year>© 2013</copyright-year>
      </permissions>
      <abstract>
        <b>This paper explores different ways of using occult teachings and, first of all, magical tradition in the process of development of modern European science. The author argues against a widespread opinion that modern science appeared as a clear antithesis to pre-scientific forms of research and knowledge; using concrete examples, he claims that certain elements of occult traditions (first of all, natural magic) were included into a new natural philosophy which substituted the old Aristotelian one, while other elements (f. e. demonology) were discarded; the later notion that magic could be reduced to only these discarded elements has proven to be wrong.</b>
      </abstract>
      <kwd-group>
        <kwd>natural philosophy</kwd>
        <kwd>natural and supernatural magic</kwd>
        <kwd>alchemy</kwd>
        <kwd>demonology</kwd>
        <kwd>mathematics</kwd>
        <kwd>Hermeticism</kwd>
        <kwd>Aristotelianism.</kwd>
      </kwd-group>
      <counts>
        <table-count count="0" />
        <page-count count="0" />
      </counts>
    </article-meta>
  </front>
</article>
