<?xml version='1.0' encoding='UTF-8'?>
<article xmlns:xlink="http://www.w3.org/1999/xlink" dtd-version="1.1">
  <front>
    <journal-meta>
      <journal-id jjournal-id-type="publisher">State, Religion and Church in Russia and Worldwide</journal-id>
      <journal-title-group>
        <journal-title>Gosudarstvo, religiia, tserkov' v Rossii i za rubezhom</journal-title>
        <abbrev-journal-title abbrev-type="nlm-ta" />
      </journal-title-group>
      <issn pub-type="ppub" />
      <issn pub-type="epub" />
    </journal-meta>
    <article-meta>
      <article-id pub-id-type="manuscript" />
      <article-categories>
        <subj-group subj-group-type="article_type">
          <subject>Research article</subject>
        </subj-group>
        <subj-group subj-group-type="subject_areas" />
      </article-categories>
      <title-group>
        <article-title>Laughing at Credulity and Superstition in the Long Eighteenth Century</article-title>
        <alt-title alt-title-type="running" />
      </title-group>
      <contrib-group>
        <contrib contrib-type="author">
          <name>
            <surname>Coudert</surname>
            <given-names>Allison</given-names>
          </name>
          <email />
          <role content-type="1" />
          <xref ref-type="aff" rid="aff1" />
        </contrib>
        <aff id="aff1">
          <institution />
          <addr-line content-type="addrline1" />
          <addr-line content-type="city" />
          <addr-line content-type="state" />
          <addr-line content-type="zipcode" />
          <addr-line content-type="country" />
      </aff>
      </contrib-group>
      <pub-date pub-type="epub" />
      <pub-date pub-type="ppub" />
      <elocation-id />
      <history>
        <date data-type="received">
          <day />
          <month />
          <year>2013</year>
      </date>
      </history>
      <permissions>
        <copyright-statement>Russian Presidential Academy of National Economy and Public Administration.</copyright-statement>
        <copyright-year>© 2013</copyright-year>
      </permissions>
      <abstract>
        <b>The early modern time was a period of cardinal changes in European cultures and worldviews. Trade, travel, and exploration, together with the wars of religion precipitated by the Protestant Reformation and the startling new developments in the natural sciences, psychology and epistemology, shattered the teleologically and hierarchically ordered Aristotelian-Ptolemaic cosmos. With the demise of this worldview went the framework that had existed for some two thousand years allowing Europeans to understand the world, their place in it, their purpose and identity. This was a time of unmasking, dismantling and satirizing of dominant truths, most of all, the truths of Christianity. Laughing, jokes and parodies were tools of reconstructing European identities. The author draws upon a variety of examples from literature and art of the era, mostly on British material.</b>
      </abstract>
      <kwd-group>
        <kwd>Eighteenth century</kwd>
        <kwd>humor</kwd>
        <kwd>satire</kwd>
        <kwd>parody</kwd>
        <kwd>scientific revolution</kwd>
        <kwd>Age of Discovery</kwd>
        <kwd>desacralization of the world.</kwd>
      </kwd-group>
      <counts>
        <table-count count="0" />
        <page-count count="0" />
      </counts>
    </article-meta>
  </front>
</article>
