<?xml version='1.0' encoding='UTF-8'?>
<article xmlns:xlink="http://www.w3.org/1999/xlink" dtd-version="1.1">
  <front>
    <journal-meta>
      <journal-id jjournal-id-type="publisher">GRC</journal-id>
      <journal-title-group>
        <journal-title>Gosudarstvo, religiia, tserkov' v Rossii i za rubezhom </journal-title>
        <abbrev-journal-title abbrev-type="nlm-ta" />
      </journal-title-group>
      <issn pub-type="ppub" />
      <issn pub-type="epub" />
    </journal-meta>
    <article-meta>
      <article-id pub-id-type="manuscript" />
      <article-categories>
        <subj-group subj-group-type="article_type">
          <subject>Research article</subject>
        </subj-group>
        <subj-group subj-group-type="subject_areas">
          <subject> </subject>
      </subj-group>
      </article-categories>
      <title-group>
        <article-title>«We created something like a small alternative history of ideas…»</article-title>
        <alt-title alt-title-type="running" />
      </title-group>
      <contrib-group>
        <contrib contrib-type="author">
          <name>
            <surname>Kasavin</surname>
            <given-names>Ilia</given-names>
          </name>
          <email />
          <role content-type="1" />
          <xref ref-type="aff" rid="aff1" />
        </contrib>
        <aff id="aff1">
          <institution />
          <addr-line content-type="addrline1" />
          <addr-line content-type="city" />
          <addr-line content-type="state" />
          <addr-line content-type="zipcode" />
          <addr-line content-type="country" />
      </aff>
      </contrib-group>
      <pub-date pub-type="epub" />
      <pub-date pub-type="ppub" />
      <elocation-id />
      <history>
        <date data-type="received">
          <day />
          <month />
          <year>2013</year>
      </date>
      </history>
      <permissions>
        <copyright-statement>Russian Presidential Academy of National Economy and Public Administration.</copyright-statement>
        <copyright-year>© 2013</copyright-year>
      </permissions>
      <abstract>
        <b>This is an interview with a known Russian philosopher Ilia Kasavin, a specialist in epistemology and philosophy of culture and religion. Dr. Kasavin deals with two issues. One is history of philosophical research of these subjects in the USSR and in post-Soviet Russia, in which he was directly involved. The second concerns major trends in perception of religious, mythological and magical worldviews within the philosophy of knowledge. The interaction between science and non-science were complex in the Middle Ages and Early Modern times, but this interaction, if mostly in hidden form, does persist even now when the hegemony of science is questioned.</b>
      </abstract>
      <kwd-group>
        <kwd>non-scientific forms of knowledge</kwd>
        <kwd>magic</kwd>
        <kwd>myth</kwd>
        <kwd>institutionalization of science</kwd>
        <kwd>religion and scientific revolution</kwd>
        <kwd>Paul Feyerabend.</kwd>
      </kwd-group>
      <counts>
        <table-count count="0" />
        <page-count count="0" />
      </counts>
    </article-meta>
  </front>
</article>
