<?xml version='1.0' encoding='UTF-8'?>
<article xmlns:xlink="http://www.w3.org/1999/xlink" dtd-version="1.1">
  <front>
    <journal-meta>
      <journal-id jjournal-id-type="publisher">GRC</journal-id>
      <journal-title-group>
        <journal-title>Gosudarstvo, religiia, tserkov' v Rossii i za rubezhom </journal-title>
        <abbrev-journal-title abbrev-type="nlm-ta" />
      </journal-title-group>
      <issn pub-type="ppub" />
      <issn pub-type="epub" />
    </journal-meta>
    <article-meta>
      <article-id pub-id-type="manuscript" />
      <article-categories>
        <subj-group subj-group-type="article_type">
          <subject>Research article</subject>
        </subj-group>
        <subj-group subj-group-type="subject_areas">
          <subject> </subject>
      </subj-group>
      </article-categories>
      <title-group>
        <article-title>Orthodox Vision of the Modern World. Context, Нistory and Meaning of the Synodal Document on Church Mission</article-title>
        <alt-title alt-title-type="running" />
      </title-group>
      <contrib-group>
        <contrib contrib-type="author">
          <name>
            <surname>Agadjanian</surname>
            <given-names>Alexander</given-names>
          </name>
          <email />
          <role content-type="1" />
          <xref ref-type="aff" rid="aff1" />
        </contrib>
        <aff id="aff1">
          <institution />
          <addr-line content-type="addrline1" />
          <addr-line content-type="city" />
          <addr-line content-type="state" />
          <addr-line content-type="zipcode" />
          <addr-line content-type="country" />
      </aff>
      </contrib-group>
      <pub-date pub-type="epub" />
      <pub-date pub-type="ppub" />
      <elocation-id />
      <history>
        <date data-type="received">
          <day />
          <month />
          <year>2016</year>
      </date>
      </history>
      <permissions>
        <copyright-statement>Russian Presidential Academy of National Economy and Public Administration.</copyright-statement>
        <copyright-year>© 2016</copyright-year>
      </permissions>
      <abstract>
        <b>The paper deals with the history and the theological context of the document “The Mission of the Orthodox Church in Today’s World,” to be presented and adopted by the Pan-Orthodox Council in 2016. The paper makes an overview of Western-Christian and Eastern Orthodox intellectual and theological resources that had an impact upon the discussions over the document and its final text. Debates and arguments that occurred throughout the process showed various theological and political orientations existing within the Orthodox churches. The analysis of the document’s content, its assertions, compromises and silences helps to make an overall assessment of the Orthodox vision of today’s world.</b>
      </abstract>
      <kwd-group>
        <kwd>Pan-Orthodox Council</kwd>
        <kwd>mission of the Orthodox Church</kwd>
        <kwd>secularism</kwd>
        <kwd>human person</kwd>
        <kwd>freedom</kwd>
        <kwd>morality</kwd>
        <kwd>conservatism.</kwd>
      </kwd-group>
      <counts>
        <table-count count="0" />
        <page-count count="0" />
      </counts>
    </article-meta>
  </front>
</article>
