<?xml version='1.0' encoding='UTF-8'?>
<article xmlns:xlink="http://www.w3.org/1999/xlink" dtd-version="1.1">
  <front>
    <journal-meta>
      <journal-id jjournal-id-type="publisher">GRC</journal-id>
      <journal-title-group>
        <journal-title>Gosudarstvo, religiia, tserkov' v Rossii i za rubezhom </journal-title>
        <abbrev-journal-title abbrev-type="nlm-ta" />
      </journal-title-group>
      <issn pub-type="ppub" />
      <issn pub-type="epub" />
    </journal-meta>
    <article-meta>
      <article-id pub-id-type="manuscript" />
      <article-categories>
        <subj-group subj-group-type="article_type">
          <subject>Research article</subject>
        </subj-group>
        <subj-group subj-group-type="subject_areas">
          <subject> </subject>
      </subj-group>
      </article-categories>
      <title-group>
        <article-title>Debates About the Right to Convoke Pan-Orthodox Council in the End of the 19th and the First Half of the 20th Century</article-title>
        <alt-title alt-title-type="running" />
      </title-group>
      <contrib-group>
        <contrib contrib-type="author">
          <name>
            <surname>Ermilov</surname>
            <given-names>Pavel</given-names>
          </name>
          <email />
          <role content-type="1" />
          <xref ref-type="aff" rid="aff1" />
        </contrib>
        <aff id="aff1">
          <institution />
          <addr-line content-type="addrline1" />
          <addr-line content-type="city" />
          <addr-line content-type="state" />
          <addr-line content-type="zipcode" />
          <addr-line content-type="country" />
      </aff>
      </contrib-group>
      <pub-date pub-type="epub" />
      <pub-date pub-type="ppub" />
      <elocation-id />
      <history>
        <date data-type="received">
          <day />
          <month />
          <year>2016</year>
      </date>
      </history>
      <permissions>
        <copyright-statement>Russian Presidential Academy of National Economy and Public Administration.</copyright-statement>
        <copyright-year>© 2016</copyright-year>
      </permissions>
      <abstract>
        <b>The author examines the question of who has the right to convoke a Pan-Orthodox Council with references to contemporary historical circumstances. He proves that this right never exclusively belonged to the Patriarch of Constantinople, technically the first among equals, and this was accepted by some among Greeks. The attempt to grant this right to the Patriarch of Constantinople stems from the situation shaped just after the fall of the Russian Empire when a battle for primacy started to unfold. On the other hand, the idea of a collective convocation of a future Pan-Orthodox Council developed during the first half of the twentieth century. In spite of this, representatives of the Orthodox Churches agreed in 1968 that the right to convoke the hypothetical council did indeed belong to the Patriarch of Constantinople but always with prior agreement of the chief hierarchs of other autocephalous churches. The author shows that this decision was reached as a type of temporary compromise solution rather than a logical conclusion of previous discussions.</b>
      </abstract>
      <kwd-group>
        <kwd>Pan-Orthodox Council</kwd>
        <kwd>Ecumenical Council</kwd>
        <kwd>Pan- Orthodox Conference</kwd>
        <kwd>Patriarch of Constantinople</kwd>
        <kwd>Right to Convoke a Council.</kwd>
      </kwd-group>
      <counts>
        <table-count count="0" />
        <page-count count="0" />
      </counts>
    </article-meta>
  </front>
</article>
