<?xml version='1.0' encoding='UTF-8'?>
<article xmlns:xlink="http://www.w3.org/1999/xlink" dtd-version="1.1">
  <front>
    <journal-meta>
      <journal-id jjournal-id-type="publisher">State, Religion and Church in Russia and Worldwide</journal-id>
      <journal-title-group>
        <journal-title>Gosudarstvo, religiia, tserkov' v Rossii i za rubezhom</journal-title>
        <abbrev-journal-title abbrev-type="nlm-ta" />
      </journal-title-group>
      <issn pub-type="ppub" />
      <issn pub-type="epub" />
    </journal-meta>
    <article-meta>
      <article-id pub-id-type="manuscript" />
      <article-categories>
        <subj-group subj-group-type="article_type">
          <subject>Research article</subject>
        </subj-group>
        <subj-group subj-group-type="subject_areas" />
      </article-categories>
      <title-group>
        <article-title>Eucharist, Councils and Primacy</article-title>
        <alt-title alt-title-type="running" />
      </title-group>
      <contrib-group>
        <contrib contrib-type="author">
          <name>
            <surname>Papanikolaou</surname>
            <given-names>Aristotle</given-names>
          </name>
          <email />
          <role content-type="1" />
          <xref ref-type="aff" rid="aff1" />
        </contrib>
        <aff id="aff1">
          <institution />
          <addr-line content-type="addrline1" />
          <addr-line content-type="city" />
          <addr-line content-type="state" />
          <addr-line content-type="zipcode" />
          <addr-line content-type="country" />
      </aff>
      </contrib-group>
      <pub-date pub-type="epub" />
      <pub-date pub-type="ppub" />
      <elocation-id />
      <history>
        <date data-type="received">
          <day />
          <month />
          <year>2016</year>
      </date>
      </history>
      <permissions>
        <copyright-statement>Russian Presidential Academy of National Economy and Public Administration.</copyright-statement>
        <copyright-year>© 2016</copyright-year>
      </permissions>
      <abstract>
        <b>My task in this essay is simple: to critically examine the relation between councils and episcopal primacy in light of eucharistic ecclesiology. The critical lens will be on both eucharistic ecclesiology (is it theologically correct to say that the church is most church in the celebration of the Eucharist?), and on conclusions about the relation between councils and episcopal primacy (even if the church is realized in the eucharistic celebration, does the logic of eucharistic ecclesiology lead toward the affirmation of a universal episcopal primate who presides over a pan-Orthodox council?). The hope is that this question will not be driven by the psycho-dynamics of self-identification vis-àvis the proximate other, and that theology could serve a critical tool that challenges the Church to be the Church.</b>
      </abstract>
      <kwd-group>
        <kwd>church</kwd>
        <kwd>eucharistic ecclesiology</kwd>
        <kwd>baptismal ecclesiology</kwd>
        <kwd>councils</kwd>
        <kwd>bishops</kwd>
        <kwd>primacy</kwd>
        <kwd>theology.</kwd>
      </kwd-group>
      <counts>
        <table-count count="0" />
        <page-count count="0" />
      </counts>
    </article-meta>
  </front>
</article>
