<?xml version='1.0' encoding='UTF-8'?>
<article xmlns:xlink="http://www.w3.org/1999/xlink" dtd-version="1.1">
  <front>
    <journal-meta>
      <journal-id jjournal-id-type="publisher">GRC</journal-id>
      <journal-title-group>
        <journal-title>Gosudarstvo, religiia, tserkov' v Rossii i za rubezhom </journal-title>
        <abbrev-journal-title abbrev-type="nlm-ta" />
      </journal-title-group>
      <issn pub-type="ppub" />
      <issn pub-type="epub" />
    </journal-meta>
    <article-meta>
      <article-id pub-id-type="manuscript" />
      <article-categories>
        <subj-group subj-group-type="article_type">
          <subject>Research article</subject>
        </subj-group>
        <subj-group subj-group-type="subject_areas">
          <subject> </subject>
      </subj-group>
      </article-categories>
      <title-group>
        <article-title>All-Russian Church Council of 1917–1918 as a Phenomenon of the Conciliar Practice of the Church</article-title>
        <alt-title alt-title-type="running" />
      </title-group>
      <contrib-group>
        <contrib contrib-type="author">
          <name>
            <surname>Beglov</surname>
            <given-names>Aleksey</given-names>
          </name>
          <email />
          <role content-type="1" />
          <xref ref-type="aff" rid="aff1" />
        </contrib>
        <aff id="aff1">
          <institution />
          <addr-line content-type="addrline1" />
          <addr-line content-type="city" />
          <addr-line content-type="state" />
          <addr-line content-type="zipcode" />
          <addr-line content-type="country" />
      </aff>
      </contrib-group>
      <pub-date pub-type="epub" />
      <pub-date pub-type="ppub" />
      <elocation-id />
      <history>
        <date data-type="received">
          <day />
          <month />
          <year>2016</year>
      </date>
      </history>
      <permissions>
        <copyright-statement>Russian Presidential Academy of National Economy and Public Administration.</copyright-statement>
        <copyright-year>© 2016</copyright-year>
      </permissions>
      <abstract>
        <b>The author considers All-Russian Church Council of 1917 – 1918th as a special phenomenon of the conciliar practice of the Orthodox Church. He analyses the composition and arrangement of the Council in its historical context, paying particular attention to the role of the laity and bishops. A strong representation of laity allowed to avoid the conflict between married and monastic clergy. In addition, this system of representation was the visible realization of the idea of sobornost’, which the Council of 1917 – 1918th considered to be essential to restore. Thus, it built a balance between the principle of sobornost’ and the Church as hierarchy based upon the principle of apostolicity. The latter was implemented by the special role played by the bishops’ meeting, which acted as dogmatic and canonical “filter”, testing the decisions, adopted at the Council. The article then explores the previsions for the future All-Russian local councils which were supposed to undergo important changes in composition and functions.</b>
      </abstract>
      <kwd-group>
        <kwd>the history of Russia in the 20th century</kwd>
        <kwd>the Russian Orthodox Church</kwd>
        <kwd>all-Russian local Council of 1917 – 1918</kwd>
        <kwd>the conciliar practice</kwd>
        <kwd>the local and bishops’ councils</kwd>
        <kwd>the electoral Council</kwd>
        <kwd>the laity in Christian Church.</kwd>
      </kwd-group>
      <counts>
        <table-count count="0" />
        <page-count count="0" />
      </counts>
    </article-meta>
  </front>
</article>
