<?xml version='1.0' encoding='UTF-8'?>
<article xmlns:xlink="http://www.w3.org/1999/xlink" dtd-version="1.1">
  <front>
    <journal-meta>
      <journal-id jjournal-id-type="publisher">State, Religion and Church in Russia and Worldwide</journal-id>
      <journal-title-group>
        <journal-title>Gosudarstvo, religiia, tserkov' v Rossii i za rubezhom</journal-title>
        <abbrev-journal-title abbrev-type="nlm-ta" />
      </journal-title-group>
      <issn pub-type="ppub" />
      <issn pub-type="epub" />
    </journal-meta>
    <article-meta>
      <article-id pub-id-type="manuscript" />
      <article-categories>
        <subj-group subj-group-type="article_type">
          <subject>Research article</subject>
        </subj-group>
        <subj-group subj-group-type="subject_areas" />
      </article-categories>
      <title-group>
        <article-title>Orthodox Commonwealth: A Typology of Autocephalous Churches</article-title>
        <alt-title alt-title-type="running" />
      </title-group>
      <contrib-group>
        <contrib contrib-type="author">
          <name>
            <surname>Kyrlezhev</surname>
            <given-names>Alexander</given-names>
          </name>
          <email />
          <role content-type="1" />
          <xref ref-type="aff" rid="aff1" />
        </contrib>
        <aff id="aff1">
          <institution />
          <addr-line content-type="addrline1" />
          <addr-line content-type="city" />
          <addr-line content-type="state" />
          <addr-line content-type="zipcode" />
          <addr-line content-type="country" />
      </aff>
      </contrib-group>
      <pub-date pub-type="epub" />
      <pub-date pub-type="ppub" />
      <elocation-id />
      <history>
        <date data-type="received">
          <day />
          <month />
          <year>2016</year>
      </date>
      </history>
      <permissions>
        <copyright-statement>Russian Presidential Academy of National Economy and Public Administration.</copyright-statement>
        <copyright-year>© 2016</copyright-year>
      </permissions>
      <abstract>
        <b>The paper explores the relationships between the fourteen independent Eastern Orthodox churches making part of a so called diptychon — a list of churches placed in order of “honor”. These fourteen churches take part at the Pan-Orthodox Council in June 2016. The author firstly defines the current meaning of church “autocephalous” status and then creates a typology of the Orthodox ecclesiastical subjects drawing upon history, current situation, and structural features. The paper concludes that any strict typology is impossible to develop, while the differences in particular aspects would not help to represent the configuration of the entire Orthodox commonwealth. Instead, the paper develops grouping by certain paradigms: national/transnational; anachronic/diachronic, national/imperial. Also, the paper introduces a new paradigm of a “diffused church” that overlaps with the above paradigms. The paper then deals with the distinction between the “symbolic” and the “real” aspects of church constitution and church self-perception.</b>
      </abstract>
      <kwd-group>
        <kwd>Orthodox Church</kwd>
        <kwd>autocephaly</kwd>
        <kwd>typology of Orthodox Churches</kwd>
        <kwd>church-organizational paradigm</kwd>
        <kwd>nation</kwd>
        <kwd>empire</kwd>
        <kwd>Diaspora</kwd>
        <kwd>Pan-Orthodox Council.</kwd>
      </kwd-group>
      <counts>
        <table-count count="0" />
        <page-count count="0" />
      </counts>
    </article-meta>
  </front>
</article>
