<?xml version='1.0' encoding='UTF-8'?>
<article xmlns:xlink="http://www.w3.org/1999/xlink" dtd-version="1.1">
  <front>
    <journal-meta>
      <journal-id jjournal-id-type="publisher">State, Religion and Church in Russia and Worldwide</journal-id>
      <journal-title-group>
        <journal-title>Gosudarstvo, religiia, tserkov' v Rossii i za rubezhom</journal-title>
        <abbrev-journal-title abbrev-type="nlm-ta" />
      </journal-title-group>
      <issn pub-type="ppub" />
      <issn pub-type="epub" />
    </journal-meta>
    <article-meta>
      <article-id pub-id-type="manuscript" />
      <article-categories>
        <subj-group subj-group-type="article_type">
          <subject>Research article</subject>
        </subj-group>
        <subj-group subj-group-type="subject_areas" />
      </article-categories>
      <title-group>
        <article-title>The Cult of Monk Gabriel: Institutionalization of Popular Religion and its Political Dimension in Georgia</article-title>
        <alt-title alt-title-type="running" />
      </title-group>
      <contrib-group>
        <contrib contrib-type="author">
          <name>
            <surname>Zviadadze</surname>
            <given-names>Sophie</given-names>
          </name>
          <email />
          <role content-type="1" />
          <xref ref-type="aff" rid="aff1" />
        </contrib>
        <aff id="aff1">
          <institution />
          <addr-line content-type="addrline1" />
          <addr-line content-type="city" />
          <addr-line content-type="state" />
          <addr-line content-type="zipcode" />
          <addr-line content-type="country" />
      </aff>
      </contrib-group>
      <pub-date pub-type="epub" />
      <pub-date pub-type="ppub" />
      <elocation-id />
      <history>
        <date data-type="received">
          <day />
          <month />
          <year>2016</year>
      </date>
      </history>
      <permissions>
        <copyright-statement>Russian Presidential Academy of National Economy and Public Administration.</copyright-statement>
        <copyright-year>© 2016</copyright-year>
      </permissions>
      <abstract>
        <b>Monk Gabriel (1929-1995) is one of the most popular religious personalities in modern Georgia. His sermons and prophecies became very popular in the early 1990s and still are to this date. The expanding Internet social networks added to his popularity. His name is connected with miraculous healings; his grave became a sort of a modern shrine in the Georgian Orthodox Church. The phenomenon is on the verge between official and popular religion. His name became a source of legitimation for the Church as well as for the political establishment. In 2012 the “strange monk” was canonized as a saint, in 2014 his body was reburied in the Sameba cathedral in Tbilisi, and an avenue was renamed after him. The whole phenomenon shows the changing and complex role of religion in post-communist Georgian society.</b>
      </abstract>
      <kwd-group>
        <kwd>monk Gabriel</kwd>
        <kwd>popular religion</kwd>
        <kwd>post-Soviet Georgia</kwd>
        <kwd>politics and religion</kwd>
        <kwd>de-secularization</kwd>
        <kwd>Georgian Orthodox Church.</kwd>
      </kwd-group>
      <counts>
        <table-count count="0" />
        <page-count count="0" />
      </counts>
    </article-meta>
  </front>
</article>
