<?xml version='1.0' encoding='UTF-8'?>
<article xmlns:xlink="http://www.w3.org/1999/xlink" dtd-version="1.1">
  <front>
    <journal-meta>
      <journal-id jjournal-id-type="publisher">State, Religion and Church in Russia and Worldwide</journal-id>
      <journal-title-group>
        <journal-title>Gosudarstvo, religiia, tserkov' v Rossii i za rubezhom</journal-title>
        <abbrev-journal-title abbrev-type="nlm-ta" />
      </journal-title-group>
      <issn pub-type="ppub" />
      <issn pub-type="epub" />
    </journal-meta>
    <article-meta>
      <article-id pub-id-type="manuscript" />
      <article-categories>
        <subj-group subj-group-type="article_type">
          <subject>Research article</subject>
        </subj-group>
        <subj-group subj-group-type="subject_areas" />
      </article-categories>
      <title-group>
        <article-title>Cohesion of Religious Communities in the Situation of Conflict: A Case Study of Confrontations around Imam in a Dagestani Village</article-title>
        <alt-title alt-title-type="running" />
      </title-group>
      <contrib-group>
        <contrib contrib-type="author">
          <name>
            <surname>Zaytseva</surname>
            <given-names>Anna</given-names>
          </name>
          <email />
          <role content-type="1" />
          <xref ref-type="aff" rid="aff1" />
        </contrib>
        <aff id="aff1">
          <institution />
          <addr-line content-type="addrline1" />
          <addr-line content-type="city" />
          <addr-line content-type="state" />
          <addr-line content-type="zipcode" />
          <addr-line content-type="country" />
      </aff>
      </contrib-group>
      <pub-date pub-type="epub" />
      <pub-date pub-type="ppub" />
      <elocation-id />
      <history>
        <date data-type="received">
          <day />
          <month />
          <year>2016</year>
      </date>
      </history>
      <permissions>
        <copyright-statement>Russian Presidential Academy of National Economy and Public Administration.</copyright-statement>
        <copyright-year>© 2016</copyright-year>
      </permissions>
      <abstract>
        <b>The article is fieldwork-based and is devoted to the study of social cohesion in the context of co-existence of various Muslim communities in a Dagestani village. The article explores social aspects of religious confrontations emerged around an episode of forced dismissal of a village imam who was accused of belonging to the Wahhabi network. The author analyses narratives around the imam, who is the central figure of the conflict, the main line of respective religious divide, and the flexibility of the boundaries between various groups/communities. As a conclusion, the article identifies preconditions of intensification of religious solidarity, its particular normative, cultural, and political dimensions.</b>
      </abstract>
      <kwd-group>
        <kwd>Dagestan</kwd>
        <kwd>informal institutions</kwd>
        <kwd>Muslim communities</kwd>
        <kwd>religious confrontations</kwd>
        <kwd>religious solidarity</kwd>
        <kwd>social constructionism.</kwd>
      </kwd-group>
      <counts>
        <table-count count="0" />
        <page-count count="0" />
      </counts>
    </article-meta>
  </front>
</article>
