<?xml version='1.0' encoding='UTF-8'?>
<article xmlns:xlink="http://www.w3.org/1999/xlink" dtd-version="1.1">
  <front>
    <journal-meta>
      <journal-id jjournal-id-type="publisher">State, Religion and Church in Russia and Worldwide</journal-id>
      <journal-title-group>
        <journal-title>Gosudarstvo, religiia, tserkov' v Rossii i za rubezhom</journal-title>
        <abbrev-journal-title abbrev-type="nlm-ta" />
      </journal-title-group>
      <issn pub-type="ppub" />
      <issn pub-type="epub" />
    </journal-meta>
    <article-meta>
      <article-id pub-id-type="manuscript" />
      <article-categories>
        <subj-group subj-group-type="article_type">
          <subject>Research article</subject>
        </subj-group>
        <subj-group subj-group-type="subject_areas" />
      </article-categories>
      <title-group>
        <article-title>Ethnos, Nation, Religion: Recent Scholarship and Societal Processes in the South Caucasus</article-title>
        <alt-title alt-title-type="running" />
      </title-group>
      <contrib-group>
        <contrib contrib-type="author">
          <name>
            <surname>Agadjanian</surname>
            <given-names>Alexander</given-names>
          </name>
          <email />
          <role content-type="1" />
          <xref ref-type="aff" rid="aff1" />
        </contrib>
        <aff id="aff1">
          <institution />
          <addr-line content-type="addrline1" />
          <addr-line content-type="city" />
          <addr-line content-type="state" />
          <addr-line content-type="zipcode" />
          <addr-line content-type="country" />
      </aff>
      </contrib-group>
      <pub-date pub-type="epub" />
      <pub-date pub-type="ppub" />
      <elocation-id />
      <history>
        <date data-type="received">
          <day />
          <month />
          <year>2016</year>
      </date>
      </history>
      <permissions>
        <copyright-statement>Russian Presidential Academy of National Economy and Public Administration.</copyright-statement>
        <copyright-year>© 2016</copyright-year>
      </permissions>
      <abstract>
        <b>The goal of this paper is to reveal a few trends in the interaction between religious, national, and ethnic identities as applied to the understanding of current developments in the South Caucasus. It starts with the dominant paradigms in scholarship of identities that has undergone deep evolution towards post-modern washing-out of old solid concepts, such as ethnos, nations, and religion. It turns next to those objective and subjective developments in the emerging new societies of Armenia, Azerbaijan and Georgia, which seem to contradict the fashionable academic episteme by recreating robust and powerful concepts of ethnos, nation, and religion. Finally, it will suggest a more complex interpretation that would mitigate the above contradiction between dominant academic scholarship and the societal processes.</b>
      </abstract>
      <kwd-group>
        <kwd>Armenia</kwd>
        <kwd>Azerbaijan</kwd>
        <kwd>Georgia</kwd>
        <kwd>ethnos</kwd>
        <kwd>nation-state</kwd>
        <kwd>religion</kwd>
        <kwd>ethnonationalism</kwd>
        <kwd>primordialism</kwd>
        <kwd>constructivism</kwd>
        <kwd>Soviet legacy.</kwd>
      </kwd-group>
      <counts>
        <table-count count="0" />
        <page-count count="0" />
      </counts>
    </article-meta>
  </front>
</article>
