<?xml version='1.0' encoding='UTF-8'?>
<article xmlns:xlink="http://www.w3.org/1999/xlink" dtd-version="1.1">
  <front>
    <journal-meta>
      <journal-id jjournal-id-type="publisher">State, Religion and Church in Russia and Worldwide</journal-id>
      <journal-title-group>
        <journal-title>Gosudarstvo, religiia, tserkov' v Rossii i za rubezhom</journal-title>
        <abbrev-journal-title abbrev-type="nlm-ta" />
      </journal-title-group>
      <issn pub-type="ppub" />
      <issn pub-type="epub" />
    </journal-meta>
    <article-meta>
      <article-id pub-id-type="manuscript" />
      <article-categories>
        <subj-group subj-group-type="article_type">
          <subject>Research article</subject>
        </subj-group>
        <subj-group subj-group-type="subject_areas" />
      </article-categories>
      <title-group>
        <article-title>Debates about Innate Religiosity in the Cognitive Science of Religion</article-title>
        <alt-title alt-title-type="running" />
      </title-group>
      <contrib-group>
        <contrib contrib-type="author">
          <name>
            <surname>Malevich</surname>
            <given-names>Tatiana</given-names>
          </name>
          <email />
          <role content-type="1" />
          <xref ref-type="aff" rid="aff1" />
        </contrib>
        <contrib contrib-type="author">
          <name>
            <surname>Kozhevnikov</surname>
            <given-names>Denis</given-names>
          </name>
          <email />
          <role content-type="2" />
          <xref ref-type="aff" rid="aff2" />
        </contrib>
        <aff id="aff1">
          <institution />
          <addr-line content-type="addrline1" />
          <addr-line content-type="city" />
          <addr-line content-type="state" />
          <addr-line content-type="zipcode" />
          <addr-line content-type="country" />
        </aff>
        <aff id="aff2">
          <institution />
          <addr-line content-type="addrline1" />
          <addr-line content-type="city" />
          <addr-line content-type="state" />
          <addr-line content-type="zipcode" />
          <addr-line content-type="country" />
      </aff>
      </contrib-group>
      <pub-date pub-type="epub" />
      <pub-date pub-type="ppub" />
      <elocation-id />
      <history>
        <date data-type="received">
          <day />
          <month />
          <year>2016</year>
      </date>
      </history>
      <permissions>
        <copyright-statement>Russian Presidential Academy of National Economy and Public Administration.</copyright-statement>
        <copyright-year>© 2016</copyright-year>
      </permissions>
      <abstract>
        <b>This paper gives an overview of the current debate in the cognitive theories of religion over the relative role of social and cultural versus biological and cognitive factors in the development and formation of religious beliefs. One of the key elements of this debate is the so-called Born Believers thesis. Here we identify and analyze in detail its underlying assumptions, major components, and argumentation. We also show limitations and weak empirical validity of the alternative to Born Believers thesis hypothesis — treating religion as the result solely of religious socialization and enculturation. Furthermore, we identify the place of the Born Believers thesis in the context of the wider “innateness” debate in cognitive sciences. This thesis satisfies the minimum condition of “innateness” and may serve as a useful heuristic tool in cross-cultural research and in studies of children’s religiosity. At the same time, we demonstrate how the Born Believers thesis reveals the limitations of the cognitive approach to the study of religion in solving the problem of “innateness” of religious beliefs.</b>
      </abstract>
      <kwd-group>
        <kwd>cognitive science of religion</kwd>
        <kwd>cognitive sciences</kwd>
        <kwd>nativism</kwd>
        <kwd>innateness</kwd>
        <kwd>modularity</kwd>
        <kwd>religion</kwd>
        <kwd>religiousness</kwd>
        <kwd>anthropomorphism.</kwd>
      </kwd-group>
      <counts>
        <table-count count="0" />
        <page-count count="0" />
      </counts>
    </article-meta>
  </front>
</article>
