<?xml version='1.0' encoding='UTF-8'?>
<article xmlns:xlink="http://www.w3.org/1999/xlink" dtd-version="1.1">
  <front>
    <journal-meta>
      <journal-id jjournal-id-type="publisher">State, Religion and Church in Russia and Worldwide</journal-id>
      <journal-title-group>
        <journal-title>Gosudarstvo, religiia, tserkov' v Rossii i za rubezhom</journal-title>
        <abbrev-journal-title abbrev-type="nlm-ta" />
      </journal-title-group>
      <issn pub-type="ppub" />
      <issn pub-type="epub" />
    </journal-meta>
    <article-meta>
      <article-id pub-id-type="manuscript" />
      <article-categories>
        <subj-group subj-group-type="article_type">
          <subject>Research article</subject>
        </subj-group>
        <subj-group subj-group-type="subject_areas" />
      </article-categories>
      <title-group>
        <article-title>“Alanian Princess, Princess of Vladimir”: Maria Yasynia, Russian-Ossetian Connections, and Conservative Family Values</article-title>
        <alt-title alt-title-type="running" />
      </title-group>
      <contrib-group>
        <contrib contrib-type="author">
          <name>
            <surname>Shtyrkov</surname>
            <given-names>Sergey</given-names>
          </name>
          <email />
          <role content-type="1" />
          <xref ref-type="aff" rid="aff1" />
        </contrib>
        <aff id="aff1">
          <institution />
          <addr-line content-type="addrline1" />
          <addr-line content-type="city" />
          <addr-line content-type="state" />
          <addr-line content-type="zipcode" />
          <addr-line content-type="country" />
      </aff>
      </contrib-group>
      <pub-date pub-type="epub" />
      <pub-date pub-type="ppub" />
      <elocation-id />
      <history>
        <date data-type="received">
          <day />
          <month />
          <year>2016</year>
      </date>
      </history>
      <permissions>
        <copyright-statement>Russian Presidential Academy of National Economy and Public Administration.</copyright-statement>
        <copyright-year>© 2016</copyright-year>
      </permissions>
      <abstract>
        <b>This article is devoted to a canonization initiative — to bring the local (Vladimir diocese) saint, Maria Shvarnovna (Yasynia) (c. 1158–1206), grandmother of Alexander Nevsky, to the Church-wide veneration. Maria Yasynia is seen to be of Alanian (Ossetian) origin, and hence the great interest to her personality among Orthodox activists in today’s North Ossetia-Alania, as well as among some people from local government and Moscow ecclesiastical establishment. Analyzing the debates around this initiative allows for some conclusions about current understanding of the nature of saintliness. The question is: who and on what grounds could be a legitimate expert in the field of applied hagiology? Determining hagiological dignity of a candidate for sainthood cannot be reduced to the confrontation between Orthodox Church “elite” and the “masses,” or between diocesan center and periphery. Each group tries to use the potential of the saint’s image to achieve its own goals, while possibly avoiding confrontation with others. Overall, the debates over the canonization produce the most important symbols of national and regional identities, which go beyond the internal life of the Church.</b>
      </abstract>
      <kwd-group>
        <kwd>North Ossetia</kwd>
        <kwd>North Caucasus</kwd>
        <kwd>hagiology</kwd>
        <kwd>canonization of saints</kwd>
        <kwd>Orthodoxy</kwd>
        <kwd>politics of memory</kwd>
        <kwd>local saints.</kwd>
      </kwd-group>
      <counts>
        <table-count count="0" />
        <page-count count="0" />
      </counts>
    </article-meta>
  </front>
</article>
