<?xml version='1.0' encoding='UTF-8'?>
<article xmlns:xlink="http://www.w3.org/1999/xlink" dtd-version="1.1">
  <front>
    <journal-meta>
      <journal-id jjournal-id-type="publisher">GRC</journal-id>
      <journal-title-group>
        <journal-title>Gosudarstvo, religiia, tserkov' v Rossii i za rubezhom </journal-title>
        <abbrev-journal-title abbrev-type="nlm-ta" />
      </journal-title-group>
      <issn pub-type="ppub" />
      <issn pub-type="epub" />
    </journal-meta>
    <article-meta>
      <article-id pub-id-type="manuscript" />
      <article-categories>
        <subj-group subj-group-type="article_type">
          <subject>Research article</subject>
        </subj-group>
        <subj-group subj-group-type="subject_areas">
          <subject> </subject>
      </subj-group>
      </article-categories>
      <title-group>
        <article-title>“What Do We Believe?”: Rebirth of “Traditional Religion” in Post-War Abkhazia</article-title>
        <alt-title alt-title-type="running" />
      </title-group>
      <contrib-group>
        <contrib contrib-type="author">
          <name>
            <surname>Agababyan</surname>
            <given-names>Arusyak</given-names>
          </name>
          <email />
          <role content-type="1" />
          <xref ref-type="aff" rid="aff1" />
        </contrib>
        <aff id="aff1">
          <institution />
          <addr-line content-type="addrline1" />
          <addr-line content-type="city" />
          <addr-line content-type="state" />
          <addr-line content-type="zipcode" />
          <addr-line content-type="country" />
      </aff>
      </contrib-group>
      <pub-date pub-type="epub" />
      <pub-date pub-type="ppub" />
      <elocation-id />
      <history>
        <date data-type="received">
          <day />
          <month />
          <year>2016</year>
      </date>
      </history>
      <permissions>
        <copyright-statement>Russian Presidential Academy of National Economy and Public Administration.</copyright-statement>
        <copyright-year>© 2016</copyright-year>
      </permissions>
      <abstract>
        <b>The article examines the religious revival in post-war Abkhazia, where “traditional religion” — the worship of sanctuaries — acquires the central place. Main supporters of this new myth of “traditional religion” are the government authorities of the self-proclaimed Republic of Abkhazia. The authorities deliberately regulate the religious field and promote what can be called a guided, controlled desecularization. The idea that this “traditional religion” will become the officially recognized state religion of the Republic becomes increasingly popular. However, even without such an official recognition, the “traditional religion” dominates the field and prevails over its likely contenders, Christian Orthodoxy and Islam.</b>
      </abstract>
      <kwd-group>
        <kwd>anykha</kwd>
        <kwd>Republic of Abkhazia</kwd>
        <kwd>Council of Priests of Abkhazia</kwd>
        <kwd>sanctuary</kwd>
        <kwd>secularism</kwd>
        <kwd>“traditional religion”</kwd>
        <kwd>Christianity</kwd>
        <kwd>Islam.</kwd>
      </kwd-group>
      <counts>
        <table-count count="0" />
        <page-count count="0" />
      </counts>
    </article-meta>
  </front>
</article>
