<?xml version='1.0' encoding='UTF-8'?>
<article xmlns:xlink="http://www.w3.org/1999/xlink" dtd-version="1.1">
  <front>
    <journal-meta>
      <journal-id jjournal-id-type="publisher">State, Religion and Church in Russia and Worldwide</journal-id>
      <journal-title-group>
        <journal-title>Gosudarstvo, religiia, tserkov' v Rossii i za rubezhom</journal-title>
        <abbrev-journal-title abbrev-type="nlm-ta" />
      </journal-title-group>
      <issn pub-type="ppub" />
      <issn pub-type="epub" />
    </journal-meta>
    <article-meta>
      <article-id pub-id-type="manuscript" />
      <article-categories>
        <subj-group subj-group-type="article_type">
          <subject>Research article</subject>
        </subj-group>
        <subj-group subj-group-type="subject_areas" />
      </article-categories>
      <title-group>
        <article-title>Religion, Politics and Modernity in Georgia: The Case of May 17th, 2013</article-title>
        <alt-title alt-title-type="running" />
      </title-group>
      <contrib-group>
        <contrib contrib-type="author">
          <name>
            <surname>Janelidze</surname>
            <given-names>Barbare</given-names>
          </name>
          <email />
          <role content-type="1" />
          <xref ref-type="aff" rid="aff1" />
        </contrib>
        <aff id="aff1">
          <institution />
          <addr-line content-type="addrline1" />
          <addr-line content-type="city" />
          <addr-line content-type="state" />
          <addr-line content-type="zipcode" />
          <addr-line content-type="country" />
      </aff>
      </contrib-group>
      <pub-date pub-type="epub" />
      <pub-date pub-type="ppub" />
      <elocation-id />
      <history>
        <date data-type="received">
          <day />
          <month />
          <year>2016</year>
      </date>
      </history>
      <permissions>
        <copyright-statement>Russian Presidential Academy of National Economy and Public Administration.</copyright-statement>
        <copyright-year>© 2016</copyright-year>
      </permissions>
      <abstract>
        <b>In post-Soviet Georgia, the relationship between the Georgian Orthodox Church [GOC] and the politics manifest itself in two ways: the instrumentalization of GOC by the political parties and the government, as well as the attempts by GOC to strengthen its political influence. This paper tries to go beyond a purely institutional level and explores the deeply internalized perception of Christian Orthodoxy as a core element of Georgian identity. Such perception leads to formation of different societal groups consolidated around different religious beliefs and political views. This article analyzes controversies and clashes between these groups during a conflict occurred on May 17, 2013, when a small antihomophobic event was attacked by a big group of counter-protestants. The study focuses on this case and uses, as its core methodology, in-depth interviews, participant observation and interpretive analysis.</b>
      </abstract>
      <kwd-group>
        <kwd>religion</kwd>
        <kwd>politics</kwd>
        <kwd>secularization</kwd>
        <kwd>Modernity</kwd>
        <kwd>traditional</kwd>
        <kwd>national identity</kwd>
        <kwd>public space</kwd>
        <kwd>social conflict</kwd>
        <kwd>confrontational sides.</kwd>
      </kwd-group>
      <counts>
        <table-count count="0" />
        <page-count count="0" />
      </counts>
    </article-meta>
  </front>
</article>
