<?xml version='1.0' encoding='UTF-8'?>
<article xmlns:xlink="http://www.w3.org/1999/xlink" dtd-version="1.1">
  <front>
    <journal-meta>
      <journal-id jjournal-id-type="publisher">State, Religion and Church in Russia and Worldwide</journal-id>
      <journal-title-group>
        <journal-title>Gosudarstvo, religiia, tserkov' v Rossii i za rubezhom</journal-title>
        <abbrev-journal-title abbrev-type="nlm-ta" />
      </journal-title-group>
      <issn pub-type="ppub" />
      <issn pub-type="epub" />
    </journal-meta>
    <article-meta>
      <article-id pub-id-type="manuscript" />
      <article-categories>
        <subj-group subj-group-type="article_type">
          <subject>Research article</subject>
        </subj-group>
        <subj-group subj-group-type="subject_areas" />
      </article-categories>
      <title-group>
        <article-title>Debating the Limits of the Georgian Church’s Participation in Public Life</article-title>
        <alt-title alt-title-type="running" />
      </title-group>
      <contrib-group>
        <contrib contrib-type="author">
          <name>
            <surname>Chelidze</surname>
            <given-names>Ana</given-names>
          </name>
          <email />
          <role content-type="1" />
          <xref ref-type="aff" rid="aff1" />
        </contrib>
        <contrib contrib-type="author">
          <name>
            <surname>Chelidze</surname>
            <given-names>Ana</given-names>
          </name>
          <email />
          <role content-type="1" />
          <xref ref-type="aff" rid="aff1" />
        </contrib>
        <aff id="aff1">
          <institution />
          <addr-line content-type="addrline1" />
          <addr-line content-type="city" />
          <addr-line content-type="state" />
          <addr-line content-type="zipcode" />
          <addr-line content-type="country" />
        </aff>
        <aff id="aff1">
          <institution />
          <addr-line content-type="addrline1" />
          <addr-line content-type="city" />
          <addr-line content-type="state" />
          <addr-line content-type="zipcode" />
          <addr-line content-type="country" />
      </aff>
      </contrib-group>
      <pub-date pub-type="epub" />
      <pub-date pub-type="ppub" />
      <elocation-id />
      <history>
        <date data-type="received">
          <day />
          <month />
          <year>2016</year>
      </date>
      </history>
      <permissions>
        <copyright-statement>Russian Presidential Academy of National Economy and Public Administration.</copyright-statement>
        <copyright-year>© 2016</copyright-year>
      </permissions>
      <abstract>
        <b>The aim of this article is to analyze the presence of the Georgian Orthodox Church in the public life, and the limits of such presence. The Church’s high influence is in correlation with spreading its growing involvement in almost all areas of social life. The emphasis is made upon the role of the Orthodox Church in the political process, which is studied and interpreted on the basis of the sociological surveys. These data are further supported by the analysis of the opinions of civil society actors and the church sermons by the clergy. In addition, the article discusses the attitudes of young people toward the process of secularization. The article measures specific indicators, which, in our opinion, is the best way to identify value orientations of the Georgian youth. The surveys were carried out in 2014 and 2015.</b>
      </abstract>
      <kwd-group>
        <kwd>Georgian Orthodox Church</kwd>
        <kwd>religion</kwd>
        <kwd>secularism</kwd>
        <kwd>institutional differentiation</kwd>
        <kwd>modernization</kwd>
        <kwd>democratization.</kwd>
      </kwd-group>
      <counts>
        <table-count count="0" />
        <page-count count="0" />
      </counts>
    </article-meta>
  </front>
</article>
