<?xml version='1.0' encoding='UTF-8'?>
<article xmlns:xlink="http://www.w3.org/1999/xlink" dtd-version="1.1">
  <front>
    <journal-meta>
      <journal-id jjournal-id-type="publisher">State, Religion and Church in Russia and Worldwide</journal-id>
      <journal-title-group>
        <journal-title>Gosudarstvo, religiia, tserkov' v Rossii i za rubezhom</journal-title>
        <abbrev-journal-title abbrev-type="nlm-ta" />
      </journal-title-group>
      <issn pub-type="ppub" />
      <issn pub-type="epub" />
    </journal-meta>
    <article-meta>
      <article-id pub-id-type="manuscript" />
      <article-categories>
        <subj-group subj-group-type="article_type">
          <subject>Research article</subject>
        </subj-group>
        <subj-group subj-group-type="subject_areas" />
      </article-categories>
      <title-group>
        <article-title>The Time of Cathedrals: Religious Buildings and Political Legitimation in Post-Soviet Georgia</article-title>
        <alt-title alt-title-type="running" />
      </title-group>
      <contrib-group>
        <contrib contrib-type="author">
          <name>
            <surname>Serrano</surname>
            <given-names>Silvia</given-names>
          </name>
          <email />
          <role content-type="1" />
          <xref ref-type="aff" rid="aff1" />
        </contrib>
        <aff id="aff1">
          <institution />
          <addr-line content-type="addrline1" />
          <addr-line content-type="city" />
          <addr-line content-type="state" />
          <addr-line content-type="zipcode" />
          <addr-line content-type="country" />
      </aff>
      </contrib-group>
      <pub-date pub-type="epub" />
      <pub-date pub-type="ppub" />
      <elocation-id />
      <history>
        <date data-type="received">
          <day />
          <month />
          <year>2016</year>
      </date>
      </history>
      <permissions>
        <copyright-statement>Russian Presidential Academy of National Economy and Public Administration.</copyright-statement>
        <copyright-year>© 2016</copyright-year>
      </permissions>
      <abstract>
        <b>In the past two decades, the Orthodox Church of Georgia as an institution has been considerably strengthened, and its influence in the public space has significantly grown. As demonstrated by numerous studies, this is partly due to the link between national and religious identities and to the instrumentalization of religion by political elites. However, the concrete ways in which the public authorities have sought to establish their legitimacy thanks to religious references remain to be scrutinized, as well as the constraints they are subjected to. This article focuses on the games of power and strategies of the Patriarchate and the Government around the construction and reconstruction of two cathedrals, Sameba and Bagrati, and on the challenges of building the symbolic national space. Through the analysis of the attempts of the Saakashvili Government to use the symbolic resources provided by major religious buildings, it sheds some light on the limits of the instrumentalization            of Orthodoxy in the legitimization of power.</b>
      </abstract>
      <kwd-group>
        <kwd>Orthodox Church of Georgia</kwd>
        <kwd>national heritage</kwd>
        <kwd>churches building</kwd>
        <kwd>de-secularization</kwd>
        <kwd>public space</kwd>
        <kwd>religion and politics.</kwd>
      </kwd-group>
      <counts>
        <table-count count="0" />
        <page-count count="0" />
      </counts>
    </article-meta>
  </front>
</article>
