<?xml version='1.0' encoding='UTF-8'?>
<article xmlns:xlink="http://www.w3.org/1999/xlink" dtd-version="1.1">
  <front>
    <journal-meta>
      <journal-id jjournal-id-type="publisher">State, Religion and Church in Russia and Worldwide</journal-id>
      <journal-title-group>
        <journal-title>Gosudarstvo, religiia, tserkov' v Rossii i za rubezhom</journal-title>
        <abbrev-journal-title abbrev-type="nlm-ta" />
      </journal-title-group>
      <issn pub-type="ppub" />
      <issn pub-type="epub" />
    </journal-meta>
    <article-meta>
      <article-id pub-id-type="manuscript" />
      <article-categories>
        <subj-group subj-group-type="article_type">
          <subject>Research article</subject>
        </subj-group>
        <subj-group subj-group-type="subject_areas" />
      </article-categories>
      <title-group>
        <article-title>The Market of Muslim Goods and Services in Dagestan: Practices of Consumption and Public Debates</article-title>
        <alt-title alt-title-type="running" />
      </title-group>
      <contrib-group>
        <contrib contrib-type="author">
          <name>
            <surname>Kapustina</surname>
            <given-names>Ekaterina</given-names>
          </name>
          <email />
          <role content-type="1" />
          <xref ref-type="aff" rid="aff1" />
        </contrib>
        <aff id="aff1">
          <institution />
          <addr-line content-type="addrline1" />
          <addr-line content-type="city" />
          <addr-line content-type="state" />
          <addr-line content-type="zipcode" />
          <addr-line content-type="country" />
      </aff>
      </contrib-group>
      <pub-date pub-type="epub" />
      <pub-date pub-type="ppub" />
      <elocation-id />
      <history>
        <date data-type="received">
          <day />
          <month />
          <year>2016</year>
      </date>
      </history>
      <permissions>
        <copyright-statement>Russian Presidential Academy of National Economy and Public Administration.</copyright-statement>
        <copyright-year>© 2016</copyright-year>
      </permissions>
      <abstract>
        <b>The article deals with the functioning of the sector of Islamic goods and services in Dagestan’s urban space and the popular practices of consumption. It describes and analyzes various aspects of Islamic business: operation of the halal market, the sector of women’s clothing, advertising strategies. Special attention is given to the issue of the hijab, its symbolic meaning, and its role in women’s social life. The problem of Islamic consumption is viewed through the prism of the commodification of Islam, which affects both religious practices and the local economy. An intensive appeal to Islam in the city’s social and economic space is not so much a sign of Islamic radicalization as it is a choice of cultural references in the society and the quest for new behavioral patterns. The emergence of new consumer attitudes puts before Dagestani society a problem of choice between European standards and a new identity — belonging to global Islamic civilization. The article draws upon the author’s field materials of 2011-2015.</b>
      </abstract>
      <kwd-group>
        <kwd>Islam in Dagestan</kwd>
        <kwd>religious practices</kwd>
        <kwd>commodification</kwd>
        <kwd>halal market.</kwd>
      </kwd-group>
      <counts>
        <table-count count="0" />
        <page-count count="0" />
      </counts>
    </article-meta>
  </front>
</article>
