<?xml version='1.0' encoding='UTF-8'?>
<article xmlns:xlink="http://www.w3.org/1999/xlink" dtd-version="1.1">
  <front>
    <journal-meta>
      <journal-id jjournal-id-type="publisher">GRC</journal-id>
      <journal-title-group>
        <journal-title>Gosudarstvo, religiia, tserkov' v Rossii i za rubezhom </journal-title>
        <abbrev-journal-title abbrev-type="nlm-ta" />
      </journal-title-group>
      <issn pub-type="ppub" />
      <issn pub-type="epub" />
    </journal-meta>
    <article-meta>
      <article-id pub-id-type="manuscript" />
      <article-categories>
        <subj-group subj-group-type="article_type">
          <subject>Research Letter</subject>
        </subj-group>
        <subj-group subj-group-type="subject_areas">
          <subject> </subject>
      </subj-group>
      </article-categories>
      <title-group>
        <article-title>The Reinterpretation of Death in Cyberpunk Culture: Some Religious Tropes</article-title>
        <alt-title alt-title-type="running" />
      </title-group>
      <contrib-group>
        <contrib contrib-type="author">
          <name>
            <surname>Moyzhes</surname>
            <given-names>Leonid</given-names>
          </name>
          <email />
          <role content-type="1" />
          <xref ref-type="aff" rid="aff1" />
        </contrib>
        <aff id="aff1">
          <institution />
          <addr-line content-type="addrline1" />
          <addr-line content-type="city" />
          <addr-line content-type="state" />
          <addr-line content-type="zipcode" />
          <addr-line content-type="country" />
      </aff>
      </contrib-group>
      <pub-date pub-type="epub" />
      <pub-date pub-type="ppub" />
      <elocation-id />
      <history>
        <date data-type="received">
          <day />
          <month />
          <year>2015</year>
      </date>
      </history>
      <permissions>
        <copyright-statement />
        <copyright-year />
      </permissions>
      <abstract>
        <b>The article explores religious components in understanding death in Cyberpunk genre of the mass culture. Authors working in this genre tried to change and rethink the inherited sci-fi themes, which were deeply connected to a certain cultural code. In particular, previous works of mainstream art largely followed the Christian traditional view of death as a chance to attain resurrection and eternal life. On the contrary, the cyberpunk, influenced by both Oriental teachings and a certain crisis within the (post-) Christian western culture, offered alternative understanding of death as a .liberation., an escape from the inevitably imperfect material world.</b>
      </abstract>
      <kwd-group>
        <kwd>cyberpunk</kwd>
        <kwd>conception of death</kwd>
        <kwd>Christianity</kwd>
        <kwd>Gnosticism</kwd>
        <kwd>Buddhism</kwd>
        <kwd>mass culture.</kwd>
      </kwd-group>
      <counts>
        <table-count count="0" />
        <page-count count="0" />
      </counts>
    </article-meta>
  </front>
</article>
