<?xml version='1.0' encoding='UTF-8'?>
<article xmlns:xlink="http://www.w3.org/1999/xlink" dtd-version="1.1">
  <front>
    <journal-meta>
      <journal-id jjournal-id-type="publisher">GRC</journal-id>
      <journal-title-group>
        <journal-title>Gosudarstvo, religiia, tserkov' v Rossii i za rubezhom </journal-title>
        <abbrev-journal-title abbrev-type="nlm-ta" />
      </journal-title-group>
      <issn pub-type="ppub" />
      <issn pub-type="epub" />
    </journal-meta>
    <article-meta>
      <article-id pub-id-type="manuscript" />
      <article-categories>
        <subj-group subj-group-type="article_type">
          <subject>Research Letter</subject>
        </subj-group>
        <subj-group subj-group-type="subject_areas">
          <subject> </subject>
      </subj-group>
      </article-categories>
      <title-group>
        <article-title>What Does Secularism Mean?</article-title>
        <alt-title alt-title-type="running" />
      </title-group>
      <contrib-group>
        <contrib contrib-type="author">
          <name>
            <surname>Taylor</surname>
            <given-names>Charles</given-names>
          </name>
          <email />
          <role content-type="1" />
          <xref ref-type="aff" rid="aff1" />
        </contrib>
        <aff id="aff1">
          <institution />
          <addr-line content-type="addrline1" />
          <addr-line content-type="city" />
          <addr-line content-type="state" />
          <addr-line content-type="zipcode" />
          <addr-line content-type="country" />
      </aff>
      </contrib-group>
      <pub-date pub-type="epub" />
      <pub-date pub-type="ppub" />
      <elocation-id />
      <history>
        <date data-type="received">
          <day />
          <month />
          <year>2015</year>
      </date>
      </history>
      <permissions>
        <copyright-statement />
        <copyright-year />
      </permissions>
      <abstract>
        <b>This article analyses what secularism could mean for the modern democratic society. It claims that secularism should pursuit three main goals: freedom (no one must be forced in the domain of religion, or basic belief ); equality (there must be equality between people of different faiths or basic belief ); fraternity (all spiritual families must be heard and included in the ongoing process of determining what the society is about). Besides, secularism should mean our attempts to maintain relations of harmony and comity between the supporters of different religions and Weltanshauungen. The author critically analyzes what he calls .fixation on religion. among theorists of secularism: this fixation leads to the reduction of secularism to the problem of separation between state and religious institutions.</b>
      </abstract>
      <kwd-group>
        <kwd>democracy</kwd>
        <kwd>laicism</kwd>
        <kwd>post-secular society</kwd>
        <kwd>public sphere</kwd>
        <kwd>Rawls</kwd>
        <kwd>Habermas.</kwd>
      </kwd-group>
      <counts>
        <table-count count="0" />
        <page-count count="0" />
      </counts>
    </article-meta>
  </front>
</article>
