<?xml version='1.0' encoding='UTF-8'?>
<article xmlns:xlink="http://www.w3.org/1999/xlink" dtd-version="1.1">
  <front>
    <journal-meta>
      <journal-id jjournal-id-type="publisher">GRC</journal-id>
      <journal-title-group>
        <journal-title>Gosudarstvo, religiia, tserkov' v Rossii i za rubezhom </journal-title>
        <abbrev-journal-title abbrev-type="nlm-ta" />
      </journal-title-group>
      <issn pub-type="ppub" />
      <issn pub-type="epub" />
    </journal-meta>
    <article-meta>
      <article-id pub-id-type="manuscript" />
      <article-categories>
        <subj-group subj-group-type="article_type">
          <subject>Research Letter</subject>
        </subj-group>
        <subj-group subj-group-type="subject_areas">
          <subject> </subject>
      </subj-group>
      </article-categories>
      <title-group>
        <article-title>The Discourse of Science-Religion Dialogue in Modern Russia: An Institutional Dimension</article-title>
        <alt-title alt-title-type="running" />
      </title-group>
      <contrib-group>
        <contrib contrib-type="author">
          <name>
            <surname>Razdyakonov</surname>
            <given-names>Vladislav</given-names>
          </name>
          <email />
          <role content-type="1" />
          <xref ref-type="aff" rid="aff1" />
        </contrib>
        <aff id="aff1">
          <institution />
          <addr-line content-type="addrline1" />
          <addr-line content-type="city" />
          <addr-line content-type="state" />
          <addr-line content-type="zipcode" />
          <addr-line content-type="country" />
      </aff>
      </contrib-group>
      <pub-date pub-type="epub" />
      <pub-date pub-type="ppub" />
      <elocation-id />
      <history>
        <date data-type="received">
          <day />
          <month />
          <year>2015</year>
      </date>
      </history>
      <permissions>
        <copyright-statement />
        <copyright-year />
      </permissions>
      <abstract>
        <b>«Science and religion» discourse plays a significant role in shaping the intellectual landscape of modern European thought. The article covers three topics: (1) it explores the meaning of this discourse in Imperial and Soviet Russia, (2) it overviews institutionalization of this discourse in modern Russia, and (3) it presents recommendations for its further development. These recommendations are as follows: to avoid metaphysical and epistemological discussions and concentrate on pragmatic, social and economical aspects of «science and religion» dialogue; to develop studies of genesis of the conflict narrative; to practice purely historical approach to the subject without any epistemological prejudice, whether it inclines to dialogue or conflict.</b>
      </abstract>
      <kwd-group>
        <kwd>science and religion</kwd>
        <kwd>institutionalization</kwd>
        <kwd>history of the Soviet Union</kwd>
        <kwd>history of Russia</kwd>
        <kwd>scientific apologetics.</kwd>
      </kwd-group>
      <counts>
        <table-count count="0" />
        <page-count count="0" />
      </counts>
    </article-meta>
  </front>
</article>
