<?xml version='1.0' encoding='UTF-8'?>
<article xmlns:xlink="http://www.w3.org/1999/xlink" dtd-version="1.1">
  <front>
    <journal-meta>
      <journal-id jjournal-id-type="publisher">GRC</journal-id>
      <journal-title-group>
        <journal-title>Gosudarstvo, religiia, tserkov' v Rossii i za rubezhom </journal-title>
        <abbrev-journal-title abbrev-type="nlm-ta" />
      </journal-title-group>
      <issn pub-type="ppub" />
      <issn pub-type="epub" />
    </journal-meta>
    <article-meta>
      <article-id pub-id-type="manuscript" />
      <article-categories>
        <subj-group subj-group-type="article_type">
          <subject>Research Letter</subject>
        </subj-group>
        <subj-group subj-group-type="subject_areas">
          <subject> </subject>
      </subj-group>
      </article-categories>
      <title-group>
        <article-title>Ethos of Religion and Forms of Rationality</article-title>
        <alt-title alt-title-type="running" />
      </title-group>
      <contrib-group>
        <contrib contrib-type="author">
          <name>
            <surname>Antonov</surname>
            <given-names>Konstantin</given-names>
          </name>
          <email />
          <role content-type="1" />
          <xref ref-type="aff" rid="aff1" />
        </contrib>
        <aff id="aff1">
          <institution />
          <addr-line content-type="addrline1" />
          <addr-line content-type="city" />
          <addr-line content-type="state" />
          <addr-line content-type="zipcode" />
          <addr-line content-type="country" />
      </aff>
      </contrib-group>
      <pub-date pub-type="epub" />
      <pub-date pub-type="ppub" />
      <elocation-id />
      <history>
        <date data-type="received">
          <day />
          <month />
          <year>2015</year>
      </date>
      </history>
      <permissions>
        <copyright-statement />
        <copyright-year />
      </permissions>
      <abstract>
        <b>The article examines the relationship between religion and science (or rational activities as a whole) as two irreducible basic aspects of human existence and two subsystems of culture, constituted by different systems of values and norms. Theories postulating their harmonious coexistence are failures, and we need to understand the profound causes of conflicts. These causes are not in the sphere of particular or general cognitive disagreements, but in fundamental difference of spiritual settings, that stand behind both religion and science. The article distinguishes between the two main types of religious life and ethos — one connected with «faith» and the other with «religious experience». It further distinguishes four basic forms of rationality: hypothetic-deductive (in natural sciences), hermeneutical (in human sciences), philosophical, and theological. Using these typologies helps showing the ways not so much of resolving particular conflicts that inevitably emerge, but rather of creating a mutual recognition in spite of fundamental differences.</b>
      </abstract>
      <kwd-group>
        <kwd>religion</kwd>
        <kwd>faith</kwd>
        <kwd>religious experience</kwd>
        <kwd>science</kwd>
        <kwd>rationality</kwd>
        <kwd>ethos</kwd>
        <kwd>value</kwd>
        <kwd>natural science</kwd>
        <kwd>humanities</kwd>
        <kwd>philosophy</kwd>
        <kwd>theology</kwd>
        <kwd>conflict.</kwd>
      </kwd-group>
      <counts>
        <table-count count="0" />
        <page-count count="0" />
      </counts>
    </article-meta>
  </front>
</article>
