<?xml version='1.0' encoding='UTF-8'?>
<article xmlns:xlink="http://www.w3.org/1999/xlink" dtd-version="1.1">
  <front>
    <journal-meta>
      <journal-id jjournal-id-type="publisher">GRC</journal-id>
      <journal-title-group>
        <journal-title>Gosudarstvo, religiia, tserkov' v Rossii i za rubezhom </journal-title>
        <abbrev-journal-title abbrev-type="nlm-ta" />
      </journal-title-group>
      <issn pub-type="ppub" />
      <issn pub-type="epub" />
    </journal-meta>
    <article-meta>
      <article-id pub-id-type="manuscript" />
      <article-categories>
        <subj-group subj-group-type="article_type">
          <subject>Research Letter</subject>
        </subj-group>
        <subj-group subj-group-type="subject_areas">
          <subject> </subject>
      </subj-group>
      </article-categories>
      <title-group>
        <article-title>The Dialogue of Religion and Science: New Approaches (An Overview of Discussions)</article-title>
        <alt-title alt-title-type="running" />
      </title-group>
      <contrib-group>
        <contrib contrib-type="author">
          <name>
            <surname>Kyrlezhev</surname>
            <given-names>Alexander</given-names>
          </name>
          <email />
          <role content-type="1" />
          <xref ref-type="aff" rid="aff1" />
        </contrib>
        <contrib contrib-type="author">
          <name>
            <surname>Shishkov</surname>
            <given-names>Andrey</given-names>
          </name>
          <email />
          <role content-type="2" />
          <xref ref-type="aff" rid="aff2" />
        </contrib>
        <contrib contrib-type="author">
          <name>
            <surname>Shmaliy</surname>
            <given-names>Vladimir</given-names>
          </name>
          <email />
          <role content-type="3" />
          <xref ref-type="aff" rid="aff3" />
        </contrib>
        <aff id="aff1">
          <institution />
          <addr-line content-type="addrline1" />
          <addr-line content-type="city" />
          <addr-line content-type="state" />
          <addr-line content-type="zipcode" />
          <addr-line content-type="country" />
        </aff>
        <aff id="aff2">
          <institution />
          <addr-line content-type="addrline1" />
          <addr-line content-type="city" />
          <addr-line content-type="state" />
          <addr-line content-type="zipcode" />
          <addr-line content-type="country" />
        </aff>
        <aff id="aff3">
          <institution />
          <addr-line content-type="addrline1" />
          <addr-line content-type="city" />
          <addr-line content-type="state" />
          <addr-line content-type="zipcode" />
          <addr-line content-type="country" />
      </aff>
      </contrib-group>
      <pub-date pub-type="epub" />
      <pub-date pub-type="ppub" />
      <elocation-id />
      <history>
        <date data-type="received">
          <day />
          <month />
          <year>2015</year>
      </date>
      </history>
      <permissions>
        <copyright-statement />
        <copyright-year />
      </permissions>
      <abstract>
        <b>The paper is authored by the heads of the research project «The Development of a New Methodology for Dialogue and Cooperation between Science and Religion in Russia» (supported by John Templeton Foundation). The paper gives an overview of research results. The traditional dialogue (within Christian cultural tradition), which was largely epistemological, should be made wider and deeper thanks to new approaches — in particular looking comparatively at the very ethos of the scientific and religious communities. This aspect is most significant in Russia given the character of post- Soviet transition. Science and religion are not just the two different methods of knowledge but also the two different social institutions and cultural traditions. Now the context of their interaction is the crisis of modern paradigm of functional differentiation of society, as religion acquires wider public acclaim while science loses cultural hegemony. In these new circumstances, the dialogue opens some new perspectives: comparison of metaphysical foundations of both science and religion; exploring macro- and micro-social contexts in the production of scientific and religious knowledge; productive meeting of theology with social / human sciences.</b>
      </abstract>
      <kwd-group>
        <kwd>dialogue of religion and science</kwd>
        <kwd>scientific ethos</kwd>
        <kwd>religious ethos</kwd>
        <kwd>theology</kwd>
        <kwd>types of knowledge</kwd>
        <kwd>worldview</kwd>
        <kwd>post-Soviet transition.</kwd>
      </kwd-group>
      <counts>
        <table-count count="0" />
        <page-count count="0" />
      </counts>
    </article-meta>
  </front>
</article>
