<?xml version='1.0' encoding='UTF-8'?>
<article xmlns:xlink="http://www.w3.org/1999/xlink" dtd-version="1.1">
  <front>
    <journal-meta>
      <journal-id jjournal-id-type="publisher">GRC</journal-id>
      <journal-title-group>
        <journal-title>Gosudarstvo, religiia, tserkov' v Rossii i za rubezhom </journal-title>
        <abbrev-journal-title abbrev-type="nlm-ta" />
      </journal-title-group>
      <issn pub-type="ppub" />
      <issn pub-type="epub" />
    </journal-meta>
    <article-meta>
      <article-id pub-id-type="manuscript" />
      <article-categories>
        <subj-group subj-group-type="article_type">
          <subject>Research Letter</subject>
        </subj-group>
        <subj-group subj-group-type="subject_areas">
          <subject> </subject>
      </subj-group>
      </article-categories>
      <title-group>
        <article-title>The Ethos of the History of Science: a Reconstruction of Religious Studies in Soviet Russia</article-title>
        <alt-title alt-title-type="running" />
      </title-group>
      <contrib-group>
        <contrib contrib-type="author">
          <name>
            <surname>Shakhnovitch</surname>
            <given-names>Marianna</given-names>
          </name>
          <email />
          <role content-type="1" />
          <xref ref-type="aff" rid="aff1" />
        </contrib>
        <aff id="aff1">
          <institution />
          <addr-line content-type="addrline1" />
          <addr-line content-type="city" />
          <addr-line content-type="state" />
          <addr-line content-type="zipcode" />
          <addr-line content-type="country" />
      </aff>
      </contrib-group>
      <pub-date pub-type="epub" />
      <pub-date pub-type="ppub" />
      <elocation-id />
      <history>
        <date data-type="received">
          <day />
          <month />
          <year>2015</year>
      </date>
      </history>
      <permissions>
        <copyright-statement />
        <copyright-year />
      </permissions>
      <abstract>
        <b>The paper provides a review and reflections on the book «The Science of Religion, Scientific Atheism, Religious Studies: Issues of the Scientific Study of Religion in Russia in the Twentieth and Early Twenty-First Century» (Ed. by K. M. Antonov, Moscow, 2014). The author of the review critically examines the volume in terms of the basic principles of the study of the history of science. In the author’s opinion, the lack of archival materials as the basic source of research, as well as an absence of carefully presented bibliography of the history of religious studies in the twentieth century Russia, did not allow the contributors to give professional answers to the questions they put in the volume.</b>
      </abstract>
      <kwd-group>
        <kwd>science of religion</kwd>
        <kwd>scientific atheism</kwd>
        <kwd>«repressed science»</kwd>
        <kwd>historiography of the study of religion in the USSR.</kwd>
      </kwd-group>
      <counts>
        <table-count count="0" />
        <page-count count="0" />
      </counts>
    </article-meta>
  </front>
</article>
