<?xml version='1.0' encoding='UTF-8'?>
<article xmlns:xlink="http://www.w3.org/1999/xlink" dtd-version="1.1">
  <front>
    <journal-meta>
      <journal-id jjournal-id-type="publisher">GRC</journal-id>
      <journal-title-group>
        <journal-title>Gosudarstvo, religiia, tserkov' v Rossii i za rubezhom </journal-title>
        <abbrev-journal-title abbrev-type="nlm-ta" />
      </journal-title-group>
      <issn pub-type="ppub" />
      <issn pub-type="epub" />
    </journal-meta>
    <article-meta>
      <article-id pub-id-type="manuscript" />
      <article-categories>
        <subj-group subj-group-type="article_type">
          <subject>Research Letter</subject>
        </subj-group>
        <subj-group subj-group-type="subject_areas">
          <subject> </subject>
      </subj-group>
      </article-categories>
      <title-group>
        <article-title>Paradoxes in the Study of Contemporary Islam in Russia</article-title>
        <alt-title alt-title-type="running" />
      </title-group>
      <contrib-group>
        <contrib contrib-type="author">
          <name>
            <surname>Bobrovnikov</surname>
            <given-names>Vladimir</given-names>
          </name>
          <email />
          <role content-type="1" />
          <xref ref-type="aff" rid="aff1" />
        </contrib>
        <aff id="aff1">
          <institution />
          <addr-line content-type="addrline1" />
          <addr-line content-type="city" />
          <addr-line content-type="state" />
          <addr-line content-type="zipcode" />
          <addr-line content-type="country" />
      </aff>
      </contrib-group>
      <pub-date pub-type="epub" />
      <pub-date pub-type="ppub" />
      <elocation-id />
      <history>
        <date data-type="received">
          <day />
          <month />
          <year>2018</year>
      </date>
      </history>
      <permissions>
        <copyright-statement />
        <copyright-year />
      </permissions>
      <abstract>
        <b>This paper is the critical comment of a Russian Islamicist on the recent issue of the journal State, Religion and Church in Russia and Worldwide devoted to the interdisciplinary study of contemporary Islam in Russia and abroad. Based on his rich experience of archival and fieldwork among the Muslims in Russia’s North Caucasus, the author discusses the strengths and weaknesses of contemporary scholarship on Islamic reformation. He focuses on current academic narratives and languages of analytical description, which he argues exaggerate the topics of resistance, modernization and the reformation of Muslim societies. These themes do not exhaust the diversity of problems related to Islam in the modern context. Moreover, they were approached using misleading conceptions dating back to the colonial and Cold War periods. The author argues that the narrative of Islamic reformation proposed by Irina Starodubrovskaya is inappropriate to the study of contemporary Muslim societies. It failed to establish interdisciplinary dialogue and was rejected by most experts. Instead, he suggests seeking alternative and less essentialist explanatory models that pay more attention to Muslims as active actors in the globalized modern world, as well as their religious discourses, practices, and social networks.</b>
      </abstract>
      <kwd-group>
        <kwd>post-colonial studies</kwd>
        <kwd>Islamic studies</kwd>
        <kwd>Muslims</kwd>
        <kwd>interdisciplinary approach</kwd>
        <kwd>narratives</kwd>
        <kwd>languages of research description</kwd>
        <kwd>Modernity</kwd>
        <kwd>modernization.</kwd>
      </kwd-group>
      <counts>
        <table-count count="0" />
        <page-count count="0" />
      </counts>
    </article-meta>
  </front>
</article>
