<?xml version='1.0' encoding='UTF-8'?>
<article xmlns:xlink="http://www.w3.org/1999/xlink" dtd-version="1.1">
  <front>
    <journal-meta>
      <journal-id jjournal-id-type="publisher">GRC</journal-id>
      <journal-title-group>
        <journal-title>Gosudarstvo, religiia, tserkov' v Rossii i za rubezhom </journal-title>
        <abbrev-journal-title abbrev-type="nlm-ta" />
      </journal-title-group>
      <issn pub-type="ppub" />
      <issn pub-type="epub" />
    </journal-meta>
    <article-meta>
      <article-id pub-id-type="manuscript" />
      <article-categories>
        <subj-group subj-group-type="article_type">
          <subject>Research Letter</subject>
        </subj-group>
        <subj-group subj-group-type="subject_areas">
          <subject> </subject>
      </subj-group>
      </article-categories>
      <title-group>
        <article-title>Armenian Protestantism and the Religious Crisis in Shamakhi (1840s–1860s): Toward the Question of Russian Imperial Confessionalism</article-title>
        <alt-title alt-title-type="running" />
      </title-group>
      <contrib-group>
        <contrib contrib-type="author">
          <name>
            <surname>Ambartsumov</surname>
            <given-names>Ivan</given-names>
          </name>
          <email />
          <role content-type="1" />
          <xref ref-type="aff" rid="aff1" />
        </contrib>
        <aff id="aff1">
          <institution />
          <addr-line content-type="addrline1" />
          <addr-line content-type="city" />
          <addr-line content-type="state" />
          <addr-line content-type="zipcode" />
          <addr-line content-type="country" />
      </aff>
      </contrib-group>
      <pub-date pub-type="epub" />
      <pub-date pub-type="ppub" />
      <elocation-id />
      <history>
        <date data-type="received">
          <day />
          <month />
          <year>2018</year>
      </date>
      </history>
      <permissions>
        <copyright-statement />
        <copyright-year />
      </permissions>
      <abstract>
        <b>This article is dedicated to the initial period of the history of Armenian Protestantism in the Russian Empire. It characterizes the basic principles of Russian confessional policy concerning Armenians, such as the state’s support of the Armenian Apostolic Church and its opposition to Catholic and Protestant propaganda among Armenians. This article discusses the background of the Armenian Protestant movement and reveals that it was due to the activity of American missionaries in the Ottoman Empire and of the Basel Missionary Society in Russian Transcaucasia. Further, it describes the history of the formation of the Protestant community in the city of Shamakhi in Baku Governorate and the circumstances of its legalization as a parish of the Evangelical Lutheran Church. It also considers the reasons for the conversion of part of the Shamakhi Armenians to Protestantism and the possible contacts of the Protestants of Shamakhi with foreign religious organizations. The author analyzes the reasons and approaches that guided the officials of the MVD (Ministry of Internal Affairs) and the Caucasus Viceroyalty in the settlement of the conflict between the Armenian Protestants and the religious authorities of the Armenian Apostolic Church. He comes to the conclusion that the religious crisis in Shamakhi was resolved by the Russian powers in compliance with the principles of imperial bureaucratic confessionalism and limited religious tolerance that existed in Russia before 1905.</b>
      </abstract>
      <kwd-group>
        <kwd>Russian empire</kwd>
        <kwd>Protestantism</kwd>
        <kwd>Lutheranism</kwd>
        <kwd>Armenian Apostolic Church</kwd>
        <kwd>Basel Mission</kwd>
        <kwd>proselytism.</kwd>
      </kwd-group>
      <counts>
        <table-count count="0" />
        <page-count count="0" />
      </counts>
    </article-meta>
  </front>
</article>
