<?xml version='1.0' encoding='UTF-8'?>
<article xmlns:xlink="http://www.w3.org/1999/xlink" dtd-version="1.1">
  <front>
    <journal-meta>
      <journal-id jjournal-id-type="publisher">GRC</journal-id>
      <journal-title-group>
        <journal-title>Gosudarstvo, religiia, tserkov' v Rossii i za rubezhom </journal-title>
        <abbrev-journal-title abbrev-type="nlm-ta" />
      </journal-title-group>
      <issn pub-type="ppub" />
      <issn pub-type="epub" />
    </journal-meta>
    <article-meta>
      <article-id pub-id-type="manuscript" />
      <article-categories>
        <subj-group subj-group-type="article_type">
          <subject>Research article</subject>
        </subj-group>
        <subj-group subj-group-type="subject_areas">
          <subject> </subject>
      </subj-group>
      </article-categories>
      <title-group>
        <article-title>Theology in Contemporary Russian Academia</article-title>
        <alt-title alt-title-type="running" />
      </title-group>
      <contrib-group>
        <contrib contrib-type="author">
          <name>
            <surname>(Alfeyev)</surname>
            <given-names>Hilarion</given-names>
          </name>
          <email />
          <role content-type="1" />
          <xref ref-type="aff" rid="aff1" />
        </contrib>
        <aff id="aff1">
          <institution />
          <addr-line content-type="addrline1" />
          <addr-line content-type="city" />
          <addr-line content-type="state" />
          <addr-line content-type="zipcode" />
          <addr-line content-type="country" />
      </aff>
      </contrib-group>
      <pub-date pub-type="epub" />
      <pub-date pub-type="ppub" />
      <elocation-id />
      <history>
        <date data-type="received">
          <day />
          <month />
          <year>2016</year>
      </date>
      </history>
      <permissions>
        <copyright-statement>Russian Presidential Academy of National Economy and Public Administration.</copyright-statement>
        <copyright-year>© 2016</copyright-year>
      </permissions>
      <abstract>
        <b>The article chronicles the history of emergence of theology as educational subject and scientific discipline in the Russian higher education and the academic studies since 1992. Theology as educational subject appeared not as the project suggested by religious organizations, but rather as an initiative of the state educational bodies and the institutions of higher education as the result of the institutional collapse of the structure of scientific atheism in 1991. The article provides historical information on the development of the attitude of hierarchy of Russian Orthodox Church to the idea of university theology and on the role of the Church in development of state theological educational standards, as well as in introducing theology into the list of scientific disciplines. The article then discusses the debatable issues of qualifying theology as a scientific discipline. Drawing upon Habermasian approach, the author examines the meaning of the secular status of university education and the scientific status of theology in social and philosophical perspectives.</b>
      </abstract>
      <kwd-group>
        <kwd>Russian Orthodox Church</kwd>
        <kwd>theology</kwd>
        <kwd>scientific atheism</kwd>
        <kwd>study of religion</kwd>
        <kwd>departments of theology</kwd>
        <kwd>post-secular society</kwd>
        <kwd>secularism.</kwd>
      </kwd-group>
      <counts>
        <table-count count="0" />
        <page-count count="0" />
      </counts>
    </article-meta>
  </front>
</article>
