<?xml version='1.0' encoding='UTF-8'?>
<article xmlns:xlink="http://www.w3.org/1999/xlink" dtd-version="1.1">
  <front>
    <journal-meta>
      <journal-id jjournal-id-type="publisher">GRC</journal-id>
      <journal-title-group>
        <journal-title>Gosudarstvo, religiia, tserkov' v Rossii i za rubezhom </journal-title>
        <abbrev-journal-title abbrev-type="nlm-ta" />
      </journal-title-group>
      <issn pub-type="ppub" />
      <issn pub-type="epub" />
    </journal-meta>
    <article-meta>
      <article-id pub-id-type="manuscript" />
      <article-categories>
        <subj-group subj-group-type="article_type">
          <subject>Research article</subject>
        </subj-group>
        <subj-group subj-group-type="subject_areas">
          <subject> </subject>
      </subj-group>
      </article-categories>
      <title-group>
        <article-title>Polonia semper fidelis? National Mythology, Religion and Politics in Poland</article-title>
        <alt-title alt-title-type="running" />
      </title-group>
      <contrib-group>
        <contrib contrib-type="author">
          <name>
            <surname>Zubrzycki</surname>
            <given-names>Geneviève</given-names>
          </name>
          <email />
          <role content-type="1" />
          <xref ref-type="aff" rid="aff1" />
        </contrib>
        <aff id="aff1">
          <institution />
          <addr-line content-type="addrline1" />
          <addr-line content-type="city" />
          <addr-line content-type="state" />
          <addr-line content-type="zipcode" />
          <addr-line content-type="country" />
      </aff>
      </contrib-group>
      <pub-date pub-type="epub" />
      <pub-date pub-type="ppub" />
      <elocation-id />
      <history>
        <date data-type="received">
          <day />
          <month />
          <year>2016</year>
      </date>
      </history>
      <permissions>
        <copyright-statement>Russian Presidential Academy of National Economy and Public Administration.</copyright-statement>
        <copyright-year>© 2016</copyright-year>
      </permissions>
      <abstract>
        <b>This article is devoted to the national mythology of Poland, — in particular, to the myth of Polonia semper fidelis, the central myth of national identity. According to this mythology, Poland is essentially and eternally Catholic, it is martyred for the sins of the world but resurrected for its salvation. The author traces the history of this myth since 17th century till nowadays. Then one can find analysis of myth’s transformations in Post-Communist period, in particular, in the context of debates about the place of Catholicism and Catholic Church in politics and public sphere. The author shows how this myth divides the Polish society, which leads to a series of conflicts and culture wars between religious conservatives and proponents of secular choice for Poland. In particular, the author analyzes “wars of the cross” after Smolensk plane crash in 2010, phenomenon of “Radio Maria” and the so-called “mohair berets”, emergence of new antireligious political forces (“The Palikot Movement”). Article concludes that the myth of Catholic Poland continues to play an important role in the life of the state, but at the same time it becomes more and more a dividing factor which weakens civil society.</b>
      </abstract>
      <kwd-group>
        <kwd>Poland</kwd>
        <kwd>national mythology</kwd>
        <kwd>Catholic church</kwd>
        <kwd>Catholicism</kwd>
        <kwd>cultural war.</kwd>
      </kwd-group>
      <counts>
        <table-count count="0" />
        <page-count count="0" />
      </counts>
    </article-meta>
  </front>
</article>
