<?xml version='1.0' encoding='UTF-8'?>
<article xmlns:xlink="http://www.w3.org/1999/xlink" dtd-version="1.1">
  <front>
    <journal-meta>
      <journal-id jjournal-id-type="publisher">State, Religion and Church in Russia and Worldwide</journal-id>
      <journal-title-group>
        <journal-title>Gosudarstvo, religiia, tserkov' v Rossii i za rubezhom</journal-title>
        <abbrev-journal-title abbrev-type="nlm-ta" />
      </journal-title-group>
      <issn pub-type="ppub" />
      <issn pub-type="epub" />
    </journal-meta>
    <article-meta>
      <article-id pub-id-type="manuscript" />
      <article-categories>
        <subj-group subj-group-type="article_type">
          <subject>Research article</subject>
        </subj-group>
        <subj-group subj-group-type="subject_areas" />
      </article-categories>
      <title-group>
        <article-title>A Matter of Taste. On a Certain Division within the Roman Catholic Community in Poland</article-title>
        <alt-title alt-title-type="running" />
      </title-group>
      <contrib-group>
        <contrib contrib-type="author">
          <name>
            <surname>Sekerdei</surname>
            <given-names>Kinga</given-names>
          </name>
          <email />
          <role content-type="1" />
          <xref ref-type="aff" rid="aff1" />
        </contrib>
        <aff id="aff1">
          <institution />
          <addr-line content-type="addrline1" />
          <addr-line content-type="city" />
          <addr-line content-type="state" />
          <addr-line content-type="zipcode" />
          <addr-line content-type="country" />
      </aff>
      </contrib-group>
      <pub-date pub-type="epub" />
      <pub-date pub-type="ppub" />
      <elocation-id />
      <history>
        <date data-type="received">
          <day />
          <month />
          <year>2016</year>
      </date>
      </history>
      <permissions>
        <copyright-statement>Russian Presidential Academy of National Economy and Public Administration.</copyright-statement>
        <copyright-year>© 2016</copyright-year>
      </permissions>
      <abstract>
        <b>This article examines a cleavage inside the Catholic Church in Poland between the followers of “open” and “closed” Catholicism. Drawing upon empirical research of “Radio Maryja” and Dominican Order activists, the author uses Pierre Bourdieu’s concepts to show that this cleavage is rooted in social (“class”) distinctions. “Open” Catholics have better education; “closed” Catholics are usually older people with elementary education. Yet these  distinctions do not affect the capability of people to adapt themselves to new economic realities. Author refutes the existing myth that “closed” Catholics are passive, lacking dynamism, and relying blindly upon old patterns of behavior. Both groups show similar religious attitudes, and the difference is more about the style of their Christian faith, rather than its content. “Open” Catholics are more reflective; “closed” — more emotional. Finally, the difference is a matter of taste and aesthetical preferences, more than anything else.</b>
      </abstract>
      <kwd-group>
        <kwd>“Radio Maryja”</kwd>
        <kwd>Catholicism</kwd>
        <kwd>Poland</kwd>
        <kwd>liberalism</kwd>
        <kwd>Pierre Bourdieu.</kwd>
      </kwd-group>
      <counts>
        <table-count count="0" />
        <page-count count="0" />
      </counts>
    </article-meta>
  </front>
</article>
