<?xml version='1.0' encoding='UTF-8'?>
<article xmlns:xlink="http://www.w3.org/1999/xlink" dtd-version="1.1">
  <front>
    <journal-meta>
      <journal-id jjournal-id-type="publisher">State, Religion and Church in Russia and Worldwide</journal-id>
      <journal-title-group>
        <journal-title>Gosudarstvo, religiia, tserkov' v Rossii i za rubezhom</journal-title>
        <abbrev-journal-title abbrev-type="nlm-ta" />
      </journal-title-group>
      <issn pub-type="ppub" />
      <issn pub-type="epub" />
    </journal-meta>
    <article-meta>
      <article-id pub-id-type="manuscript" />
      <article-categories>
        <subj-group subj-group-type="article_type">
          <subject>Research article</subject>
        </subj-group>
        <subj-group subj-group-type="subject_areas" />
      </article-categories>
      <title-group>
        <article-title>From «Folk Religiosity» to «Lived Religion»: Terminological Debate within the Polish Anthropology of Religion</article-title>
        <alt-title alt-title-type="running" />
      </title-group>
      <contrib-group>
        <contrib contrib-type="author">
          <name>
            <surname>Niedźwiedź</surname>
            <given-names>Anna</given-names>
          </name>
          <email />
          <role content-type="1" />
          <xref ref-type="aff" rid="aff1" />
        </contrib>
        <aff id="aff1">
          <institution />
          <addr-line content-type="addrline1" />
          <addr-line content-type="city" />
          <addr-line content-type="state" />
          <addr-line content-type="zipcode" />
          <addr-line content-type="country" />
      </aff>
      </contrib-group>
      <pub-date pub-type="epub" />
      <pub-date pub-type="ppub" />
      <elocation-id />
      <history>
        <date data-type="received">
          <day />
          <month />
          <year>2016</year>
      </date>
      </history>
      <permissions>
        <copyright-statement>Russian Presidential Academy of National Economy and Public Administration.</copyright-statement>
        <copyright-year>© 2016</copyright-year>
      </permissions>
      <abstract>
        <b>This article analyses the problematic and debated terminology used specifically within Polish anthropology of religion and proposes new paths more relevant in current transnational and non-binary focused interpretative contexts. In the 1980s, when the anthropological turn in Polish ethnography/ethnology took place, «folk religiosity» was the most common term used in anthropological studies on religion within Polish academia (most of these studies focused on Catholicism in a rural setting). This article examines the historical contexts which led to the formation and popularization of this term. It also exposes its limitations and contestations. Other terms used and debated by Polish anthropologists, such as «folk-type religion», «religious culture», «popular religion», are discussed in relation to past and present debates within the Polish anthropology of religion. As a solution to overcoming the obstacles generated by the use of the «folk religiosity» concept, the author proposes to introduce the term «lived religion». The practical approach of «lived religion» goes beyond «folk» — «elite», «non-official» — «official» binaries. Coined within the French sociology of religion (as «religion vécue») and since the 1990s popularized in Anglo-Saxon anthropology, the term «lived religion» reflects new approaches within studies on religion(s). These focus on the practical dimension of religion as well as its materiality and sensuality. Interestingly, all these topics can be also traced in particular studies on Catholicism by Polish researchers.</b>
      </abstract>
      <kwd-group>
        <kwd>anthropology of religion</kwd>
        <kwd>folk religion</kwd>
        <kwd>popular religion</kwd>
        <kwd>lived religion</kwd>
        <kwd>Polish ethnology</kwd>
        <kwd>terminological debate.</kwd>
      </kwd-group>
      <counts>
        <table-count count="0" />
        <page-count count="0" />
      </counts>
    </article-meta>
  </front>
</article>
