<?xml version='1.0' encoding='UTF-8'?>
<article xmlns:xlink="http://www.w3.org/1999/xlink" dtd-version="1.1">
  <front>
    <journal-meta>
      <journal-id jjournal-id-type="publisher">GRC</journal-id>
      <journal-title-group>
        <journal-title>Gosudarstvo, religiia, tserkov' v Rossii i za rubezhom </journal-title>
        <abbrev-journal-title abbrev-type="nlm-ta" />
      </journal-title-group>
      <issn pub-type="ppub" />
      <issn pub-type="epub" />
    </journal-meta>
    <article-meta>
      <article-id pub-id-type="manuscript" />
      <article-categories>
        <subj-group subj-group-type="article_type">
          <subject>Research Letter</subject>
        </subj-group>
        <subj-group subj-group-type="subject_areas">
          <subject> </subject>
      </subj-group>
      </article-categories>
      <title-group>
        <article-title>Forgotten Time, or Techniques of the Self in Contemporary Orthodox Convents</article-title>
        <alt-title alt-title-type="running" />
      </title-group>
      <contrib-group>
        <contrib contrib-type="author">
          <name>
            <surname>Dubovka</surname>
            <given-names>Daria</given-names>
          </name>
          <email />
          <role content-type="1" />
          <xref ref-type="aff" rid="aff1" />
        </contrib>
        <aff id="aff1">
          <institution />
          <addr-line content-type="addrline1" />
          <addr-line content-type="city" />
          <addr-line content-type="state" />
          <addr-line content-type="zipcode" />
          <addr-line content-type="country" />
      </aff>
      </contrib-group>
      <pub-date pub-type="epub" />
      <pub-date pub-type="ppub" />
      <elocation-id />
      <history>
        <date data-type="received">
          <day />
          <month />
          <year>2015</year>
      </date>
      </history>
      <permissions>
        <copyright-statement />
        <copyright-year />
      </permissions>
      <abstract>
        <b>According to secular views, some religious techniques of the self, such as complete subordination of a person to spiritual leader, seem to violate basic human rights, and hence unacceptable. Conversely, religious traditions have different views on the subject and his / her good, and how this good can be achieved. In today’s world, however, religious groups have to relate their views with the secular environment, and, therefore, some self-cultivation techniques represent a mixture of different worldviews. This article examines the techniques of the self in contemporary Orthodox convents. It explores how the notion of spiritual growth is influenced by an inner contradiction within the Orthodox Christian concept of sainthood — namely, between the deep perception of one’s sinfulness and the rising of virtues. The secular understanding of time, which exists in today’s monasteries, emphasizes this contradiction and puts into question the possibility of spiritual growth. By concentrating on diachronic dimension of self-transformation techniques, this article challenges current understanding of the secular and non-secular agency.</b>
      </abstract>
      <kwd-group>
        <kwd>anthropology of religion</kwd>
        <kwd>contemporary Orthodox monasteries</kwd>
        <kwd>techniques of the self</kwd>
        <kwd>secular and non-secular agency</kwd>
        <kwd>subjectivity.</kwd>
      </kwd-group>
      <counts>
        <table-count count="0" />
        <page-count count="0" />
      </counts>
    </article-meta>
  </front>
</article>
