<?xml version='1.0' encoding='UTF-8'?>
<article xmlns:xlink="http://www.w3.org/1999/xlink" dtd-version="1.1">
  <front>
    <journal-meta>
      <journal-id jjournal-id-type="publisher">GRC</journal-id>
      <journal-title-group>
        <journal-title>Gosudarstvo, religiia, tserkov' v Rossii i za rubezhom </journal-title>
        <abbrev-journal-title abbrev-type="nlm-ta" />
      </journal-title-group>
      <issn pub-type="ppub" />
      <issn pub-type="epub" />
    </journal-meta>
    <article-meta>
      <article-id pub-id-type="manuscript" />
      <article-categories>
        <subj-group subj-group-type="article_type">
          <subject>Research Letter</subject>
        </subj-group>
        <subj-group subj-group-type="subject_areas">
          <subject> </subject>
      </subj-group>
      </article-categories>
      <title-group>
        <article-title>Wolfhart Pannenberg’s Theology of History</article-title>
        <alt-title alt-title-type="running" />
      </title-group>
      <contrib-group>
        <contrib contrib-type="author">
          <name>
            <surname>Lavrentiev</surname>
            <given-names>Andrey</given-names>
          </name>
          <email />
          <role content-type="1" />
          <xref ref-type="aff" rid="aff1" />
        </contrib>
        <aff id="aff1">
          <institution />
          <addr-line content-type="addrline1" />
          <addr-line content-type="city" />
          <addr-line content-type="state" />
          <addr-line content-type="zipcode" />
          <addr-line content-type="country" />
      </aff>
      </contrib-group>
      <pub-date pub-type="epub" />
      <pub-date pub-type="ppub" />
      <elocation-id />
      <history>
        <date data-type="received">
          <day />
          <month />
          <year>2015</year>
      </date>
      </history>
      <permissions>
        <copyright-statement />
        <copyright-year />
      </permissions>
      <abstract>
        <b>The article deals with the role of Christianity in the universal history, as represented in the works of modern German theologian Wolfhart Pannenberg (1926–2014). In the first part it discusses the problems of anthropological and theological approaches towards church history and the theory of historical research. The author represents the problem, which was widely discussed in western theology — a problem of correlation between salvation history (Heilsgeschichte) and universal history as well as the Pannenberg’s idea of indirect action of God in historical process. Pannenberg’s historical-theological views are put in dialogue with such thinkers of the 20th century as O. Cullmann, K. Rahner, J. Daniélou, E. Mühlenberg. Then the article explores Pannenberg’s views on the Christian church’s role in the forming of Western civilization. In addition to the constructive contribution of the church to the civilized system of European nations, Pannenberg views destructive consequences of Christians’ retreat from their true religious missions, seen in such dramatic events as religious wars and the extinction of the Christian state.</b>
      </abstract>
      <kwd-group>
        <kwd>philosophy and theology of history</kwd>
        <kwd>church history</kwd>
        <kwd>modern German theology</kwd>
        <kwd>Wolfhart Pannenberg.</kwd>
      </kwd-group>
      <counts>
        <table-count count="0" />
        <page-count count="0" />
      </counts>
    </article-meta>
  </front>
</article>
