<?xml version='1.0' encoding='UTF-8'?>
<article xmlns:xlink="http://www.w3.org/1999/xlink" dtd-version="1.1">
  <front>
    <journal-meta>
      <journal-id jjournal-id-type="publisher">State, Religion and Church in Russia and Worldwide</journal-id>
      <journal-title-group>
        <journal-title>Gosudarstvo, religiia, tserkov' v Rossii i za rubezhom</journal-title>
        <abbrev-journal-title abbrev-type="nlm-ta" />
      </journal-title-group>
      <issn pub-type="ppub" />
      <issn pub-type="epub" />
    </journal-meta>
    <article-meta>
      <article-id pub-id-type="manuscript" />
      <article-categories>
        <subj-group subj-group-type="article_type">
          <subject>Research article</subject>
        </subj-group>
        <subj-group subj-group-type="subject_areas" />
      </article-categories>
      <title-group>
        <article-title>«It’s time to write a comprehensive history of religion in Russia…»</article-title>
        <alt-title alt-title-type="running" />
      </title-group>
      <contrib-group>
        <contrib contrib-type="author">
          <name>
            <surname>Werth</surname>
            <given-names>Paul</given-names>
          </name>
          <email />
          <role content-type="1" />
          <xref ref-type="aff" rid="aff1" />
        </contrib>
        <aff id="aff1">
          <institution />
          <addr-line content-type="addrline1" />
          <addr-line content-type="city" />
          <addr-line content-type="state" />
          <addr-line content-type="zipcode" />
          <addr-line content-type="country" />
      </aff>
      </contrib-group>
      <pub-date pub-type="epub" />
      <pub-date pub-type="ppub" />
      <elocation-id />
      <history>
        <date data-type="received">
          <day />
          <month />
          <year>2014</year>
      </date>
      </history>
      <permissions>
        <copyright-statement>Russian Presidential Academy of National Economy and Public Administration.</copyright-statement>
        <copyright-year>© 2014</copyright-year>
      </permissions>
      <abstract>
        <b>In his interview, the American historian Paul Werth tells about contemporary state of Russian studies in the USA, his intellectual biography and the prospects of the studies of the Russian religious history. Nowadays in America Russian studies and other country specific researches face some problems. Nevertheless, the conferences are hold and the articles published even in the regions, which are distant from the main scientific centers. Paul Werth makes an overview of sources helping to reconstruct the dynamic of religious freedom in Tsarist Russia. The historian analyzes interaction of religious institutes of Russian Empire and its administrative structure, national movements, and ideological climate. Werth demonstrates that in the imperial Russia infringement of religious freedom was an effect of relationship between religious institutions and political, administrative and social structure of Empire, but not the result of a particular worldview. The research of the Russian imperial experience helps to draw the more general conclusion in the religious studies and social theory. For example, the level of religious freedom is negatively correlated to the use of religion in the secular public life.</b>
      </abstract>
      <kwd-group>
        <kwd>religion in Russian Empire</kwd>
        <kwd>Russian studies in USA</kwd>
        <kwd>religious freedom.</kwd>
      </kwd-group>
      <counts>
        <table-count count="0" />
        <page-count count="0" />
      </counts>
    </article-meta>
  </front>
</article>
