<?xml version='1.0' encoding='UTF-8'?>
<article xmlns:xlink="http://www.w3.org/1999/xlink" dtd-version="1.1">
  <front>
    <journal-meta>
      <journal-id jjournal-id-type="publisher">State, Religion and Church in Russia and Worldwide</journal-id>
      <journal-title-group>
        <journal-title>Gosudarstvo, religiia, tserkov' v Rossii i za rubezhom</journal-title>
        <abbrev-journal-title abbrev-type="nlm-ta" />
      </journal-title-group>
      <issn pub-type="ppub" />
      <issn pub-type="epub" />
    </journal-meta>
    <article-meta>
      <article-id pub-id-type="manuscript" />
      <article-categories>
        <subj-group subj-group-type="article_type">
          <subject>Research article</subject>
        </subj-group>
        <subj-group subj-group-type="subject_areas" />
      </article-categories>
      <title-group>
        <article-title>Religion and Сonstructs of National Identities in Eastern Europe in the 20th Century: An Introduction</article-title>
        <alt-title alt-title-type="running" />
      </title-group>
      <contrib-group>
        <contrib contrib-type="author">
          <name>
            <surname>Beliakova</surname>
            <given-names>Nadezhda</given-names>
          </name>
          <email />
          <role content-type="1" />
          <xref ref-type="aff" rid="aff1" />
        </contrib>
        <aff id="aff1">
          <institution />
          <addr-line content-type="addrline1" />
          <addr-line content-type="city" />
          <addr-line content-type="state" />
          <addr-line content-type="zipcode" />
          <addr-line content-type="country" />
      </aff>
      </contrib-group>
      <pub-date pub-type="epub" />
      <pub-date pub-type="ppub" />
      <elocation-id />
      <history>
        <date data-type="received">
          <day />
          <month />
          <year>2014</year>
      </date>
      </history>
      <permissions>
        <copyright-statement>Russian Presidential Academy of National Economy and Public Administration.</copyright-statement>
        <copyright-year>© 2014</copyright-year>
      </permissions>
      <abstract>
        <b>Introducing the main theme of the issue, the paper is trying to abandon commonplaces and clichés and to emphasize the subjects that were not in focus in earlier research. The papers of this volume show local complexities in how religious factor played in the history of Eastern Europe in the twentieth century. The thesis that some confessions are more engaged in the nation-building than others, seems to be a simplification, because Catholics, Orthodox and Protestants were equally involved in the process of constructing national identity.</b>
      </abstract>
      <kwd-group>
        <kwd>religion</kwd>
        <kwd>national identity</kwd>
        <kwd>Eastern Europe</kwd>
        <kwd>history of the 20‑th century</kwd>
        <kwd>Orthodox Church</kwd>
        <kwd>Catholic church</kwd>
        <kwd>Protestants.</kwd>
      </kwd-group>
      <counts>
        <table-count count="0" />
        <page-count count="0" />
      </counts>
    </article-meta>
  </front>
</article>
