<?xml version='1.0' encoding='UTF-8'?>
<article xmlns:xlink="http://www.w3.org/1999/xlink" dtd-version="1.1">
  <front>
    <journal-meta>
      <journal-id jjournal-id-type="publisher">State, Religion and Church in Russia and Worldwide</journal-id>
      <journal-title-group>
        <journal-title>Gosudarstvo, religiia, tserkov' v Rossii i za rubezhom</journal-title>
        <abbrev-journal-title abbrev-type="nlm-ta" />
      </journal-title-group>
      <issn pub-type="ppub" />
      <issn pub-type="epub" />
    </journal-meta>
    <article-meta>
      <article-id pub-id-type="manuscript" />
      <article-categories>
        <subj-group subj-group-type="article_type">
          <subject>Research article</subject>
        </subj-group>
        <subj-group subj-group-type="subject_areas" />
      </article-categories>
      <title-group>
        <article-title>Constructing National Identity in the Socialist Yugoslavia and the Issue of Macedonian Church</article-title>
        <alt-title alt-title-type="running" />
      </title-group>
      <contrib-group>
        <contrib contrib-type="author">
          <name>
            <surname>Belyakova</surname>
            <given-names>Taisiya</given-names>
          </name>
          <email />
          <role content-type="1" />
          <xref ref-type="aff" rid="aff1" />
        </contrib>
        <aff id="aff1">
          <institution />
          <addr-line content-type="addrline1" />
          <addr-line content-type="city" />
          <addr-line content-type="state" />
          <addr-line content-type="zipcode" />
          <addr-line content-type="country" />
      </aff>
      </contrib-group>
      <pub-date pub-type="epub" />
      <pub-date pub-type="ppub" />
      <elocation-id />
      <history>
        <date data-type="received">
          <day />
          <month />
          <year>2014</year>
      </date>
      </history>
      <permissions>
        <copyright-statement>Russian Presidential Academy of National Economy and Public Administration.</copyright-statement>
        <copyright-year>© 2014</copyright-year>
      </permissions>
      <abstract>
        <b>The article focuses on the influence of the religious factor on the national identity in the post-war Yugoslavia. The main attention is paid to the state policy of supporting some religious institutions with an aim to affect the national question. The other aspect of research is the representation of the religious policy in the context of national memory as reflected in historiography. As a case study the article examines the issue of separation of Macedonian Orthodox Church and proclamation of its autocephaly from the Serbian Orthodox Church in the context of forming the socialist Yugoslavian society and Cold War discourse.</b>
      </abstract>
      <kwd-group>
        <kwd>national identity</kwd>
        <kwd>Yugoslavia</kwd>
        <kwd>autocephaly</kwd>
        <kwd>Macedonian Orthodox Church</kwd>
        <kwd>Serbian Orthodox Church</kwd>
        <kwd>Josip Broz Tito</kwd>
        <kwd>national question.</kwd>
      </kwd-group>
      <counts>
        <table-count count="0" />
        <page-count count="0" />
      </counts>
    </article-meta>
  </front>
</article>
