<?xml version='1.0' encoding='UTF-8'?>
<article xmlns:xlink="http://www.w3.org/1999/xlink" dtd-version="1.1">
  <front>
    <journal-meta>
      <journal-id jjournal-id-type="publisher">State, Religion and Church in Russia and Worldwide</journal-id>
      <journal-title-group>
        <journal-title>Gosudarstvo, religiia, tserkov' v Rossii i za rubezhom</journal-title>
        <abbrev-journal-title abbrev-type="nlm-ta" />
      </journal-title-group>
      <issn pub-type="ppub" />
      <issn pub-type="epub" />
    </journal-meta>
    <article-meta>
      <article-id pub-id-type="manuscript" />
      <article-categories>
        <subj-group subj-group-type="article_type">
          <subject>Research article</subject>
        </subj-group>
        <subj-group subj-group-type="subject_areas" />
      </article-categories>
      <title-group>
        <article-title>The Orthodox Parish in Non-Orthodox Border Regions of the Russian Empire: the Case of Finland</article-title>
        <alt-title alt-title-type="running" />
      </title-group>
      <contrib-group>
        <contrib contrib-type="author">
          <name>
            <surname>Beglov</surname>
            <given-names>Aleksey</given-names>
          </name>
          <email />
          <role content-type="1" />
          <xref ref-type="aff" rid="aff1" />
        </contrib>
        <aff id="aff1">
          <institution />
          <addr-line content-type="addrline1" />
          <addr-line content-type="city" />
          <addr-line content-type="state" />
          <addr-line content-type="zipcode" />
          <addr-line content-type="country" />
      </aff>
      </contrib-group>
      <pub-date pub-type="epub" />
      <pub-date pub-type="ppub" />
      <elocation-id />
      <history>
        <date data-type="received">
          <day />
          <month />
          <year>2014</year>
      </date>
      </history>
      <permissions>
        <copyright-statement>Russian Presidential Academy of National Economy and Public Administration.</copyright-statement>
        <copyright-year>© 2014</copyright-year>
      </permissions>
      <abstract>
        <b>In this article the problem of the collision of different paradigms of religious and national identity in a multinational and multi-confessional Russian Empire is shown on the example of a debate about the model of the Orthodox parish in Finland. The debate revealed a conflict between the two legal systems — imperial and that of the Grand Duchy of Finland. The Finnish legislation was perceived in the Grand Duchy as a guarantee of national identity. Therefore, the question about the status of the Orthodox parish was central for the conflict between the imperial centre and the periphery, as well as the process of Finland’s national determination. The paper shows that the Empire and its general religious legislation lost in this matter to the Senate and the laws of the Dutchy. At the same time, the discussion resonated the internal Orthodox debate about the improved, ideal organisation of the parish. From this point of view, the Finnish project aroused ambivalent reaction of the Orthodox. On the one hand, they rejected the Protestant influence and a too deep intrusion of the civil authorities into the life of parish community. On the other hand, the supporters of the liberation of parish from the Church-State tutelage hoped that a detailed description of the parish self-government, given in the Finnish project, could be extended to the rest of Empire.</b>
      </abstract>
      <kwd-group>
        <kwd>Russian Orthodox Church</kwd>
        <kwd>Church reforms</kwd>
        <kwd>Orthodox parish</kwd>
        <kwd>pre-conciliar discussions</kwd>
        <kwd>Orthodox parish in Finland</kwd>
        <kwd>the Grand Duchy of Finland</kwd>
        <kwd>the Finnish Senate.</kwd>
      </kwd-group>
      <counts>
        <table-count count="0" />
        <page-count count="0" />
      </counts>
    </article-meta>
  </front>
</article>
