<?xml version='1.0' encoding='UTF-8'?>
<article xmlns:xlink="http://www.w3.org/1999/xlink" dtd-version="1.1">
  <front>
    <journal-meta>
      <journal-id jjournal-id-type="publisher">GRC</journal-id>
      <journal-title-group>
        <journal-title>Gosudarstvo, religiia, tserkov' v Rossii i za rubezhom </journal-title>
        <abbrev-journal-title abbrev-type="nlm-ta" />
      </journal-title-group>
      <issn pub-type="ppub" />
      <issn pub-type="epub" />
    </journal-meta>
    <article-meta>
      <article-id pub-id-type="manuscript" />
      <article-categories>
        <subj-group subj-group-type="article_type">
          <subject>Research article</subject>
        </subj-group>
        <subj-group subj-group-type="subject_areas">
          <subject> </subject>
      </subj-group>
      </article-categories>
      <title-group>
        <article-title>Constructing Ukrainian National Identity in the Subcarpathian Rus by the Greek Catholic Order of St. Basil (1919 – 1939)</article-title>
        <alt-title alt-title-type="running" />
      </title-group>
      <contrib-group>
        <contrib contrib-type="author">
          <name>
            <surname>Kichera</surname>
            <given-names>Victor</given-names>
          </name>
          <email />
          <role content-type="1" />
          <xref ref-type="aff" rid="aff1" />
        </contrib>
        <aff id="aff1">
          <institution />
          <addr-line content-type="addrline1" />
          <addr-line content-type="city" />
          <addr-line content-type="state" />
          <addr-line content-type="zipcode" />
          <addr-line content-type="country" />
      </aff>
      </contrib-group>
      <pub-date pub-type="epub" />
      <pub-date pub-type="ppub" />
      <elocation-id />
      <history>
        <date data-type="received">
          <day />
          <month />
          <year>2014</year>
      </date>
      </history>
      <permissions>
        <copyright-statement>Russian Presidential Academy of National Economy and Public Administration.</copyright-statement>
        <copyright-year>© 2014</copyright-year>
      </permissions>
      <abstract>
        <b>For a long time historical Transcarpathia made part of the various countries. In a foreign cultural environment the local church developed a unique system of relations with the state, keeping intact the ritual-liturgical foundations, including Slavonic language. The article focuses on the reform of the Galician Basilians in Subcarpathian Rus, whose activity caused a collision of Ukrainian, Hungarian and Romanian nationalisms. It explores the particular ways of using the structures of the Basilian Order by the Galician monks for designing the Ukrainian identity in the region.</b>
      </abstract>
      <kwd-group>
        <kwd>Basilian order</kwd>
        <kwd>Greek Catholic Church</kwd>
        <kwd>Old Slavonic language</kwd>
        <kwd>nationalism</kwd>
        <kwd>ritual</kwd>
        <kwd>ethos.</kwd>
      </kwd-group>
      <counts>
        <table-count count="0" />
        <page-count count="0" />
      </counts>
    </article-meta>
  </front>
</article>
