<?xml version='1.0' encoding='UTF-8'?>
<article xmlns:xlink="http://www.w3.org/1999/xlink" dtd-version="1.1">
  <front>
    <journal-meta>
      <journal-id jjournal-id-type="publisher">GRC</journal-id>
      <journal-title-group>
        <journal-title>Gosudarstvo, religiia, tserkov' v Rossii i za rubezhom </journal-title>
        <abbrev-journal-title abbrev-type="nlm-ta" />
      </journal-title-group>
      <issn pub-type="ppub" />
      <issn pub-type="epub" />
    </journal-meta>
    <article-meta>
      <article-id pub-id-type="manuscript" />
      <article-categories>
        <subj-group subj-group-type="article_type">
          <subject>Research Letter</subject>
        </subj-group>
        <subj-group subj-group-type="subject_areas">
          <subject> </subject>
      </subj-group>
      </article-categories>
      <title-group>
        <article-title>Genealogy of the Idea of Monarchy in Post-Soviet Political Discourses of the Russian Orthodox Church</article-title>
        <alt-title alt-title-type="running" />
      </title-group>
      <contrib-group>
        <contrib contrib-type="author">
          <name>
            <surname>Suslov</surname>
            <given-names>Mikhail</given-names>
          </name>
          <email />
          <role content-type="1" />
          <xref ref-type="aff" rid="aff1" />
        </contrib>
        <aff id="aff1">
          <institution />
          <addr-line content-type="addrline1" />
          <addr-line content-type="city" />
          <addr-line content-type="state" />
          <addr-line content-type="zipcode" />
          <addr-line content-type="country" />
      </aff>
      </contrib-group>
      <pub-date pub-type="epub" />
      <pub-date pub-type="ppub" />
      <elocation-id />
      <history>
        <date data-type="received">
          <day />
          <month />
          <year>2014</year>
      </date>
      </history>
      <permissions>
        <copyright-statement />
        <copyright-year />
      </permissions>
      <abstract>
        <b>This article focuses on the concept of monarchy with the emphasis on its traditional Russian “autocratic” model. The author inquires into the ways this concept is being used in today’s Russian Orthodox Church and in the circles of religiously motivated intellectuals. Inspired by the “contextualist” tradition in conceptual history, this article traces the concept of “monarchy” back to the pre-revolutionary and émigré thinkers and argues that the two understandings of it have been evolving throughout Russia’s modern history: the tradition of “god-kingship” (tsarebozhie), now largely marginalized, and the Slavophil interpretation that made a substantial shift towards the idea of popular sovereignty and is now dominating the official and mainstream Orthodox political thought. This Slavophil concept of monarchy is internally contradictory and instable, what makes its usage problematic, but at the same time, it opens the possibility of a new and original theorizing.</b>
      </abstract>
      <kwd-group>
        <kwd>Russian Orthodox Church</kwd>
        <kwd>monarchy</kwd>
        <kwd>monarchism</kwd>
        <kwd>sacred kingship</kwd>
        <kwd>popular sovereignty</kwd>
        <kwd>Slavophil</kwd>
        <kwd>“Bases of the Social Concept”.</kwd>
      </kwd-group>
      <counts>
        <table-count count="0" />
        <page-count count="0" />
      </counts>
    </article-meta>
  </front>
</article>
