<?xml version='1.0' encoding='UTF-8'?>
<article xmlns:xlink="http://www.w3.org/1999/xlink" dtd-version="1.1">
  <front>
    <journal-meta>
      <journal-id jjournal-id-type="publisher">GRC</journal-id>
      <journal-title-group>
        <journal-title>Gosudarstvo, religiia, tserkov' v Rossii i za rubezhom </journal-title>
        <abbrev-journal-title abbrev-type="nlm-ta" />
      </journal-title-group>
      <issn pub-type="ppub" />
      <issn pub-type="epub" />
    </journal-meta>
    <article-meta>
      <article-id pub-id-type="manuscript" />
      <article-categories>
        <subj-group subj-group-type="article_type">
          <subject>Research Letter</subject>
        </subj-group>
        <subj-group subj-group-type="subject_areas">
          <subject> </subject>
      </subj-group>
      </article-categories>
      <title-group>
        <article-title>The Russian Orthodox Church’s Approach to Human Rights</article-title>
        <alt-title alt-title-type="running" />
      </title-group>
      <contrib-group>
        <contrib contrib-type="author">
          <name>
            <surname>Stoeckl</surname>
            <given-names>Kristina</given-names>
          </name>
          <email />
          <role content-type="1" />
          <xref ref-type="aff" rid="aff1" />
        </contrib>
        <aff id="aff1">
          <institution />
          <addr-line content-type="addrline1" />
          <addr-line content-type="city" />
          <addr-line content-type="state" />
          <addr-line content-type="zipcode" />
          <addr-line content-type="country" />
      </aff>
      </contrib-group>
      <pub-date pub-type="epub" />
      <pub-date pub-type="ppub" />
      <elocation-id />
      <history>
        <date data-type="received">
          <day />
          <month />
          <year>2014</year>
      </date>
      </history>
      <permissions>
        <copyright-statement />
        <copyright-year />
      </permissions>
      <abstract>
        <b>This article looks at the ways in which the Russian Orthodox Church has approached the international human rights regime from the moment of its foundation — the 1948 “Declaration of Human Rights” — until the adoption of the “Teaching on Human Dignity, Freedom and Rights” by the Bishops Council of the Russian Orthodox Church in 2008. It is argued that within this period, the attitude of the Church has changed from outright rejection to critical acceptance. The article analyzes the political background for this shift and sheds light on ambivalent dynamics inside the Moscow Patriarchate during the last two decades.</b>
      </abstract>
      <kwd-group>
        <kwd>Russian Orthodox Church</kwd>
        <kwd>religion in the USSR</kwd>
        <kwd>human rights</kwd>
        <kwd>religion and modernity.</kwd>
      </kwd-group>
      <counts>
        <table-count count="0" />
        <page-count count="0" />
      </counts>
    </article-meta>
  </front>
</article>
