<?xml version='1.0' encoding='UTF-8'?>
<article xmlns:xlink="http://www.w3.org/1999/xlink" dtd-version="1.1">
  <front>
    <journal-meta>
      <journal-id jjournal-id-type="publisher">GRC</journal-id>
      <journal-title-group>
        <journal-title>Gosudarstvo, religiia, tserkov' v Rossii i za rubezhom </journal-title>
        <abbrev-journal-title abbrev-type="nlm-ta" />
      </journal-title-group>
      <issn pub-type="ppub" />
      <issn pub-type="epub" />
    </journal-meta>
    <article-meta>
      <article-id pub-id-type="manuscript" />
      <article-categories>
        <subj-group subj-group-type="article_type">
          <subject>Research Letter</subject>
        </subj-group>
        <subj-group subj-group-type="subject_areas">
          <subject> </subject>
      </subj-group>
      </article-categories>
      <title-group>
        <article-title>Different Humans and Different Rights? The Concept of Human Dignity in Western and Eastern Orthodox Perspectives</article-title>
        <alt-title alt-title-type="running" />
      </title-group>
      <contrib-group>
        <contrib contrib-type="author">
          <name>
            <surname>Brüning</surname>
            <given-names>Alfons</given-names>
          </name>
          <email />
          <role content-type="1" />
          <xref ref-type="aff" rid="aff1" />
        </contrib>
        <aff id="aff1">
          <institution />
          <addr-line content-type="addrline1" />
          <addr-line content-type="city" />
          <addr-line content-type="state" />
          <addr-line content-type="zipcode" />
          <addr-line content-type="country" />
      </aff>
      </contrib-group>
      <pub-date pub-type="epub" />
      <pub-date pub-type="ppub" />
      <elocation-id />
      <history>
        <date data-type="received">
          <day />
          <month />
          <year>2014</year>
      </date>
      </history>
      <permissions>
        <copyright-statement />
        <copyright-year />
      </permissions>
      <abstract>
        <b>Focusing on the concept of human dignity, the article compares the views of Eastern Orthodox theology and “western” approaches with further distinction between secular, generally neutral models, and Christian theology. Analysis of Eastern Orthodox theology, of the idea of theosis (deification) in particular, shows that theological foundations of “human dignity” in East and West are often closer to each other than it is usually assumed. Consequently, the actual borderline apparently runs not so much between East and West, but rather between secular and religious approaches. At the same time, the existing models of human dignity and human rights seem to have reached dead ends and need a new orientation in order to provide convincing responses to new challenges. The Eastern Orthodox teaching of theosis, as applied in the “Bases of the Russian Orthodox Church´s Teaching on Human Dignity, Freedom and Human Rights” can offer a number of new insights that can be combined with western perspectives for mutual enrichment.</b>
      </abstract>
      <kwd-group>
        <kwd>human dignity</kwd>
        <kwd>human rights</kwd>
        <kwd>Russian Orthodox Church</kwd>
        <kwd>theosis</kwd>
        <kwd>Christian anthropology.</kwd>
      </kwd-group>
      <counts>
        <table-count count="0" />
        <page-count count="0" />
      </counts>
    </article-meta>
  </front>
</article>
