<?xml version='1.0' encoding='UTF-8'?>
<article xmlns:xlink="http://www.w3.org/1999/xlink" dtd-version="1.1">
  <front>
    <journal-meta>
      <journal-id jjournal-id-type="publisher">GRC</journal-id>
      <journal-title-group>
        <journal-title>Gosudarstvo, religiia, tserkov' v Rossii i za rubezhom </journal-title>
        <abbrev-journal-title abbrev-type="nlm-ta" />
      </journal-title-group>
      <issn pub-type="ppub" />
      <issn pub-type="epub" />
    </journal-meta>
    <article-meta>
      <article-id pub-id-type="manuscript" />
      <article-categories>
        <subj-group subj-group-type="article_type">
          <subject>Research Letter</subject>
        </subj-group>
        <subj-group subj-group-type="subject_areas">
          <subject> </subject>
      </subj-group>
      </article-categories>
      <title-group>
        <article-title>Church Autocephaly Through the Lens of Carl Schmitt’s Theory of Sovereignty</article-title>
        <alt-title alt-title-type="running" />
      </title-group>
      <contrib-group>
        <contrib contrib-type="author">
          <name>
            <surname>Shishkov</surname>
            <given-names>Andrey</given-names>
          </name>
          <email />
          <role content-type="1" />
          <xref ref-type="aff" rid="aff1" />
        </contrib>
        <aff id="aff1">
          <institution />
          <addr-line content-type="addrline1" />
          <addr-line content-type="city" />
          <addr-line content-type="state" />
          <addr-line content-type="zipcode" />
          <addr-line content-type="country" />
      </aff>
      </contrib-group>
      <pub-date pub-type="epub" />
      <pub-date pub-type="ppub" />
      <elocation-id />
      <history>
        <date data-type="received">
          <day />
          <month />
          <year>2014</year>
      </date>
      </history>
      <permissions>
        <copyright-statement />
        <copyright-year />
      </permissions>
      <abstract>
        <b>The article discusses the issue of the church autocephaly through the lens of the Carl Schmitt’s theory of sovereignty. It starts from the premise that the concept of autocephaly is synonymous with sovereignty in the area of the inter-Orthodox relations. He uses Carl Schmitt’s concept of sovereignty-as-exception as an analytical tool seeing proclamation of autocephaly by a local church as introducing a state of emergency (exception), from which, in turn, sovereignty is born. As an example, the article considers the history of the Russian autocephaly. The article also introduces the distinction between sovereignty and its limited version, which arises in situations when a mother-church grants autocephaly to her part. An alternative model is the Church of Constantinople’s sovereignty derived from the “primacy of honour” in the Orthodox diptychs. In this respect, the article considers the prospective Pan-Orthodox Council as claiming the supreme authority in Eastern Orthodoxy.</b>
      </abstract>
      <kwd-group>
        <kwd>autocephaly</kwd>
        <kwd>Carl Schmitt</kwd>
        <kwd>ecclesiology</kwd>
        <kwd>Ecumenical Patriarchate</kwd>
        <kwd>exception</kwd>
        <kwd>inter-Orthodox relations</kwd>
        <kwd>Pan-Orthodox Council</kwd>
        <kwd>Russian Orthodox Church</kwd>
        <kwd>sovereignty</kwd>
        <kwd>state of emergency.</kwd>
      </kwd-group>
      <counts>
        <table-count count="0" />
        <page-count count="0" />
      </counts>
    </article-meta>
  </front>
</article>
