<?xml version='1.0' encoding='UTF-8'?>
<article xmlns:xlink="http://www.w3.org/1999/xlink" dtd-version="1.1">
  <front>
    <journal-meta>
      <journal-id jjournal-id-type="publisher">GRC</journal-id>
      <journal-title-group>
        <journal-title>Gosudarstvo, religiia, tserkov' v Rossii i za rubezhom </journal-title>
        <abbrev-journal-title abbrev-type="nlm-ta" />
      </journal-title-group>
      <issn pub-type="ppub" />
      <issn pub-type="epub" />
    </journal-meta>
    <article-meta>
      <article-id pub-id-type="manuscript" />
      <article-categories>
        <subj-group subj-group-type="article_type">
          <subject>Research Letter</subject>
        </subj-group>
        <subj-group subj-group-type="subject_areas">
          <subject> </subject>
      </subj-group>
      </article-categories>
      <title-group>
        <article-title>Mystical Politics as contradiction in adjecto. Thoughts on the Margins of Aristotle Papanikolaou’s Recent Book</article-title>
        <alt-title alt-title-type="running" />
      </title-group>
      <contrib-group>
        <contrib contrib-type="author">
          <name>
            <surname>Kyrlezhev</surname>
            <given-names>Alexander</given-names>
          </name>
          <email />
          <role content-type="1" />
          <xref ref-type="aff" rid="aff1" />
        </contrib>
        <aff id="aff1">
          <institution />
          <addr-line content-type="addrline1" />
          <addr-line content-type="city" />
          <addr-line content-type="state" />
          <addr-line content-type="zipcode" />
          <addr-line content-type="country" />
      </aff>
      </contrib-group>
      <pub-date pub-type="epub" />
      <pub-date pub-type="ppub" />
      <elocation-id />
      <history>
        <date data-type="received">
          <day />
          <month />
          <year>2014</year>
      </date>
      </history>
      <permissions>
        <copyright-statement />
        <copyright-year />
      </permissions>
      <abstract>
        <b>This article is an expanded critical review of the book “The Mystical as Political: Democracy and Non-Radical Orthodoxy” (2012) written by Aristotle Papanikolaou, a contemporary Orthodox theologian. The article contains analysis of key assumptions and arguments of the author of the book who looks at the political regime of liberal democracy from the perspective of Eastern Christian ascetical theology. Position of the author of the book is considered through a possible distinction of several models of the Christian political theology: theology of “using” (the political) versus a theology of “participating” (in the political) versus a-theology of anachoresis (withdrawal from the political). Papanikolaou’s interpretation of traditional asceticism as compatible with liberal democracy is criticized, as well as his overall apology of a certain political regime, which seems arbitrary as the author avoids any formulation of specifically Christian political ideal as opposed to secular philosophical foundations of contemporary polity.</b>
      </abstract>
      <kwd-group>
        <kwd>political theology</kwd>
        <kwd>liberal democracy</kwd>
        <kwd>asceticism</kwd>
        <kwd>theosis</kwd>
        <kwd>divine-human communion</kwd>
        <kwd>virtue of love</kwd>
        <kwd>individual ethics</kwd>
        <kwd>social ethics</kwd>
        <kwd>Orthodox culture.</kwd>
      </kwd-group>
      <counts>
        <table-count count="0" />
        <page-count count="0" />
      </counts>
    </article-meta>
  </front>
</article>
