<?xml version='1.0' encoding='UTF-8'?>
<article xmlns:xlink="http://www.w3.org/1999/xlink" dtd-version="1.1">
  <front>
    <journal-meta>
      <journal-id jjournal-id-type="publisher">State, Religion and Church in Russia and Worldwide</journal-id>
      <journal-title-group>
        <journal-title>Gosudarstvo, religiia, tserkov' v Rossii i za rubezhom</journal-title>
        <abbrev-journal-title abbrev-type="nlm-ta" />
      </journal-title-group>
      <issn pub-type="ppub" />
      <issn pub-type="epub" />
    </journal-meta>
    <article-meta>
      <article-id pub-id-type="manuscript" />
      <article-categories>
        <subj-group subj-group-type="article_type">
          <subject>Research article</subject>
        </subj-group>
        <subj-group subj-group-type="subject_areas" />
      </article-categories>
      <title-group>
        <article-title>„The Case of Crucifixions“ in the European Court: a Postsecular Reading</article-title>
        <alt-title alt-title-type="running" />
      </title-group>
      <contrib-group>
        <contrib contrib-type="author">
          <name>
            <surname>Kyrlezhev</surname>
            <given-names>Alexander</given-names>
          </name>
          <email />
          <role content-type="1" />
          <xref ref-type="aff" rid="aff1" />
        </contrib>
        <aff id="aff1">
          <institution />
          <addr-line content-type="addrline1" />
          <addr-line content-type="city" />
          <addr-line content-type="state" />
          <addr-line content-type="zipcode" />
          <addr-line content-type="country" />
      </aff>
      </contrib-group>
      <pub-date pub-type="epub" />
      <pub-date pub-type="ppub" />
      <elocation-id />
      <history>
        <date data-type="received">
          <day />
          <month />
          <year>2013</year>
      </date>
      </history>
      <permissions>
        <copyright-statement>Russian Presidential Academy of National Economy and Public Administration.</copyright-statement>
        <copyright-year>© 2013</copyright-year>
      </permissions>
      <abstract>
        <b>This article is devoted to the analysis of the case about the presence of crucifixions in public schools («Lautsi and others v. Italy») in European court for human rights (and the prehistory of this case). The author concentrates on the logic of participants of this case and analyses this logic in a broad cultural and ideological context. On the base of the ECHR decisions for the «Lautsi case» three positions and three corresponding groups of actors are outlined: strict secularists, representing projective ideology; soft secularists, orienting on culture and representing reactive ideology; and the followers of religious ideology. This last group in current postsecular situation, characterized by new ideological struggles, tend to form alliance with the second group. The postsecular reading of this case allows author to certify the crisis of traditional European secularism and of the sense of justice in the sphere of interaction between religion and society.</b>
      </abstract>
      <kwd-group>
        <kwd>European court on human rights</kwd>
        <kwd>law</kwd>
        <kwd>law enforcement</kwd>
        <kwd>religious symbol</kwd>
        <kwd>religion</kwd>
        <kwd>ideology</kwd>
        <kwd>secularism</kwd>
        <kwd>postsecular.</kwd>
      </kwd-group>
      <counts>
        <table-count count="0" />
        <page-count count="0" />
      </counts>
    </article-meta>
  </front>
</article>
