<?xml version='1.0' encoding='UTF-8'?>
<article xmlns:xlink="http://www.w3.org/1999/xlink" dtd-version="1.1">
  <front>
    <journal-meta>
      <journal-id jjournal-id-type="publisher">State, Religion and Church in Russia and Worldwide</journal-id>
      <journal-title-group>
        <journal-title>Gosudarstvo, religiia, tserkov' v Rossii i za rubezhom</journal-title>
        <abbrev-journal-title abbrev-type="nlm-ta" />
      </journal-title-group>
      <issn pub-type="ppub" />
      <issn pub-type="epub" />
    </journal-meta>
    <article-meta>
      <article-id pub-id-type="manuscript" />
      <article-categories>
        <subj-group subj-group-type="article_type">
          <subject>Research article</subject>
        </subj-group>
        <subj-group subj-group-type="subject_areas" />
      </article-categories>
      <title-group>
        <article-title>„Russia should not be guided by the European Court of Human Rights“</article-title>
        <alt-title alt-title-type="running" />
      </title-group>
      <contrib-group>
        <contrib contrib-type="author">
          <name>
            <surname>Silantyev</surname>
            <given-names>Roman</given-names>
          </name>
          <email />
          <role content-type="1" />
          <xref ref-type="aff" rid="aff1" />
        </contrib>
        <aff id="aff1">
          <institution />
          <addr-line content-type="addrline1" />
          <addr-line content-type="city" />
          <addr-line content-type="state" />
          <addr-line content-type="zipcode" />
          <addr-line content-type="country" />
      </aff>
      </contrib-group>
      <pub-date pub-type="epub" />
      <pub-date pub-type="ppub" />
      <elocation-id />
      <history>
        <date data-type="received">
          <day />
          <month />
          <year>2013</year>
      </date>
      </history>
      <permissions>
        <copyright-statement>Russian Presidential Academy of National Economy and Public Administration.</copyright-statement>
        <copyright-year>© 2013</copyright-year>
      </permissions>
      <abstract>
        <b>Answering the questions by the Editors of the journal, the official representative of the Russian Orthodox Church shared his views upon a number of issues. He believes the state must react through legislation to protect „religious feelings“ against intentional offences. He also believes that the freedom of expression should be limited, especially in cases of mass rallies and public events. He makes the point that Russia is not obliged to follow the rulings of the European Court of Human Rights. Silantiev calls to hardening of the 1997 Law of religious freedom, especially against those religious associations that tend to create conditions for extremism and terrorism, and that the state has a legitimate right to make a preference toward those religions that are the long established and reliable partners.</b>
      </abstract>
      <kwd-group>
        <kwd>offending religious feelings</kwd>
        <kwd>freedom of expression</kwd>
        <kwd>European Court of Human Rights</kwd>
        <kwd>Russian legislation of the freedom of conscience</kwd>
        <kwd>traditional religions</kwd>
        <kwd>extremism</kwd>
        <kwd>legal pluralism.</kwd>
      </kwd-group>
      <counts>
        <table-count count="0" />
        <page-count count="0" />
      </counts>
    </article-meta>
  </front>
</article>
