<?xml version='1.0' encoding='UTF-8'?>
<article xmlns:xlink="http://www.w3.org/1999/xlink" dtd-version="1.1">
  <front>
    <journal-meta>
      <journal-id jjournal-id-type="publisher">State, Religion and Church in Russia and Worldwide</journal-id>
      <journal-title-group>
        <journal-title>Gosudarstvo, religiia, tserkov' v Rossii i za rubezhom</journal-title>
        <abbrev-journal-title abbrev-type="nlm-ta" />
      </journal-title-group>
      <issn pub-type="ppub" />
      <issn pub-type="epub" />
    </journal-meta>
    <article-meta>
      <article-id pub-id-type="manuscript" />
      <article-categories>
        <subj-group subj-group-type="article_type">
          <subject>Research article</subject>
        </subj-group>
        <subj-group subj-group-type="subject_areas" />
      </article-categories>
      <title-group>
        <article-title>The Social Construction of Legal Pluralism</article-title>
        <alt-title alt-title-type="running" />
      </title-group>
      <contrib-group>
        <contrib contrib-type="author">
          <name>
            <surname>Richardson</surname>
            <given-names>James T.</given-names>
          </name>
          <email />
          <role content-type="1" />
          <xref ref-type="aff" rid="aff1" />
        </contrib>
        <aff id="aff1">
          <institution />
          <addr-line content-type="addrline1" />
          <addr-line content-type="city" />
          <addr-line content-type="state" />
          <addr-line content-type="zipcode" />
          <addr-line content-type="country" />
      </aff>
      </contrib-group>
      <pub-date pub-type="epub" />
      <pub-date pub-type="ppub" />
      <elocation-id />
      <history>
        <date data-type="received">
          <day />
          <month />
          <year>2013</year>
      </date>
      </history>
      <permissions>
        <copyright-statement>Russian Presidential Academy of National Economy and Public Administration.</copyright-statement>
        <copyright-year>© 2013</copyright-year>
      </permissions>
      <abstract>
        <b>This article focuses on historical conditions and sociological variables that contribute to or impede the development of religious freedom. One major set of variables focuses on characteristics of legal and judicial systems. Another set evaluates the characteristics and history of a society, including a society’s cultural values, and how those values are implemented in the regulation of religion. A further set of considerations flows directly from the work of Donald Black in the sociology of law, and includes important variables such as status, intimacy, and third-party partisanship, as well as evidentiary processes and production. Finally, the work of William Chambliss has identified the dialectic processes of law development as useful in allowing us to understand how legal structures protective of religious freedom might be produced.</b>
      </abstract>
      <kwd-group>
        <kwd>dialectic process</kwd>
        <kwd>Donald Black</kwd>
        <kwd>judicial systems</kwd>
        <kwd>legal pluralism</kwd>
        <kwd>legal systems</kwd>
        <kwd>religious freedom</kwd>
        <kwd>Shari’a.</kwd>
      </kwd-group>
      <counts>
        <table-count count="0" />
        <page-count count="0" />
      </counts>
    </article-meta>
  </front>
</article>
