<?xml version='1.0' encoding='UTF-8'?>
<article xmlns:xlink="http://www.w3.org/1999/xlink" dtd-version="1.1">
  <front>
    <journal-meta>
      <journal-id jjournal-id-type="publisher">GRC</journal-id>
      <journal-title-group>
        <journal-title>Gosudarstvo, religiia, tserkov' v Rossii i za rubezhom </journal-title>
        <abbrev-journal-title abbrev-type="nlm-ta" />
      </journal-title-group>
      <issn pub-type="ppub" />
      <issn pub-type="epub" />
    </journal-meta>
    <article-meta>
      <article-id pub-id-type="manuscript" />
      <article-categories>
        <subj-group subj-group-type="article_type">
          <subject>Research article</subject>
        </subj-group>
        <subj-group subj-group-type="subject_areas">
          <subject> </subject>
      </subj-group>
      </article-categories>
      <title-group>
        <article-title>Religious Freedom and the German Circumcision Debate</article-title>
        <alt-title alt-title-type="running" />
      </title-group>
      <contrib-group>
        <contrib contrib-type="author">
          <name>
            <surname>Heimbach-Steins</surname>
            <given-names>Marianne</given-names>
          </name>
          <email />
          <role content-type="1" />
          <xref ref-type="aff" rid="aff1" />
        </contrib>
        <aff id="aff1">
          <institution />
          <addr-line content-type="addrline1" />
          <addr-line content-type="city" />
          <addr-line content-type="state" />
          <addr-line content-type="zipcode" />
          <addr-line content-type="country" />
      </aff>
      </contrib-group>
      <pub-date pub-type="epub" />
      <pub-date pub-type="ppub" />
      <elocation-id />
      <history>
        <date data-type="received">
          <day />
          <month />
          <year>2013</year>
      </date>
      </history>
      <permissions>
        <copyright-statement>Russian Presidential Academy of National Economy and Public Administration.</copyright-statement>
        <copyright-year>© 2013</copyright-year>
      </permissions>
      <abstract>
        <b>In May 2012, a German court in Cologne ruled that circumcising young boys represents grievous bodily harm. This decision, which touched upon the questions of freedom of religious practice, identity and children’s rights, was condemned by Jewish and Muslim representatives in Germany, but it was also widely and controversially debated by civil society and politicians. The German Parliament recently passed legislation protecting circumcision as a religious practice, but the debate is likely to continue. In this paper, Marianne Heimbach-Steins, director of the department of Christian Social Ethics at the University of Münster (Germany), discuss this case and its implications for the definition of religious freedom.</b>
      </abstract>
      <kwd-group>
        <kwd>circumcision</kwd>
        <kwd>Germany</kwd>
        <kwd>Islam</kwd>
        <kwd>Judaism</kwd>
        <kwd>human rights</kwd>
        <kwd>religious freedom.</kwd>
      </kwd-group>
      <counts>
        <table-count count="0" />
        <page-count count="0" />
      </counts>
    </article-meta>
  </front>
</article>
