<?xml version='1.0' encoding='UTF-8'?>
<article xmlns:xlink="http://www.w3.org/1999/xlink" dtd-version="1.1">
  <front>
    <journal-meta>
      <journal-id jjournal-id-type="publisher">State, Religion and Church in Russia and Worldwide</journal-id>
      <journal-title-group>
        <journal-title>Gosudarstvo, religiia, tserkov' v Rossii i za rubezhom</journal-title>
        <abbrev-journal-title abbrev-type="nlm-ta" />
      </journal-title-group>
      <issn pub-type="ppub" />
      <issn pub-type="epub" />
    </journal-meta>
    <article-meta>
      <article-id pub-id-type="manuscript" />
      <article-categories>
        <subj-group subj-group-type="article_type">
          <subject>Research article</subject>
        </subj-group>
        <subj-group subj-group-type="subject_areas" />
      </article-categories>
      <title-group>
        <article-title>From Ignorance to Alleged Extremism: the Problems of Religious Expertise in Russia</article-title>
        <alt-title alt-title-type="running" />
      </title-group>
      <contrib-group>
        <contrib contrib-type="author">
          <name>
            <surname>Zagrebina</surname>
            <given-names>Inna</given-names>
          </name>
          <email />
          <role content-type="1" />
          <xref ref-type="aff" rid="aff1" />
        </contrib>
        <aff id="aff1">
          <institution />
          <addr-line content-type="addrline1" />
          <addr-line content-type="city" />
          <addr-line content-type="state" />
          <addr-line content-type="zipcode" />
          <addr-line content-type="country" />
      </aff>
      </contrib-group>
      <pub-date pub-type="epub" />
      <pub-date pub-type="ppub" />
      <elocation-id />
      <history>
        <date data-type="received">
          <day />
          <month />
          <year>2013</year>
      </date>
      </history>
      <permissions>
        <copyright-statement>Russian Presidential Academy of National Economy and Public Administration.</copyright-statement>
        <copyright-year>© 2013</copyright-year>
      </permissions>
      <abstract>
        <b>The problem of religious expertise in the questions concerning the supposed extremism of some materials is very topical in today’s Russia. Despite the fact that this type of expertise is gaining more and more importance, religious expertise is still lacking theoretical foundations and till nowadays remains beyond the scope of scientific research. Still unexplored are the questions of conditions and special methods of such expertise, the subject of expertise, the status of expert during expertise, the limits of application of special knowledge and so on.</b>
      </abstract>
      <kwd-group>
        <kwd>extremism</kwd>
        <kwd>religious discrimination</kwd>
        <kwd>freedom of conscience and freedom of belief</kwd>
        <kwd>religious expertise</kwd>
        <kwd>expert</kwd>
        <kwd>findings of religious expertise.</kwd>
      </kwd-group>
      <counts>
        <table-count count="0" />
        <page-count count="0" />
      </counts>
    </article-meta>
  </front>
</article>
