<?xml version='1.0' encoding='UTF-8'?>
<article xmlns:xlink="http://www.w3.org/1999/xlink" dtd-version="1.1">
  <front>
    <journal-meta>
      <journal-id jjournal-id-type="publisher">State, Religion and Church in Russia and Worldwide</journal-id>
      <journal-title-group>
        <journal-title>Gosudarstvo, religiia, tserkov' v Rossii i za rubezhom</journal-title>
        <abbrev-journal-title abbrev-type="nlm-ta" />
      </journal-title-group>
      <issn pub-type="ppub" />
      <issn pub-type="epub" />
    </journal-meta>
    <article-meta>
      <article-id pub-id-type="manuscript" />
      <article-categories>
        <subj-group subj-group-type="article_type">
          <subject>Research article</subject>
        </subj-group>
        <subj-group subj-group-type="subject_areas" />
      </article-categories>
      <title-group>
        <article-title>Law and Religion Beyond National Borders: The Virtue of the European Court of Human Rights</article-title>
        <alt-title alt-title-type="running" />
      </title-group>
      <contrib-group>
        <contrib contrib-type="author">
          <name>
            <surname>Ventura</surname>
            <given-names>Marco</given-names>
          </name>
          <email />
          <role content-type="1" />
          <xref ref-type="aff" rid="aff1" />
        </contrib>
        <aff id="aff1">
          <institution />
          <addr-line content-type="addrline1" />
          <addr-line content-type="city" />
          <addr-line content-type="state" />
          <addr-line content-type="zipcode" />
          <addr-line content-type="country" />
      </aff>
      </contrib-group>
      <pub-date pub-type="epub" />
      <pub-date pub-type="ppub" />
      <elocation-id />
      <history>
        <date data-type="received">
          <day />
          <month />
          <year>2013</year>
      </date>
      </history>
      <permissions>
        <copyright-statement>Russian Presidential Academy of National Economy and Public Administration.</copyright-statement>
        <copyright-year>© 2013</copyright-year>
      </permissions>
      <abstract>
        <b>The paper observes the long evolution of the European Court in Strasbourg since the late 1980‑s up to early 2010‑s, examining, in particular, the logic of court ruling on religion-related conflicts and the protection of religious freedoms. The author shows that the main problems in this field were, among others, the management of the rights of majorities (sometimes, the state churches) and minorities (and individuals); the correlation of European norms and principles, based on the Convention of human rights, and the different national legal systems, reflecting on special aspects of national and cultural identities. Drawing upon analysis of a few key cases in the Court, the author reveals major trends in the Court’s approach to religion-related conflicts.</b>
      </abstract>
      <kwd-group>
        <kwd>European Court of Human Rights</kwd>
        <kwd>religious freedom</kwd>
        <kwd>state church</kwd>
        <kwd>state-church legislation</kwd>
        <kwd>European integration and the margin of appreciation</kwd>
        <kwd>secularism.</kwd>
      </kwd-group>
      <counts>
        <table-count count="0" />
        <page-count count="0" />
      </counts>
    </article-meta>
  </front>
</article>
