<?xml version='1.0' encoding='UTF-8'?>
<article xmlns:xlink="http://www.w3.org/1999/xlink" dtd-version="1.1">
  <front>
    <journal-meta>
      <journal-id jjournal-id-type="publisher">GRC</journal-id>
      <journal-title-group>
        <journal-title>Gosudarstvo, religiia, tserkov' v Rossii i za rubezhom </journal-title>
        <abbrev-journal-title abbrev-type="nlm-ta" />
      </journal-title-group>
      <issn pub-type="ppub" />
      <issn pub-type="epub" />
    </journal-meta>
    <article-meta>
      <article-id pub-id-type="manuscript" />
      <article-categories>
        <subj-group subj-group-type="article_type">
          <subject>Research article</subject>
        </subj-group>
        <subj-group subj-group-type="subject_areas">
          <subject> </subject>
      </subj-group>
      </article-categories>
      <title-group>
        <article-title>Admissible Level of „Immorality“: European Law and Traditional Values</article-title>
        <alt-title alt-title-type="running" />
      </title-group>
      <contrib-group>
        <contrib contrib-type="author">
          <name>
            <surname>Levinson</surname>
            <given-names>Lev</given-names>
          </name>
          <email />
          <role content-type="1" />
          <xref ref-type="aff" rid="aff1" />
        </contrib>
        <aff id="aff1">
          <institution />
          <addr-line content-type="addrline1" />
          <addr-line content-type="city" />
          <addr-line content-type="state" />
          <addr-line content-type="zipcode" />
          <addr-line content-type="country" />
      </aff>
      </contrib-group>
      <pub-date pub-type="epub" />
      <pub-date pub-type="ppub" />
      <elocation-id />
      <history>
        <date data-type="received">
          <day />
          <month />
          <year>2013</year>
      </date>
      </history>
      <permissions>
        <copyright-statement>Russian Presidential Academy of National Economy and Public Administration.</copyright-statement>
        <copyright-year>© 2013</copyright-year>
      </permissions>
      <abstract>
        <b>This article deals with the cases in ECHR, concerning suits appealing to the article 10 of the European Convention for Human Rights (freedom of expression). The author pays special attention to claims protesting against state intervention powered by the desire to protect morality as well as against sanctions for blasphemy. One can find analysis of law enforcement practice of ECHR and fluctuations of Court’s strategy (as an example author analyses «the Lautsi case»). Author concludes that the policy of the Court could be characterized as transitional, but the direction of this transition is still unclear. The Court faces two possible alternatives: either the freedom of speech will be defended in all its fullness, or will the margins of appreciation of national powers prevail; in the latter case, the national forces will control ideological, cultural and informational square under pretext of defending religion and morality.</b>
      </abstract>
      <kwd-group>
        <kwd>European Court of Human Rights</kwd>
        <kwd>freedom of speech</kwd>
        <kwd>protection of morality</kwd>
        <kwd>blasphemy</kwd>
        <kwd>feelings of believers</kwd>
        <kwd>religion</kwd>
        <kwd>traditional values.</kwd>
      </kwd-group>
      <counts>
        <table-count count="0" />
        <page-count count="0" />
      </counts>
    </article-meta>
  </front>
</article>
