<?xml version='1.0' encoding='UTF-8'?>
<article xmlns:xlink="http://www.w3.org/1999/xlink" dtd-version="1.1">
  <front>
    <journal-meta>
      <journal-id jjournal-id-type="publisher">GRC</journal-id>
      <journal-title-group>
        <journal-title>Gosudarstvo, religiia, tserkov' v Rossii i za rubezhom </journal-title>
        <abbrev-journal-title abbrev-type="nlm-ta" />
      </journal-title-group>
      <issn pub-type="ppub" />
      <issn pub-type="epub" />
    </journal-meta>
    <article-meta>
      <article-id pub-id-type="manuscript" />
      <article-categories>
        <subj-group subj-group-type="article_type">
          <subject>Research Letter</subject>
        </subj-group>
        <subj-group subj-group-type="subject_areas">
          <subject> </subject>
      </subj-group>
      </article-categories>
      <title-group>
        <article-title>How to Establish an “Anti-Soviet Organization”? History of the Keston Institute and a Letter of Orthodox Believers from Pochaev Monastery</article-title>
        <alt-title alt-title-type="running" />
      </title-group>
      <contrib-group>
        <contrib contrib-type="author">
          <name>
            <surname>Shlikhta</surname>
            <given-names>Natalia</given-names>
          </name>
          <email />
          <role content-type="1" />
          <xref ref-type="aff" rid="aff1" />
        </contrib>
        <aff id="aff1">
          <institution />
          <addr-line content-type="addrline1" />
          <addr-line content-type="city" />
          <addr-line content-type="state" />
          <addr-line content-type="zipcode" />
          <addr-line content-type="country" />
      </aff>
      </contrib-group>
      <pub-date pub-type="epub" />
      <pub-date pub-type="ppub" />
      <elocation-id />
      <history>
        <date data-type="received">
          <day />
          <month />
          <year>2017</year>
      </date>
      </history>
      <permissions>
        <copyright-statement />
        <copyright-year />
      </permissions>
      <abstract>
        <b>This is the publication of a letter from Soviet believers about persecutions of the monks of Pochaev Lavra, Ukraine. This letter is preserved in the Keston Center for Religion Politics and Society at Baylor University, Texas, USA, earlier in the Keston Institute (Oxford, UK). This document reached the West in 1964 and played an important role in spreading the information about antireligious assaults in the USSR in the years of the Khrushchev rule and particularly in the establishment of the Keston Institute in 1969. The publication is accompanied with an introductory note that places the document within the Cold War “religious front” context, and reference commentaries.</b>
      </abstract>
      <kwd-group>
        <kwd>Cold War</kwd>
        <kwd>Keston Institute</kwd>
        <kwd>Michael Bourdeaux</kwd>
        <kwd>USSR</kwd>
        <kwd>Khrushchev’s antireligious campaign</kwd>
        <kwd>Russian Orthodox Church</kwd>
        <kwd>the Pochaev Lavra</kwd>
        <kwd>“epistolary revolution”..</kwd>
      </kwd-group>
      <counts>
        <table-count count="0" />
        <page-count count="0" />
      </counts>
    </article-meta>
  </front>
</article>
