<?xml version='1.0' encoding='UTF-8'?>
<article xmlns:xlink="http://www.w3.org/1999/xlink" dtd-version="1.1">
  <front>
    <journal-meta>
      <journal-id jjournal-id-type="publisher">GRC</journal-id>
      <journal-title-group>
        <journal-title>Gosudarstvo, religiia, tserkov' v Rossii i za rubezhom </journal-title>
        <abbrev-journal-title abbrev-type="nlm-ta" />
      </journal-title-group>
      <issn pub-type="ppub" />
      <issn pub-type="epub" />
    </journal-meta>
    <article-meta>
      <article-id pub-id-type="manuscript" />
      <article-categories>
        <subj-group subj-group-type="article_type">
          <subject>Research Letter</subject>
        </subj-group>
        <subj-group subj-group-type="subject_areas">
          <subject> </subject>
      </subj-group>
      </article-categories>
      <title-group>
        <article-title>Christian Ecumenism today: Crisis or Transformation? Discussion with Ecumenical Leaders of Different Christian Churches (Heikki Huttunen, Dagmar Heller, Johannes Oeldelmann)</article-title>
        <alt-title alt-title-type="running" />
      </title-group>
      <contrib-group>
        <contrib contrib-type="author">
          <name>
            <surname />
            <given-names />
          </name>
          <email />
          <role content-type="1" />
          <xref ref-type="aff" rid="aff1" />
        </contrib>
        <aff id="aff1">
          <institution />
          <addr-line content-type="addrline1" />
          <addr-line content-type="city" />
          <addr-line content-type="state" />
          <addr-line content-type="zipcode" />
          <addr-line content-type="country" />
      </aff>
      </contrib-group>
      <pub-date pub-type="epub" />
      <pub-date pub-type="ppub" />
      <elocation-id />
      <history>
        <date data-type="received">
          <day />
          <month />
          <year>2017</year>
      </date>
      </history>
      <permissions>
        <copyright-statement />
        <copyright-year />
      </permissions>
      <abstract>
        <b>Ecumenical leaders of diferent Christian churches —  Orthodox archpriest Heikki Huttunen, Lutheran pastor Dagmar Heller and Catholic theologian Johannes Oeldemann —  answer questions of the            editorial oice about the current state of ecumenism. In particular, under discussion are the following topics: a crisis of the Ecumenical movement, change of its aims and basic positions over the past            century; reaction of ecumenism to anti‑ecumenical criticism and possibility of dialogue between ecumenists and anti‑ecumenists; conservative Christian alliances as a form of ecumenical cooperation.</b>
      </abstract>
      <kwd-group>
        <kwd>antiecumenism</kwd>
        <kwd>conservative Christian alliances</kwd>
        <kwd>Ecumenical  movement</kwd>
        <kwd>ecumenism</kwd>
        <kwd>inter-confessional  cooperation</kwd>
        <kwd>Pan-Orthodox Council</kwd>
        <kwd>traditional values</kwd>
        <kwd>World Council of  Churches..</kwd>
      </kwd-group>
      <counts>
        <table-count count="0" />
        <page-count count="0" />
      </counts>
    </article-meta>
  </front>
</article>
