<?xml version='1.0' encoding='UTF-8'?>
<article xmlns:xlink="http://www.w3.org/1999/xlink" dtd-version="1.1">
  <front>
    <journal-meta>
      <journal-id jjournal-id-type="publisher">GRC</journal-id>
      <journal-title-group>
        <journal-title>Gosudarstvo, religiia, tserkov' v Rossii i za rubezhom </journal-title>
        <abbrev-journal-title abbrev-type="nlm-ta" />
      </journal-title-group>
      <issn pub-type="ppub" />
      <issn pub-type="epub" />
    </journal-meta>
    <article-meta>
      <article-id pub-id-type="manuscript" />
      <article-categories>
        <subj-group subj-group-type="article_type">
          <subject>Research Letter</subject>
        </subj-group>
        <subj-group subj-group-type="subject_areas">
          <subject> </subject>
      </subj-group>
      </article-categories>
      <title-group>
        <article-title>Two Ecumenisms: Conservative Christian Alliances as a New Form of Ecumenical Cooperation</article-title>
        <alt-title alt-title-type="running" />
      </title-group>
      <contrib-group>
        <contrib contrib-type="author">
          <name>
            <surname>Shishkov</surname>
            <given-names>Andrey</given-names>
          </name>
          <email />
          <role content-type="1" />
          <xref ref-type="aff" rid="aff1" />
        </contrib>
        <aff id="aff1">
          <institution />
          <addr-line content-type="addrline1" />
          <addr-line content-type="city" />
          <addr-line content-type="state" />
          <addr-line content-type="zipcode" />
          <addr-line content-type="country" />
      </aff>
      </contrib-group>
      <pub-date pub-type="epub" />
      <pub-date pub-type="ppub" />
      <elocation-id />
      <history>
        <date data-type="received">
          <day />
          <month />
          <year>2017</year>
      </date>
      </history>
      <permissions>
        <copyright-statement />
        <copyright-year />
      </permissions>
      <abstract>
        <b>An outburst of Orthodox anti‑ecumenical criticism in 2016 raised the question of the current state of ecumenism. Examining this topic, the author describes a new form of ecumenical activity associated with the emergence of conservative Christian alliances in defense of traditional values. This “conservative ecumenism”, or “Ecumenism 2.0,” difers from the “classical ecumenism” that arose in the early 20th century and is represented today by the World Council of Churches and other ecumenical structures. The author considers the phenomenon of “ecumenical consciousness” and shows that it can be found in both types of ecumenism; however, some of the Orthodox anti‑ecumenists who attack the “classical” ecumenism may eagerly opt for this new, conservative “Ecumenism 2.0”. The article discusses the possible competition between the two types ecumenism.</b>
      </abstract>
      <kwd-group>
        <kwd>antiecumenism</kwd>
        <kwd>Christian Right</kwd>
        <kwd>conservatism</kwd>
        <kwd>conservative Christian alliances</kwd>
        <kwd>ecumenical movement</kwd>
        <kwd>Russian Orthodox Church</kwd>
        <kwd>traditional values</kwd>
        <kwd>World Council of Churches</kwd>
        <kwd>World Congress of Families.</kwd>
      </kwd-group>
      <counts>
        <table-count count="0" />
        <page-count count="0" />
      </counts>
    </article-meta>
  </front>
</article>
