<?xml version='1.0' encoding='UTF-8'?>
<article xmlns:xlink="http://www.w3.org/1999/xlink" dtd-version="1.1">
  <front>
    <journal-meta>
      <journal-id jjournal-id-type="publisher">GRC</journal-id>
      <journal-title-group>
        <journal-title>Gosudarstvo, religiia, tserkov' v Rossii i za rubezhom </journal-title>
        <abbrev-journal-title abbrev-type="nlm-ta" />
      </journal-title-group>
      <issn pub-type="ppub" />
      <issn pub-type="epub" />
    </journal-meta>
    <article-meta>
      <article-id pub-id-type="manuscript" />
      <article-categories>
        <subj-group subj-group-type="article_type">
          <subject>Research Letter</subject>
        </subj-group>
        <subj-group subj-group-type="subject_areas">
          <subject> </subject>
      </subj-group>
      </article-categories>
      <title-group>
        <article-title>The Cold War and the Ideological Struggle on the “Religious Front”: Some Patterns of Soviet Propaganda</article-title>
        <alt-title alt-title-type="running" />
      </title-group>
      <contrib-group>
        <contrib contrib-type="author">
          <name>
            <surname>Shakhnovitch</surname>
            <given-names>Marianna</given-names>
          </name>
          <email />
          <role content-type="1" />
          <xref ref-type="aff" rid="aff1" />
        </contrib>
        <aff id="aff1">
          <institution />
          <addr-line content-type="addrline1" />
          <addr-line content-type="city" />
          <addr-line content-type="state" />
          <addr-line content-type="zipcode" />
          <addr-line content-type="country" />
      </aff>
      </contrib-group>
      <pub-date pub-type="epub" />
      <pub-date pub-type="ppub" />
      <elocation-id />
      <history>
        <date data-type="received">
          <day />
          <month />
          <year>2017</year>
      </date>
      </history>
      <permissions>
        <copyright-statement />
        <copyright-year />
      </permissions>
      <abstract>
        <b>The article demonstrates, on the basis of archival materials, periodicals and Soviet atheist literature of the late 1940s‑1970s that certain ideological clichés, symbolically relecting “religious” aspects of the Cold War, were used in the propaganda and the scientiic discourse in the Soviet Union. These clichés and the content of the propaganda were determined more often not so much by an ideological approach of the Marxist critique of religion, but rather by the speciic objectives of the international politics of the Soviet Union and by the country’s internal situation. This propaganda was also a response to the use of religion as an instrument of the Cold War by the Western countries as “the sword of the spirit and the shield of faith” (A. Preston).</b>
      </abstract>
      <kwd-group>
        <kwd>Cold War</kwd>
        <kwd>religion and international politics</kwd>
        <kwd>scientic  atheism</kwd>
        <kwd>anti-Soviet  crusade</kwd>
        <kwd>Soviet  propaganda</kwd>
        <kwd>clerical  anticommunism..</kwd>
      </kwd-group>
      <counts>
        <table-count count="0" />
        <page-count count="0" />
      </counts>
    </article-meta>
  </front>
</article>
