<?xml version='1.0' encoding='UTF-8'?>
<article xmlns:xlink="http://www.w3.org/1999/xlink" dtd-version="1.1">
  <front>
    <journal-meta>
      <journal-id jjournal-id-type="publisher">GRC</journal-id>
      <journal-title-group>
        <journal-title>Gosudarstvo, religiia, tserkov' v Rossii i za rubezhom </journal-title>
        <abbrev-journal-title abbrev-type="nlm-ta" />
      </journal-title-group>
      <issn pub-type="ppub" />
      <issn pub-type="epub" />
    </journal-meta>
    <article-meta>
      <article-id pub-id-type="manuscript" />
      <article-categories>
        <subj-group subj-group-type="article_type">
          <subject>Research Letter</subject>
        </subj-group>
        <subj-group subj-group-type="subject_areas">
          <subject> </subject>
      </subj-group>
      </article-categories>
      <title-group>
        <article-title>The Russian Factor in the Failure of the Pan-Orthodox Council in the 1920–1930s</article-title>
        <alt-title alt-title-type="running" />
      </title-group>
      <contrib-group>
        <contrib contrib-type="author">
          <name>
            <surname>Mazyrin</surname>
            <given-names>Alexander</given-names>
          </name>
          <email />
          <role content-type="1" />
          <xref ref-type="aff" rid="aff1" />
        </contrib>
        <aff id="aff1">
          <institution />
          <addr-line content-type="addrline1" />
          <addr-line content-type="city" />
          <addr-line content-type="state" />
          <addr-line content-type="zipcode" />
          <addr-line content-type="country" />
      </aff>
      </contrib-group>
      <pub-date pub-type="epub" />
      <pub-date pub-type="ppub" />
      <elocation-id />
      <history>
        <date data-type="received">
          <day />
          <month />
          <year>2016</year>
      </date>
      </history>
      <permissions>
        <copyright-statement />
        <copyright-year />
      </permissions>
      <abstract>
        <b>The article explores the failed attempt of the all-Orthodox (Ecumenical) Council in the 1920–1930s through the prism of relations between the Constantinople Patriarchate, the Russian Church, and the Soviet government. In the situation of a strong Church discord in Russia, provoked by anti-religious policy of the Bolsheviks, the Patriarchate of Constantinople claimed the role of mediator between the Russian Church (“Tikhonovskaia”) and the Pro-Soviet Renovationist schism. The Ecumenical Patriarchate tried to collaborate with Soviet authorities in attempts to unify “Tikhonites” and renovators so that they could participate at the prospected Ecumenical Council. However, the transition of Russian Western European parishes to Constantinople in 1931 caused strong negative reaction from both the Russian Church and Soviet authorities. Finally, the Soviet leadership did not authorize a united delegation to take part at the Inter-Orthodox Pre-Council meeting (Prosynod). The absence of the Russian Church made both Prosynod and the Ecumenical Council impossible.</b>
      </abstract>
      <kwd-group>
        <kwd>Pan-Orthodox (Ecumenical) Council</kwd>
        <kwd>the Russian Orthodox Church</kwd>
        <kwd>the Patriarchate of Constantinople</kwd>
        <kwd>renovationist schism</kwd>
        <kwd>Russian Western parishes</kwd>
        <kwd>Commission on Cults in the Central Executive Committee</kwd>
        <kwd>Stalin.</kwd>
      </kwd-group>
      <counts>
        <table-count count="0" />
        <page-count count="0" />
      </counts>
    </article-meta>
  </front>
</article>
