<?xml version='1.0' encoding='UTF-8'?>
<article xmlns:xlink="http://www.w3.org/1999/xlink" dtd-version="1.1">
  <front>
    <journal-meta>
      <journal-id jjournal-id-type="publisher">GRC</journal-id>
      <journal-title-group>
        <journal-title>Gosudarstvo, religiia, tserkov' v Rossii i za rubezhom </journal-title>
        <abbrev-journal-title abbrev-type="nlm-ta" />
      </journal-title-group>
      <issn pub-type="ppub" />
      <issn pub-type="epub" />
    </journal-meta>
    <article-meta>
      <article-id pub-id-type="manuscript" />
      <article-categories>
        <subj-group subj-group-type="article_type">
          <subject>Research Letter</subject>
        </subj-group>
        <subj-group subj-group-type="subject_areas">
          <subject> </subject>
      </subj-group>
      </article-categories>
      <title-group>
        <article-title>The Pan–Orthodox Council: Shaping New Orthodox Geopolitics</article-title>
        <alt-title alt-title-type="running" />
      </title-group>
      <contrib-group>
        <contrib contrib-type="author">
          <name>
            <surname>Kazarian</surname>
            <given-names>Nicolas</given-names>
          </name>
          <email />
          <role content-type="1" />
          <xref ref-type="aff" rid="aff1" />
        </contrib>
        <aff id="aff1">
          <institution />
          <addr-line content-type="addrline1" />
          <addr-line content-type="city" />
          <addr-line content-type="state" />
          <addr-line content-type="zipcode" />
          <addr-line content-type="country" />
      </aff>
      </contrib-group>
      <pub-date pub-type="epub" />
      <pub-date pub-type="ppub" />
      <elocation-id />
      <history>
        <date data-type="received">
          <day />
          <month />
          <year>2016</year>
      </date>
      </history>
      <permissions>
        <copyright-statement />
        <copyright-year />
      </permissions>
      <abstract>
        <b>The Orthodox Church is a complex geopolitical reality, and it does not constitute a homogenous block. On the contrary, the rise of irredentism during the 19th century has created the basis for constant territorial fragmentation throughout the 20th century. Surprisingly, the worldwide Orthodox population continues to increase. The convergence of these two phenomena is a starting point for a reinvestigation of Orthodox power in international affairs, as well as a profound strategic change affecting the communion of the fourteen local Orthodox Churches. This article examines how Orthodoxy, through the process of convening a Holy and Great Council, has responded to geopolitics by developing new approaches and new Orthodoxy identities; how the territorial changes affected their strategies in the Diaspora; what was their role in new international conflicts. The first part of the article deals with an epistemological approach to place Orthodoxy in the context of geopolitical studies, while the second part highlights the persistence of a bipolar paradigm opposing the Patriarchates of Constantinople and Moscow. Finally, the paper considers geopolitical challenges for Orthodoxy created by today’s politico-religious crisis in Syria.</b>
      </abstract>
      <kwd-group>
        <kwd>Orthodox Church</kwd>
        <kwd>Pan-Orthodox Council</kwd>
        <kwd>geopolitics</kwd>
        <kwd>identity</kwd>
        <kwd>territory</kwd>
        <kwd>Diaspora.</kwd>
      </kwd-group>
      <counts>
        <table-count count="0" />
        <page-count count="0" />
      </counts>
    </article-meta>
  </front>
</article>
