<?xml version='1.0' encoding='UTF-8'?>
<article xmlns:xlink="http://www.w3.org/1999/xlink" dtd-version="1.1">
  <front>
    <journal-meta>
      <journal-id jjournal-id-type="publisher">GRC</journal-id>
      <journal-title-group>
        <journal-title>Gosudarstvo, religiia, tserkov' v Rossii i za rubezhom </journal-title>
        <abbrev-journal-title abbrev-type="nlm-ta" />
      </journal-title-group>
      <issn pub-type="ppub" />
      <issn pub-type="epub" />
    </journal-meta>
    <article-meta>
      <article-id pub-id-type="manuscript" />
      <article-categories>
        <subj-group subj-group-type="article_type">
          <subject>Research Letter</subject>
        </subj-group>
        <subj-group subj-group-type="subject_areas">
          <subject> </subject>
      </subj-group>
      </article-categories>
      <title-group>
        <article-title>The Agenda of Vatican II Council and of Pan-Orthodox Council it the Preparatory Period: Parallels and Differences</article-title>
        <alt-title alt-title-type="running" />
      </title-group>
      <contrib-group>
        <contrib contrib-type="author">
          <name>
            <surname>Yudin</surname>
            <given-names>Alexei</given-names>
          </name>
          <email />
          <role content-type="1" />
          <xref ref-type="aff" rid="aff1" />
        </contrib>
        <aff id="aff1">
          <institution />
          <addr-line content-type="addrline1" />
          <addr-line content-type="city" />
          <addr-line content-type="state" />
          <addr-line content-type="zipcode" />
          <addr-line content-type="country" />
      </aff>
      </contrib-group>
      <pub-date pub-type="epub" />
      <pub-date pub-type="ppub" />
      <elocation-id />
      <history>
        <date data-type="received">
          <day />
          <month />
          <year>2016</year>
      </date>
      </history>
      <permissions>
        <copyright-statement />
        <copyright-year />
      </permissions>
      <abstract>
        <b>The article compares the agenda of the II Vatican Council of the Catholic Church (1962 – 1965) and the themes of the Pan-Orthodox Council during many years of its preparation. The author points to the thematic parallelism of the two conciliar processes, which reflected the desire of the Catholic and Orthodox churches to respond to the challenges of contemporary world. At the same time, in contrast to the Catholic Council, in the Orthodox pre-consiliar many of the themes of the original agenda, concerning the relationship of the Church to the modern world, have been omitted after long discussions; some themes were not supported and dropped at the Pre-Council meetings. As a result, the agenda scheduled for June 2016 Pan-Orthodox Council became largely limited to internal church issues, except for one document — about the Mission of the Church.</b>
      </abstract>
      <kwd-group>
        <kwd>Roman Catholic Church</kwd>
        <kwd>Eastern Orthodox Church</kwd>
        <kwd>Second Vatican Council</kwd>
        <kwd>Pan-Orthodox Council</kwd>
        <kwd>Pan-Orthodox conferences</kwd>
        <kwd>conciliar agenda</kwd>
        <kwd>modern world</kwd>
        <kwd>contemporary world.</kwd>
      </kwd-group>
      <counts>
        <table-count count="0" />
        <page-count count="0" />
      </counts>
    </article-meta>
  </front>
</article>
