<?xml version='1.0' encoding='UTF-8'?>
<article xmlns:xlink="http://www.w3.org/1999/xlink" dtd-version="1.1">
  <front>
    <journal-meta>
      <journal-id jjournal-id-type="publisher">GRC</journal-id>
      <journal-title-group>
        <journal-title>Gosudarstvo, religiia, tserkov' v Rossii i za rubezhom </journal-title>
        <abbrev-journal-title abbrev-type="nlm-ta" />
      </journal-title-group>
      <issn pub-type="ppub" />
      <issn pub-type="epub" />
    </journal-meta>
    <article-meta>
      <article-id pub-id-type="manuscript" />
      <article-categories>
        <subj-group subj-group-type="article_type">
          <subject>Research Letter</subject>
        </subj-group>
        <subj-group subj-group-type="subject_areas">
          <subject> </subject>
      </subj-group>
      </article-categories>
      <title-group>
        <article-title>Controversial Ecclesiological Issues of the Pan-Orthodox Council Agenda and the Question of Sovereign Power in the Orthodox Church</article-title>
        <alt-title alt-title-type="running" />
      </title-group>
      <contrib-group>
        <contrib contrib-type="author">
          <name>
            <surname>Shishkov</surname>
            <given-names>Andrey</given-names>
          </name>
          <email />
          <role content-type="1" />
          <xref ref-type="aff" rid="aff1" />
        </contrib>
        <aff id="aff1">
          <institution />
          <addr-line content-type="addrline1" />
          <addr-line content-type="city" />
          <addr-line content-type="state" />
          <addr-line content-type="zipcode" />
          <addr-line content-type="country" />
      </aff>
      </contrib-group>
      <pub-date pub-type="epub" />
      <pub-date pub-type="ppub" />
      <elocation-id />
      <history>
        <date data-type="received">
          <day />
          <month />
          <year>2016</year>
      </date>
      </history>
      <permissions>
        <copyright-statement />
        <copyright-year />
      </permissions>
      <abstract>
        <b>The article discusses ecclesiological issues that were included in the agenda of Pan-Orthodox Council but found no solution in the pre-conciliar debates: the Orthodox Diaspora; proclamation of autocephaly; the role of the Diptychs. The author then examines the issue of primacy in the Universal Church. All these questions can be combined and connected with the issue of the supreme or sovereign power in the Orthodox Church: its localization and mechanics for the implementation. The author examines content and essence of each issue, main approaches to their solution and attempts to reconcile them within the framework of the pre-conciliar discussions. The analysis reveals two ecclesiological models of the Orthodox Church structure and two approaches to understanding the sovereign power. These two models can be described by formulas: “first without equal” and “equal without the first”. The first model confers supreme power on Ecumenical Patriarch who is the “first in honor.” The second one insists on the fundamental equality of the autocephalous local churches and regards them as ecclesial sovereigns. The incompatibility of these models is the main cause of failure of all attempts to solve controversial issues within the pre-conciliar process.</b>
      </abstract>
      <kwd-group>
        <kwd>autocephaly</kwd>
        <kwd>Ecumenical Patriarchate</kwd>
        <kwd>inter-Orthodox relations</kwd>
        <kwd>Moscow Patriarchate</kwd>
        <kwd>Orthodox Diaspora</kwd>
        <kwd>Orthodox Church</kwd>
        <kwd>Pan-Orthodox Council</kwd>
        <kwd>Diptychs</kwd>
        <kwd>primacy in the Church</kwd>
        <kwd>sovereign.</kwd>
      </kwd-group>
      <counts>
        <table-count count="0" />
        <page-count count="0" />
      </counts>
    </article-meta>
  </front>
</article>
