<?xml version='1.0' encoding='UTF-8'?>
<article xmlns:xlink="http://www.w3.org/1999/xlink" dtd-version="1.1">
  <front>
    <journal-meta>
      <journal-id jjournal-id-type="publisher">GRC</journal-id>
      <journal-title-group>
        <journal-title>Gosudarstvo, religiia, tserkov' v Rossii i za rubezhom </journal-title>
        <abbrev-journal-title abbrev-type="nlm-ta" />
      </journal-title-group>
      <issn pub-type="ppub" />
      <issn pub-type="epub" />
    </journal-meta>
    <article-meta>
      <article-id pub-id-type="manuscript" />
      <article-categories>
        <subj-group subj-group-type="article_type">
          <subject>Research Letter</subject>
        </subj-group>
        <subj-group subj-group-type="subject_areas">
          <subject> </subject>
      </subj-group>
      </article-categories>
      <title-group>
        <article-title>The Problem of Religious Conversion on the Example of Phenomenological Movement in Germany</article-title>
        <alt-title alt-title-type="running" />
      </title-group>
      <contrib-group>
        <contrib contrib-type="author">
          <name>
            <surname>Koltsov</surname>
            <given-names>Alexander</given-names>
          </name>
          <email />
          <role content-type="1" />
          <xref ref-type="aff" rid="aff1" />
        </contrib>
        <aff id="aff1">
          <institution />
          <addr-line content-type="addrline1" />
          <addr-line content-type="city" />
          <addr-line content-type="state" />
          <addr-line content-type="zipcode" />
          <addr-line content-type="country" />
      </aff>
      </contrib-group>
      <pub-date pub-type="epub" />
      <pub-date pub-type="ppub" />
      <elocation-id />
      <history>
        <date data-type="received">
          <day />
          <month />
          <year>2017</year>
      </date>
      </history>
      <permissions>
        <copyright-statement />
        <copyright-year />
      </permissions>
      <abstract>
        <b>This article looks at the origins of phenomenological investigations into the problem of religion. Reinach’s Aufzeichnungen drew the attention of Göttingen phenomenologists toward religious experience; at the same time the philosophical discussion was accompanied by the active interest of Husserl’s students in Christianity. This article summarizes psychological research into the problem of religious conversion before reconstructing the history of phenomenological religiosity. The «democratization» of interest in the study of religion and the search for a universal explanatory theory led to a situation in which psychologists of religion lost sight of the phenomenon of «religious awakening» among philosophers. But the dual nature of the phenomenon as a collective process that at the same time was an object of intellectual reflection raises interesting questions about the possible role of academicians in transforming religious meanings within a tradition. This question leads to an exploration of the relationship of the phenomenon to the phenomenological project as a whole. In the final analysis, it becomes possible to point out some questions about theories of religious conversion and to find a new way of problematizing the history of the phenomenological movement.</b>
      </abstract>
      <kwd-group>
        <kwd>religious conversion</kwd>
        <kwd>phenomenological movement</kwd>
        <kwd>epiphany</kwd>
        <kwd>Max Scheler</kwd>
        <kwd>Adolf Reinach</kwd>
        <kwd>Edith Stein.</kwd>
      </kwd-group>
      <counts>
        <table-count count="0" />
        <page-count count="0" />
      </counts>
    </article-meta>
  </front>
</article>
