<?xml version='1.0' encoding='UTF-8'?>
<article xmlns:xlink="http://www.w3.org/1999/xlink" dtd-version="1.1">
  <front>
    <journal-meta>
      <journal-id jjournal-id-type="publisher">GRC</journal-id>
      <journal-title-group>
        <journal-title>Gosudarstvo, religiia, tserkov' v Rossii i za rubezhom </journal-title>
        <abbrev-journal-title abbrev-type="nlm-ta" />
      </journal-title-group>
      <issn pub-type="ppub" />
      <issn pub-type="epub" />
    </journal-meta>
    <article-meta>
      <article-id pub-id-type="manuscript" />
      <article-categories>
        <subj-group subj-group-type="article_type">
          <subject>Research article</subject>
        </subj-group>
        <subj-group subj-group-type="subject_areas">
          <subject> </subject>
      </subj-group>
      </article-categories>
      <title-group>
        <article-title>The Origin of Science and Religious Experience</article-title>
        <alt-title alt-title-type="running" />
      </title-group>
      <contrib-group>
        <contrib contrib-type="author">
          <name>
            <surname>Gutner</surname>
            <given-names>Grigory</given-names>
          </name>
          <email />
          <role content-type="1" />
          <xref ref-type="aff" rid="aff1" />
        </contrib>
        <aff id="aff1">
          <institution />
          <addr-line content-type="addrline1" />
          <addr-line content-type="city" />
          <addr-line content-type="state" />
          <addr-line content-type="zipcode" />
          <addr-line content-type="country" />
      </aff>
      </contrib-group>
      <pub-date pub-type="epub" />
      <pub-date pub-type="ppub" />
      <elocation-id />
      <history>
        <date data-type="received">
          <day />
          <month />
          <year>2017</year>
      </date>
      </history>
      <permissions>
        <copyright-statement>Russian Presidential Academy of National Economy and Public Administration.</copyright-statement>
        <copyright-year>© 2017</copyright-year>
      </permissions>
      <abstract>
        <b>This article describes the «beginning of science», that initial actof thought, through which scientific research begins. It is also demonstrated that the experience of the subject accompanying this act of thought is close to the religious experience. The specific scientific use of language and related ontological assumptions are analyzed. A comparison of language and the ontology of science with language and the ontology of utilitarian practices is made. Description is considered as the language typically used for science. Description is opposed to instruction. The latter is a basic form of the use of language in utilitarian practices. The most important form of expression in instruction is narrative. This form of language is considered especially. It is demonstrated that certain transformations of the narrative cause descriptions. When this occurs, the constitution of object takes place, which is the establishing act (or the origin) of science. In conclusion, certain common features of scientific and religious language associated with the use of motivations are demonstrated. By contrast, the fundamental difference between religion and science in language and in adopted ontological assumptions are shown.</b>
      </abstract>
      <kwd-group>
        <kwd>origin of science</kwd>
        <kwd>religious experience</kwd>
        <kwd>utilitarian practices</kwd>
        <kwd>narrative</kwd>
        <kwd>description</kwd>
        <kwd>object.</kwd>
      </kwd-group>
      <counts>
        <table-count count="0" />
        <page-count count="0" />
      </counts>
    </article-meta>
  </front>
</article>
