<?xml version='1.0' encoding='UTF-8'?>
<article xmlns:xlink="http://www.w3.org/1999/xlink" dtd-version="1.1">
  <front>
    <journal-meta>
      <journal-id jjournal-id-type="publisher">State, Religion and Church in Russia and Worldwide</journal-id>
      <journal-title-group>
        <journal-title>Gosudarstvo, religiia, tserkov' v Rossii i za rubezhom</journal-title>
        <abbrev-journal-title abbrev-type="nlm-ta" />
      </journal-title-group>
      <issn pub-type="ppub" />
      <issn pub-type="epub" />
    </journal-meta>
    <article-meta>
      <article-id pub-id-type="manuscript" />
      <article-categories>
        <subj-group subj-group-type="article_type">
          <subject>Research article</subject>
        </subj-group>
        <subj-group subj-group-type="subject_areas" />
      </article-categories>
      <title-group>
        <article-title>Religious Tradition in Today’s Society: Theoretical Analysis</article-title>
        <alt-title alt-title-type="running" />
      </title-group>
      <contrib-group>
        <contrib contrib-type="author">
          <name>
            <surname>Sitnikov</surname>
            <given-names>Alexey</given-names>
          </name>
          <email />
          <role content-type="1" />
          <xref ref-type="aff" rid="aff1" />
        </contrib>
        <aff id="aff1">
          <institution />
          <addr-line content-type="addrline1" />
          <addr-line content-type="city" />
          <addr-line content-type="state" />
          <addr-line content-type="zipcode" />
          <addr-line content-type="country" />
      </aff>
      </contrib-group>
      <pub-date pub-type="epub" />
      <pub-date pub-type="ppub" />
      <elocation-id />
      <history>
        <date data-type="received">
          <day />
          <month />
          <year>2017</year>
      </date>
      </history>
      <permissions>
        <copyright-statement>Russian Presidential Academy of National Economy and Public Administration.</copyright-statement>
        <copyright-year>© 2017</copyright-year>
      </permissions>
      <abstract>
        <b>This article analyzes problems of preservation and reproduction of religious tradition in modern society using the example of Russian Orthodoxy. The author uses the apparatus of the phenomenological philosophy of A. Schutz to analyze the translation of «high» forms of tradition. P. Bourdieu’s concept of habitus is used to describe the mechanism of the transmission of tradition in its «popular» manifestation. In the first case, the transfer of the semantic content of the tradition is realized under the conditions of the We-relationship in the immediate environment, where people are able to understand each other in the best possible way. In the second case, the concept of habitus allows us to describe how the tradition that has been developing for a long time within the community of believers remains at the level of practice, often not reaching the level of discourse and consciousness. Thus, a community of believers has various options for understanding and preserving the tradition: from attempts to penetrate the sense of the cultural heritage left by predecessors and to follow it today, to the preservation of the external manifestations of faith and the practices it presupposes in unchanged form. Therefore, religious tradition now appears in a variety of forms.</b>
      </abstract>
      <kwd-group>
        <kwd>religion</kwd>
        <kwd>Orthodox Christianity</kwd>
        <kwd>tradition</kwd>
        <kwd>society</kwd>
        <kwd>phenomenology</kwd>
        <kwd>understanding</kwd>
        <kwd>A. Schutz</kwd>
        <kwd>habitus</kwd>
        <kwd>religious practices</kwd>
        <kwd>P. Bourdieu.</kwd>
      </kwd-group>
      <counts>
        <table-count count="0" />
        <page-count count="0" />
      </counts>
    </article-meta>
  </front>
</article>
