<?xml version='1.0' encoding='UTF-8'?>
<article xmlns:xlink="http://www.w3.org/1999/xlink" dtd-version="1.1">
  <front>
    <journal-meta>
      <journal-id jjournal-id-type="publisher">GRC</journal-id>
      <journal-title-group>
        <journal-title>Gosudarstvo, religiia, tserkov' v Rossii i za rubezhom </journal-title>
        <abbrev-journal-title abbrev-type="nlm-ta" />
      </journal-title-group>
      <issn pub-type="ppub" />
      <issn pub-type="epub" />
    </journal-meta>
    <article-meta>
      <article-id pub-id-type="manuscript" />
      <article-categories>
        <subj-group subj-group-type="article_type">
          <subject>Research article</subject>
        </subj-group>
        <subj-group subj-group-type="subject_areas">
          <subject> </subject>
      </subj-group>
      </article-categories>
      <title-group>
        <article-title>Academic Approaches in the Study of  Church Buildings in Urban Space: A Typology</article-title>
        <alt-title alt-title-type="running" />
      </title-group>
      <contrib-group>
        <contrib contrib-type="author">
          <name>
            <surname>Mukhtasarov</surname>
            <given-names>Timur</given-names>
          </name>
          <email />
          <role content-type="1" />
          <xref ref-type="aff" rid="aff1" />
        </contrib>
        <aff id="aff1">
          <institution />
          <addr-line content-type="addrline1" />
          <addr-line content-type="city" />
          <addr-line content-type="state" />
          <addr-line content-type="zipcode" />
          <addr-line content-type="country" />
      </aff>
      </contrib-group>
      <pub-date pub-type="epub" />
      <pub-date pub-type="ppub" />
      <elocation-id />
      <history>
        <date data-type="received">
          <day />
          <month />
          <year>2017</year>
      </date>
      </history>
      <permissions>
        <copyright-statement>Russian Presidential Academy of National Economy and Public Administration.</copyright-statement>
        <copyright-year>© 2017</copyright-year>
      </permissions>
      <abstract>
        <b>This article is devoted to an analysis of scholarly literature dealing with church buildings in contemporary urban space, both outside and inside Russia. Five analytical approaches were defined: historical, sociological, spatial, theological, and economic. In the historical approach, a church building is taken by itself, with no active relation to the social environment. In the sociological approach, the social processes around the church become central. The theological approach is similar, but here the focus is on the spiritual dimension of church activities. Spatial characteristics of the church building and its environment are central for the approach we call spatial. The last approach deals with the church economy as a part of urban economic life. The presence of a church is an absolute necessity for Christians, and research into templelike structures must be complex and combine all various approaches.</b>
      </abstract>
      <kwd-group>
        <kwd>church</kwd>
        <kwd>temple</kwd>
        <kwd>church building</kwd>
        <kwd>city</kwd>
        <kwd>urban space.</kwd>
      </kwd-group>
      <counts>
        <table-count count="0" />
        <page-count count="0" />
      </counts>
    </article-meta>
  </front>
</article>
