<?xml version='1.0' encoding='UTF-8'?>
<article xmlns:xlink="http://www.w3.org/1999/xlink" dtd-version="1.1">
  <front>
    <journal-meta>
      <journal-id jjournal-id-type="publisher">GRC</journal-id>
      <journal-title-group>
        <journal-title>Gosudarstvo, religiia, tserkov' v Rossii i za rubezhom </journal-title>
        <abbrev-journal-title abbrev-type="nlm-ta" />
      </journal-title-group>
      <issn pub-type="ppub" />
      <issn pub-type="epub" />
    </journal-meta>
    <article-meta>
      <article-id pub-id-type="manuscript" />
      <article-categories>
        <subj-group subj-group-type="article_type">
          <subject>Research article</subject>
        </subj-group>
        <subj-group subj-group-type="subject_areas">
          <subject> </subject>
      </subj-group>
      </article-categories>
      <title-group>
        <article-title>Teaching about Religion in School: The Pursuit of Neutrality and the “Culture Wars”. Introduction</article-title>
        <alt-title alt-title-type="running" />
      </title-group>
      <contrib-group>
        <contrib contrib-type="author">
          <name>
            <surname>Ozhiganova</surname>
            <given-names>Anna</given-names>
          </name>
          <email />
          <role content-type="1" />
          <xref ref-type="aff" rid="aff1" />
        </contrib>
        <aff id="aff1">
          <institution />
          <addr-line content-type="addrline1" />
          <addr-line content-type="city" />
          <addr-line content-type="state" />
          <addr-line content-type="zipcode" />
          <addr-line content-type="country" />
      </aff>
      </contrib-group>
      <pub-date pub-type="epub" />
      <pub-date pub-type="ppub" />
      <elocation-id />
      <history>
        <date data-type="received">
          <day />
          <month />
          <year>2017</year>
      </date>
      </history>
      <permissions>
        <copyright-statement>Russian Presidential Academy of National Economy and Public Administration.</copyright-statement>
        <copyright-year>© 2017</copyright-year>
      </permissions>
      <abstract>
        <b>This article considers the actual problems of teaching about religion in public schools. The implementation of the educational concept outlined in the «Toledo Guiding Principles on Teaching about Religions and Beliefs in Public Schools» (2007) has been the subject of a vivid international discussion. Supporters of the new approach to teaching religion hope that the lessons of modern religious and non-religious beliefs and practices will promote tolerance and mutual understanding. Critics question not only the methods, but even the goal of the new educational strategy: the achievement of social peace in modern complex societies through the lessons of religion. Despite the fact that the context is fundamentally different from Western countries, the appearance of religious lessons in Russian school raises similar questions. What are the goals of the course on religion: indoctrination or the acquisition of knowledge? How does pedagogical theory and practice ensure the neutrality or engagement of teaching religion in school?</b>
      </abstract>
      <kwd-group>
        <kwd>religious education</kwd>
        <kwd>Toledo Guiding Principles on Teaching about Religions and Beliefs in Public Schools</kwd>
        <kwd>religious literacy</kwd>
        <kwd>religious indoctrination</kwd>
        <kwd>principle of neutrality</kwd>
        <kwd>«Foundations of Religious Cultures and Secular Ethics».</kwd>
      </kwd-group>
      <counts>
        <table-count count="0" />
        <page-count count="0" />
      </counts>
    </article-meta>
  </front>
</article>
