<?xml version='1.0' encoding='UTF-8'?>
<article xmlns:xlink="http://www.w3.org/1999/xlink" dtd-version="1.1">
  <front>
    <journal-meta>
      <journal-id jjournal-id-type="publisher">GRC</journal-id>
      <journal-title-group>
        <journal-title>Gosudarstvo, religiia, tserkov' v Rossii i za rubezhom </journal-title>
        <abbrev-journal-title abbrev-type="nlm-ta" />
      </journal-title-group>
      <issn pub-type="ppub" />
      <issn pub-type="epub" />
    </journal-meta>
    <article-meta>
      <article-id pub-id-type="manuscript" />
      <article-categories>
        <subj-group subj-group-type="article_type">
          <subject>Research article</subject>
        </subj-group>
        <subj-group subj-group-type="subject_areas">
          <subject> </subject>
      </subj-group>
      </article-categories>
      <title-group>
        <article-title>Toledo Principles and Theology in School</article-title>
        <alt-title alt-title-type="running" />
      </title-group>
      <contrib-group>
        <contrib contrib-type="author">
          <name>
            <surname>Shmonin</surname>
            <given-names>Dmitry</given-names>
          </name>
          <email />
          <role content-type="1" />
          <xref ref-type="aff" rid="aff1" />
        </contrib>
        <aff id="aff1">
          <institution />
          <addr-line content-type="addrline1" />
          <addr-line content-type="city" />
          <addr-line content-type="state" />
          <addr-line content-type="zipcode" />
          <addr-line content-type="country" />
      </aff>
      </contrib-group>
      <pub-date pub-type="epub" />
      <pub-date pub-type="ppub" />
      <elocation-id />
      <history>
        <date data-type="received">
          <day />
          <month />
          <year>2017</year>
      </date>
      </history>
      <permissions>
        <copyright-statement>Russian Presidential Academy of National Economy and Public Administration.</copyright-statement>
        <copyright-year>© 2017</copyright-year>
      </permissions>
      <abstract>
        <b>The teaching about religions, being a necessary part of education, needs to be supported; and the 10th anniversary of «Toledo Guiding Principles on Teaching about Religions and Beliefs in Public Schools» (2007) serves as a good occasion to discuss this issue. The main pedagogical mission is to teach about the subject, not to generate values and meanings. Historically, these values and meanings were produced by religion, and the Church played a normative role, regulating the content of education and the entire life of the school. In the secular educational paradigm, that role was performed by a number of philosophical and social doctrines. The contemporary educational crisis reveals the failure of such practices. The author analyses the possibility of using the resources of theology.</b>
      </abstract>
      <kwd-group>
        <kwd>religion</kwd>
        <kwd>religious education</kwd>
        <kwd>learning</kwd>
        <kwd>teaching</kwd>
        <kwd>values</kwd>
        <kwd>theology</kwd>
        <kwd>pedagogy.</kwd>
      </kwd-group>
      <counts>
        <table-count count="0" />
        <page-count count="0" />
      </counts>
    </article-meta>
  </front>
</article>
