<?xml version='1.0' encoding='UTF-8'?>
<article xmlns:xlink="http://www.w3.org/1999/xlink" dtd-version="1.1">
  <front>
    <journal-meta>
      <journal-id jjournal-id-type="publisher">GRC</journal-id>
      <journal-title-group>
        <journal-title>Gosudarstvo, religiia, tserkov' v Rossii i za rubezhom </journal-title>
        <abbrev-journal-title abbrev-type="nlm-ta" />
      </journal-title-group>
      <issn pub-type="ppub" />
      <issn pub-type="epub" />
    </journal-meta>
    <article-meta>
      <article-id pub-id-type="manuscript" />
      <article-categories>
        <subj-group subj-group-type="article_type">
          <subject>Research article</subject>
        </subj-group>
        <subj-group subj-group-type="subject_areas">
          <subject> </subject>
      </subj-group>
      </article-categories>
      <title-group>
        <article-title>Religious Culture or Invitation to Religion: What Are the New Textbooks About?</article-title>
        <alt-title alt-title-type="running" />
      </title-group>
      <contrib-group>
        <contrib contrib-type="author">
          <name>
            <surname>Shnirelman</surname>
            <given-names>Victor A.</given-names>
          </name>
          <email />
          <role content-type="1" />
          <xref ref-type="aff" rid="aff1" />
        </contrib>
        <aff id="aff1">
          <institution />
          <addr-line content-type="addrline1" />
          <addr-line content-type="city" />
          <addr-line content-type="state" />
          <addr-line content-type="zipcode" />
          <addr-line content-type="country" />
      </aff>
      </contrib-group>
      <pub-date pub-type="epub" />
      <pub-date pub-type="ppub" />
      <elocation-id />
      <history>
        <date data-type="received">
          <day />
          <month />
          <year>2017</year>
      </date>
      </history>
      <permissions>
        <copyright-statement>Russian Presidential Academy of National Economy and Public Administration.</copyright-statement>
        <copyright-year>© 2017</copyright-year>
      </permissions>
      <abstract>
        <b>School courses in the basics of religious cultures introduced recently into the Russian federal curriculum raise many questions: how and in what way religion can be taught in secular school; whether the course should be monoconfessional or based on comparative religious studies; what its goal should be teaching about religion or an invitation to religion; whether the course should be chosen with respect to ethnic background or whether it can be optional; whether it should be a short course or an extensive one covering the entire educational period; what the content of the textbooks should be; and precisely what values should be discussed and what the results of such an education should be. This article analyzes new textbooks covering the basics of Christian, Muslim, and Jewish cultures. It is shown that in contrast to their declared emphasis on culture, many textbooks invite users into religion. The author argues that the textbooks in «Foundations of Orthodox Culture» are closer to indoctrination than textbooks in other religious cultures. This is a result of stricter control of the ROC over the whole process. Indeed, nowadays the ROC is more interested in a growth in the number of believers than in churches, whereas the Muslims badly need mosques rather than new believers.</b>
      </abstract>
      <kwd-group>
        <kwd>Russia</kwd>
        <kwd>religion</kwd>
        <kwd>textbooks</kwd>
        <kwd>religious culture</kwd>
        <kwd>religious education</kwd>
        <kwd>indoctrination.</kwd>
      </kwd-group>
      <counts>
        <table-count count="0" />
        <page-count count="0" />
      </counts>
    </article-meta>
  </front>
</article>
