<?xml version='1.0' encoding='UTF-8'?>
<article xmlns:xlink="http://www.w3.org/1999/xlink" dtd-version="1.1">
  <front>
    <journal-meta>
      <journal-id jjournal-id-type="publisher">State, Religion and Church in Russia and Worldwide</journal-id>
      <journal-title-group>
        <journal-title>Gosudarstvo, religiia, tserkov' v Rossii i za rubezhom</journal-title>
        <abbrev-journal-title abbrev-type="nlm-ta" />
      </journal-title-group>
      <issn pub-type="ppub" />
      <issn pub-type="epub" />
    </journal-meta>
    <article-meta>
      <article-id pub-id-type="manuscript" />
      <article-categories>
        <subj-group subj-group-type="article_type">
          <subject>Research article</subject>
        </subj-group>
        <subj-group subj-group-type="subject_areas" />
      </article-categories>
      <title-group>
        <article-title>Teaching «Foundations of Orthodox Culture» in Schools of the Tambov Region: Achievements and Problems</article-title>
        <alt-title alt-title-type="running" />
      </title-group>
      <contrib-group>
        <contrib contrib-type="author">
          <name>
            <surname>Pronina</surname>
            <given-names>Tatiana</given-names>
          </name>
          <email />
          <role content-type="1" />
          <xref ref-type="aff" rid="aff1" />
        </contrib>
        <aff id="aff1">
          <institution />
          <addr-line content-type="addrline1" />
          <addr-line content-type="city" />
          <addr-line content-type="state" />
          <addr-line content-type="zipcode" />
          <addr-line content-type="country" />
      </aff>
      </contrib-group>
      <pub-date pub-type="epub" />
      <pub-date pub-type="ppub" />
      <elocation-id />
      <history>
        <date data-type="received">
          <day />
          <month />
          <year>2017</year>
      </date>
      </history>
      <permissions>
        <copyright-statement>Russian Presidential Academy of National Economy and Public Administration.</copyright-statement>
        <copyright-year>© 2017</copyright-year>
      </permissions>
      <abstract>
        <b>This paper analyzes the conceptual bases for introducing and implementing the subject «Foundations of World Religious Cultures and Secular Ethics» in the public schools of the Tambov region. It draws upon official data presented by the Diocesan Administration and the regional Department of Education. The article also provides the results of independent monitoring of the introduction and teaching experience of the «Foundations of Orthodox Cultures» in the Tambov regional schools that was carried out by the staff of the Center for Religious Studies of Tambov State University. The work included questionnaires, attendance at parents’ evenings, conversations with teachers who were trained in the subject and who had experience teaching these disciplines. The author analyzes different positions concerning the teaching of «Foundation of Orthodox Culture» in schools; identifies the most significant problems in this area, which includes the preparation of teachers and the low motivation of teachers and students; and gives examples of positive experience.</b>
      </abstract>
      <kwd-group>
        <kwd>Foundations of Orthodox Culture</kwd>
        <kwd>knowledge about religion in school</kwd>
        <kwd>the problem of teacher training</kwd>
        <kwd>the parental opinion.</kwd>
      </kwd-group>
      <counts>
        <table-count count="0" />
        <page-count count="0" />
      </counts>
    </article-meta>
  </front>
</article>
