<?xml version='1.0' encoding='UTF-8'?>
<article xmlns:xlink="http://www.w3.org/1999/xlink" dtd-version="1.1">
  <front>
    <journal-meta>
      <journal-id jjournal-id-type="publisher">State, Religion and Church in Russia and Worldwide</journal-id>
      <journal-title-group>
        <journal-title>Gosudarstvo, religiia, tserkov' v Rossii i za rubezhom</journal-title>
        <abbrev-journal-title abbrev-type="nlm-ta" />
      </journal-title-group>
      <issn pub-type="ppub" />
      <issn pub-type="epub" />
    </journal-meta>
    <article-meta>
      <article-id pub-id-type="manuscript" />
      <article-categories>
        <subj-group subj-group-type="article_type">
          <subject>Research article</subject>
        </subj-group>
        <subj-group subj-group-type="subject_areas" />
      </article-categories>
      <title-group>
        <article-title>Religious Studies and Teaching Religion to Children in Tatarstan. The Case of Islam</article-title>
        <alt-title alt-title-type="running" />
      </title-group>
      <contrib-group>
        <contrib contrib-type="author">
          <name>
            <surname>Almazova</surname>
            <given-names>Leila</given-names>
          </name>
          <email />
          <role content-type="1" />
          <xref ref-type="aff" rid="aff1" />
        </contrib>
        <aff id="aff1">
          <institution />
          <addr-line content-type="addrline1" />
          <addr-line content-type="city" />
          <addr-line content-type="state" />
          <addr-line content-type="zipcode" />
          <addr-line content-type="country" />
      </aff>
      </contrib-group>
      <pub-date pub-type="epub" />
      <pub-date pub-type="ppub" />
      <elocation-id />
      <history>
        <date data-type="received">
          <day />
          <month />
          <year>2017</year>
      </date>
      </history>
      <permissions>
        <copyright-statement>Russian Presidential Academy of National Economy and Public Administration.</copyright-statement>
        <copyright-year>© 2017</copyright-year>
      </permissions>
      <abstract>
        <b>This article deals with children’s instruction on Islam in the Republic of Tatarstan. Research is based on fieldwork in seven rural districts and six cities carried out in June—July 2017, as well as on the analysis of teaching programmes, textbooks and mass media publications. The study shows that the main factor of a particular model of religious education in Tatarstan is its multi-ethnic and multi-religious composition. As a result, only two «modules» are being used in the public schools — World Religious Cultures and Secular Ethics, while the four other «modules» linked to particular religions remain outside the public schools. Islam is being taught in a great diversity of forms: Muslim kindergartens, special courses operating near mosques, summer camps, discussions and meetings with Imams and Islamic clergy at schools, regular courses in Islamic ethics, and the private school «Uthmaniya» (Kazan), established by the Tatarstan Muslim Religious Board. The case of Tatarstan is an interesting example of building state-religious relations in post-Soviet and post-secular societies.</b>
      </abstract>
      <kwd-group>
        <kwd>religious education</kwd>
        <kwd>religion in secular school</kwd>
        <kwd>Foundations of Religious Cultures and Secular Ethics</kwd>
        <kwd>Islam</kwd>
        <kwd>Muslim education for kids.</kwd>
      </kwd-group>
      <counts>
        <table-count count="0" />
        <page-count count="0" />
      </counts>
    </article-meta>
  </front>
</article>
