<?xml version='1.0' encoding='UTF-8'?>
<article xmlns:xlink="http://www.w3.org/1999/xlink" dtd-version="1.1">
  <front>
    <journal-meta>
      <journal-id jjournal-id-type="publisher">GRC</journal-id>
      <journal-title-group>
        <journal-title>Gosudarstvo, religiia, tserkov' v Rossii i za rubezhom </journal-title>
        <abbrev-journal-title abbrev-type="nlm-ta" />
      </journal-title-group>
      <issn pub-type="ppub" />
      <issn pub-type="epub" />
    </journal-meta>
    <article-meta>
      <article-id pub-id-type="manuscript" />
      <article-categories>
        <subj-group subj-group-type="article_type">
          <subject>Research article</subject>
        </subj-group>
        <subj-group subj-group-type="subject_areas">
          <subject> </subject>
      </subj-group>
      </article-categories>
      <title-group>
        <article-title>Collective Practices of a Typical Community of the Evangelical Baptists in Late USSR</article-title>
        <alt-title alt-title-type="running" />
      </title-group>
      <contrib-group>
        <contrib contrib-type="author">
          <name>
            <surname>Beliakova</surname>
            <given-names>Nadezhda</given-names>
          </name>
          <email />
          <role content-type="1" />
          <xref ref-type="aff" rid="aff1" />
        </contrib>
        <aff id="aff1">
          <institution />
          <addr-line content-type="addrline1" />
          <addr-line content-type="city" />
          <addr-line content-type="state" />
          <addr-line content-type="zipcode" />
          <addr-line content-type="country" />
      </aff>
      </contrib-group>
      <pub-date pub-type="epub" />
      <pub-date pub-type="ppub" />
      <elocation-id />
      <history>
        <date data-type="received">
          <day />
          <month />
          <year>2012</year>
      </date>
      </history>
      <permissions>
        <copyright-statement>Russian Presidential Academy of National Economy and Public Administration.</copyright-statement>
        <copyright-year>© 2012</copyright-year>
      </permissions>
      <abstract>
        <b>The paper deals with the community life of the Baptist Church in the USSR, their composition, institutional structure and membership, liturgical life, legal status and “illegal” activities with underground prayer meetings, educational and publishing efforts, religious weddings, etc. The paper describes youth groups and their ambivalent relations with elder generations of believers; the role of women in community life. Some direct protests against curtailing religious liberty are also shown. The paper draws upon archival material and interviews.</b>
      </abstract>
      <kwd-group>
        <kwd>Evangelical Baptists</kwd>
        <kwd>Protestants</kwd>
        <kwd>religious community</kwd>
        <kwd>religious literature</kwd>
        <kwd>youth groups</kwd>
        <kwd>women in Protestant communities</kwd>
        <kwd>oppressions against freedom of religion in the USSR.</kwd>
      </kwd-group>
      <counts>
        <table-count count="0" />
        <page-count count="0" />
      </counts>
    </article-meta>
  </front>
</article>
