<?xml version='1.0' encoding='UTF-8'?>
<article xmlns:xlink="http://www.w3.org/1999/xlink" dtd-version="1.1">
  <front>
    <journal-meta>
      <journal-id jjournal-id-type="publisher">State, Religion and Church in Russia and Worldwide</journal-id>
      <journal-title-group>
        <journal-title>Gosudarstvo, religiia, tserkov' v Rossii i za rubezhom</journal-title>
        <abbrev-journal-title abbrev-type="nlm-ta" />
      </journal-title-group>
      <issn pub-type="ppub" />
      <issn pub-type="epub" />
    </journal-meta>
    <article-meta>
      <article-id pub-id-type="manuscript" />
      <article-categories>
        <subj-group subj-group-type="article_type">
          <subject>Research article</subject>
        </subj-group>
        <subj-group subj-group-type="subject_areas" />
      </article-categories>
      <title-group>
        <article-title>Lived Religion: A Conceptual Framework for Understanding Death Rituals in Soviet Ukrainian Borderlands</article-title>
        <alt-title alt-title-type="running" />
      </title-group>
      <contrib-group>
        <contrib contrib-type="author">
          <name>
            <surname>Wanner</surname>
            <given-names>Catherine</given-names>
          </name>
          <email />
          <role content-type="1" />
          <xref ref-type="aff" rid="aff1" />
        </contrib>
        <aff id="aff1">
          <institution />
          <addr-line content-type="addrline1" />
          <addr-line content-type="city" />
          <addr-line content-type="state" />
          <addr-line content-type="zipcode" />
          <addr-line content-type="country" />
      </aff>
      </contrib-group>
      <pub-date pub-type="epub" />
      <pub-date pub-type="ppub" />
      <elocation-id />
      <history>
        <date data-type="received">
          <day />
          <month />
          <year>2012</year>
      </date>
      </history>
      <permissions>
        <copyright-statement>Russian Presidential Academy of National Economy and Public Administration.</copyright-statement>
        <copyright-year>© 2012</copyright-year>
      </permissions>
      <abstract>
        <b>This article argues that scholars interested in studying religious practice in the Soviet Union should focus on “lived religion” as a valid form of religiosity. This concept allows for the consideration of the improvised nature of religious practices that were often conducted outside of churches and involved appeals to spirits in addition to an anthropomorphic God. Lived religion is revealed in the ritualized death practices conducted in Western Ukrainian territories annexed to the Soviet Union during World War II and where the Greek-Catholic Church was prominent before being driven underground in the early 1950s. With limited access to clergy and liturgy, this article provides an analysis of the lived religious practices of Western Ukrainians that were mostly conducted in homes and cemeteries to commemorate death primarily during the Khrushchev period in this borderland region of the USSR. Such lived religious practices, not only sustained religious sentiment during the Soviet period, they also were an integral part of local cultures and identities.</b>
      </abstract>
      <kwd-group>
        <kwd>USSR</kwd>
        <kwd>Western Ukraine</kwd>
        <kwd>Greek Catholic Church</kwd>
        <kwd>lived religion</kwd>
        <kwd>death rituals</kwd>
        <kwd>secularization.</kwd>
      </kwd-group>
      <counts>
        <table-count count="0" />
        <page-count count="0" />
      </counts>
    </article-meta>
  </front>
</article>
