<?xml version='1.0' encoding='UTF-8'?>
<article xmlns:xlink="http://www.w3.org/1999/xlink" dtd-version="1.1">
  <front>
    <journal-meta>
      <journal-id jjournal-id-type="publisher">State, Religion and Church in Russia and Worldwide</journal-id>
      <journal-title-group>
        <journal-title>Gosudarstvo, religiia, tserkov' v Rossii i za rubezhom</journal-title>
        <abbrev-journal-title abbrev-type="nlm-ta" />
      </journal-title-group>
      <issn pub-type="ppub" />
      <issn pub-type="epub" />
    </journal-meta>
    <article-meta>
      <article-id pub-id-type="manuscript" />
      <article-categories>
        <subj-group subj-group-type="article_type">
          <subject>Research article</subject>
        </subj-group>
        <subj-group subj-group-type="subject_areas" />
      </article-categories>
      <title-group>
        <article-title>Eastern Orthodox Confession in the Soviet Period</article-title>
        <alt-title alt-title-type="running" />
      </title-group>
      <contrib-group>
        <contrib contrib-type="author">
          <name>
            <surname>Kizenko</surname>
            <given-names>Nadieszda</given-names>
          </name>
          <email />
          <role content-type="1" />
          <xref ref-type="aff" rid="aff1" />
        </contrib>
        <aff id="aff1">
          <institution />
          <addr-line content-type="addrline1" />
          <addr-line content-type="city" />
          <addr-line content-type="state" />
          <addr-line content-type="zipcode" />
          <addr-line content-type="country" />
      </aff>
      </contrib-group>
      <pub-date pub-type="epub" />
      <pub-date pub-type="ppub" />
      <elocation-id />
      <history>
        <date data-type="received">
          <day />
          <month />
          <year>2012</year>
      </date>
      </history>
      <permissions>
        <copyright-statement>Russian Presidential Academy of National Economy and Public Administration.</copyright-statement>
        <copyright-year>© 2012</copyright-year>
      </permissions>
      <abstract>
        <b>This article traces changes in the practice of sacramental confession in the Soviet period, from 1917 to 1991. The combination of secularizing pressures, church closures, and fewer priests, meant that the routine, institutionalized aspect of confession before 1917, which had made individual confession something familiar to the average Orthodox Christian believer, vanished, replaced in most cases by the general confession. On the other hand, for religious “virtuosi,” confession became a more central element of religious life. The enthusiastic revival of individual confession in Russia after 1991 suggests that the changes during the Soviet period served as a kind of trial period for some forms of confession that were more similar to those of other traditions, only to have them rejected in favor of returning to precisely what had distinguished prerevolutionary imperial practice (and Roman Catholic practice before Vatican II): the linkage between individual confession and partaking of communion. Perhaps the surprising thing is not how much the practice of confession changed during the Soviet period in response to secularizing pressures, but rather how little.</b>
      </abstract>
      <kwd-group>
        <kwd>confession</kwd>
        <kwd>seal of confession</kwd>
        <kwd>sins</kwd>
        <kwd>penance</kwd>
        <kwd>Soviet Union</kwd>
        <kwd>priests</kwd>
        <kwd>Revolution.</kwd>
      </kwd-group>
      <counts>
        <table-count count="0" />
        <page-count count="0" />
      </counts>
    </article-meta>
  </front>
</article>
