<?xml version='1.0' encoding='UTF-8'?>
<article xmlns:xlink="http://www.w3.org/1999/xlink" dtd-version="1.1">
  <front>
    <journal-meta>
      <journal-id jjournal-id-type="publisher">State, Religion and Church in Russia and Worldwide</journal-id>
      <journal-title-group>
        <journal-title>Gosudarstvo, religiia, tserkov' v Rossii i za rubezhom</journal-title>
        <abbrev-journal-title abbrev-type="nlm-ta" />
      </journal-title-group>
      <issn pub-type="ppub" />
      <issn pub-type="epub" />
    </journal-meta>
    <article-meta>
      <article-id pub-id-type="manuscript" />
      <article-categories>
        <subj-group subj-group-type="article_type">
          <subject>Research article</subject>
        </subj-group>
        <subj-group subj-group-type="subject_areas" />
      </article-categories>
      <title-group>
        <article-title>Taking the Holy Communion in Soviet Era: Practices of the Russian Orthodox Laity</article-title>
        <alt-title alt-title-type="running" />
      </title-group>
      <contrib-group>
        <contrib contrib-type="author">
          <name>
            <surname>Beglov</surname>
            <given-names>Aleksey</given-names>
          </name>
          <email />
          <role content-type="1" />
          <xref ref-type="aff" rid="aff1" />
        </contrib>
        <aff id="aff1">
          <institution />
          <addr-line content-type="addrline1" />
          <addr-line content-type="city" />
          <addr-line content-type="state" />
          <addr-line content-type="zipcode" />
          <addr-line content-type="country" />
      </aff>
      </contrib-group>
      <pub-date pub-type="epub" />
      <pub-date pub-type="ppub" />
      <elocation-id />
      <history>
        <date data-type="received">
          <day />
          <month />
          <year>2012</year>
      </date>
      </history>
      <permissions>
        <copyright-statement>Russian Presidential Academy of National Economy and Public Administration.</copyright-statement>
        <copyright-year>© 2012</copyright-year>
      </permissions>
      <abstract>
        <b>The paper uses the method of historical anthropology to look at the evolution of the practice of the Holy Communion in the Russian Orthodox Church during the Soviet era. The author shows that the frequency of individual communion increased in 5-10 times comparing to the pre-Revolutionary period when it was usually practiced no more than once a year. Such an evolution can be explained by three reasons, in fact, processes: an “emancipation” of the ritual from functions related to state control; the believers’ sense of existential fragility and insecurity under the Soviet regime, which made the Eucharist perceived as a pre-death farewell; and the blurring of the boundaries between a more intense monastic and ordinary lay practices.</b>
      </abstract>
      <kwd-group>
        <kwd>religious practices</kwd>
        <kwd>history of everyday life</kwd>
        <kwd>historical anthropology</kwd>
        <kwd>Russian Orthodox Church in 20th century</kwd>
        <kwd>practice of Holy Communion</kwd>
        <kwd>normative texts and practices</kwd>
        <kwd>monasticism.</kwd>
      </kwd-group>
      <counts>
        <table-count count="0" />
        <page-count count="0" />
      </counts>
    </article-meta>
  </front>
</article>
