<?xml version='1.0' encoding='UTF-8'?>
<article xmlns:xlink="http://www.w3.org/1999/xlink" dtd-version="1.1">
  <front>
    <journal-meta>
      <journal-id jjournal-id-type="publisher">State, Religion and Church in Russia and Worldwide</journal-id>
      <journal-title-group>
        <journal-title>Gosudarstvo, religiia, tserkov' v Rossii i za rubezhom</journal-title>
        <abbrev-journal-title abbrev-type="nlm-ta" />
      </journal-title-group>
      <issn pub-type="ppub" />
      <issn pub-type="epub" />
    </journal-meta>
    <article-meta>
      <article-id pub-id-type="manuscript" />
      <article-categories>
        <subj-group subj-group-type="article_type">
          <subject>Research article</subject>
        </subj-group>
        <subj-group subj-group-type="subject_areas" />
      </article-categories>
      <title-group>
        <article-title>The Map of Religions for the Failed 1937 Census: a Forgotten Page of Religious Studies in the USSR</article-title>
        <alt-title alt-title-type="running" />
      </title-group>
      <contrib-group>
        <contrib contrib-type="author">
          <name>
            <surname>Chumakova</surname>
            <given-names>Tatiana</given-names>
          </name>
          <email />
          <role content-type="1" />
          <xref ref-type="aff" rid="aff1" />
        </contrib>
        <aff id="aff1">
          <institution />
          <addr-line content-type="addrline1" />
          <addr-line content-type="city" />
          <addr-line content-type="state" />
          <addr-line content-type="zipcode" />
          <addr-line content-type="country" />
      </aff>
      </contrib-group>
      <pub-date pub-type="epub" />
      <pub-date pub-type="ppub" />
      <elocation-id />
      <history>
        <date data-type="received">
          <day />
          <month />
          <year>2012</year>
      </date>
      </history>
      <permissions>
        <copyright-statement>Russian Presidential Academy of National Economy and Public Administration.</copyright-statement>
        <copyright-year>© 2012</copyright-year>
      </permissions>
      <abstract>
        <b>The author explores the preparations for the Soviet 1937 census. (The results of this census were famously cancelled by the authorities for reasons of alleged falsification, and people involved were subsequently persecuted). In this census, for the first time in Soviet history, the question was included about the respondents’ religious affiliation. In this connection, a special reference book has been created that covered the full list of religions in the USSR. The reference book described in detail various religious groups; in fact, the researchers created a comprehensive “map” of religions existing on Soviet territory. This “map” allows us to get an idea of religious diversity in the mid-1920s., when the data was mostly collected. The Addendum to the paper contains the full “Systematic Index of Beliefs (Religions).”</b>
      </abstract>
      <kwd-group>
        <kwd>history of religion</kwd>
        <kwd>the census of 1937</kwd>
        <kwd>religion in the USSR</kwd>
        <kwd>religious studies in the USSR.</kwd>
      </kwd-group>
      <counts>
        <table-count count="0" />
        <page-count count="0" />
      </counts>
    </article-meta>
  </front>
</article>
