<?xml version='1.0' encoding='UTF-8'?>
<article xmlns:xlink="http://www.w3.org/1999/xlink" dtd-version="1.1">
  <front>
    <journal-meta>
      <journal-id jjournal-id-type="publisher">State, Religion and Church in Russia and Worldwide</journal-id>
      <journal-title-group>
        <journal-title>Gosudarstvo, religiia, tserkov' v Rossii i za rubezhom</journal-title>
        <abbrev-journal-title abbrev-type="nlm-ta" />
      </journal-title-group>
      <issn pub-type="ppub" />
      <issn pub-type="epub" />
    </journal-meta>
    <article-meta>
      <article-id pub-id-type="manuscript" />
      <article-categories>
        <subj-group subj-group-type="article_type">
          <subject>Research article</subject>
        </subj-group>
        <subj-group subj-group-type="subject_areas" />
      </article-categories>
      <title-group>
        <article-title>The Princess Olga from Chuvashia: Imposture as a Religious Practice</article-title>
        <alt-title alt-title-type="running" />
      </title-group>
      <contrib-group>
        <contrib contrib-type="author">
          <name>
            <surname>Berman</surname>
            <given-names>Andrey</given-names>
          </name>
          <email />
          <role content-type="1" />
          <xref ref-type="aff" rid="aff1" />
        </contrib>
        <aff id="aff1">
          <institution />
          <addr-line content-type="addrline1" />
          <addr-line content-type="city" />
          <addr-line content-type="state" />
          <addr-line content-type="zipcode" />
          <addr-line content-type="country" />
      </aff>
      </contrib-group>
      <pub-date pub-type="epub" />
      <pub-date pub-type="ppub" />
      <elocation-id />
      <history>
        <date data-type="received">
          <day />
          <month />
          <year>2012</year>
      </date>
      </history>
      <permissions>
        <copyright-statement>Russian Presidential Academy of National Economy and Public Administration.</copyright-statement>
        <copyright-year>© 2012</copyright-year>
      </permissions>
      <abstract>
        <b>The purpose of this paper is to introduce new data on the phenomenon of imposture in Chuvashia in 1920s-1930s. The paper draws upon the evidences form the local NKVD archives. Aleksandra Saratova, who claimed to be Olga, a daughter of the last Russian Tsar Nicolas II, was arrested in Chuvashia; later she and a few other people were executed. The investigation proved her close connections with the movement of True Orthodox Christians — istinnopravoslavnykh khristian — an underground religious network strongly opposed to collectivization and the Soviet power in general. The paper tries to explain the resurgence of the phenomenon of imposture in the aftermath of the Revolution.</b>
      </abstract>
      <kwd-group>
        <kwd>history of the USSR</kwd>
        <kwd>Russian Orthodox Church</kwd>
        <kwd>Chuvash Republic</kwd>
        <kwd>imposture</kwd>
        <kwd>legends about the Tsar-redeemer</kwd>
        <kwd>underground religious communities</kwd>
        <kwd>Aleksandra Saratova</kwd>
        <kwd>Nicolas II</kwd>
        <kwd>Olga Romanoff.</kwd>
      </kwd-group>
      <counts>
        <table-count count="0" />
        <page-count count="0" />
      </counts>
    </article-meta>
  </front>
</article>
