<?xml version='1.0' encoding='UTF-8'?>
<article xmlns:xlink="http://www.w3.org/1999/xlink" dtd-version="1.1">
  <front>
    <journal-meta>
      <journal-id jjournal-id-type="publisher">State, Religion and Church in Russia and Worldwide</journal-id>
      <journal-title-group>
        <journal-title>Gosudarstvo, religiia, tserkov' v Rossii i za rubezhom</journal-title>
        <abbrev-journal-title abbrev-type="nlm-ta" />
      </journal-title-group>
      <issn pub-type="ppub" />
      <issn pub-type="epub" />
    </journal-meta>
    <article-meta>
      <article-id pub-id-type="manuscript" />
      <article-categories>
        <subj-group subj-group-type="article_type">
          <subject>Research article</subject>
        </subj-group>
        <subj-group subj-group-type="subject_areas" />
      </article-categories>
      <title-group>
        <article-title>The Post-Soviet Transition and the Science of Religion</article-title>
        <alt-title alt-title-type="running" />
      </title-group>
      <contrib-group>
        <contrib contrib-type="author">
          <name>
            <surname>Kyrlezhev</surname>
            <given-names>Alexander</given-names>
          </name>
          <email />
          <role content-type="1" />
          <xref ref-type="aff" rid="aff1" />
        </contrib>
        <aff id="aff1">
          <institution />
          <addr-line content-type="addrline1" />
          <addr-line content-type="city" />
          <addr-line content-type="state" />
          <addr-line content-type="zipcode" />
          <addr-line content-type="country" />
      </aff>
      </contrib-group>
      <pub-date pub-type="epub" />
      <pub-date pub-type="ppub" />
      <elocation-id />
      <history>
        <date data-type="received">
          <day />
          <month />
          <year>2015</year>
      </date>
      </history>
      <permissions>
        <copyright-statement>Russian Presidential Academy of National Economy and Public Administration.</copyright-statement>
        <copyright-year>© 2015</copyright-year>
      </permissions>
      <abstract>
        <b>This text is an extended review of the volume «Science of Religion, Scientific Atheism, Religious Studies. Current Problems of the Science of Religion in 20th-21st centuries Russia » (editor K. Antonov, 2014). The review emphasizes the need of de-Sovietization of the religious studies that in the Soviet times existed under the rubric of «scientific atheism ». The volume’s authors were right to present the Soviet religious studies as an amalgam of scientific and non-scientific approaches and practices. The Soviet scholars studied religion while they were expecting its near disappearance. With such orientation, it was almost impossible to follow thorough scientific procedures: the science as such was determined by the overall condicio sovetico with its unescapable mixture of what is what ought to be. The post-Soviet transition is supposed to be a way of de-ideologization, and this principle should be applied to such a new form of ideological bias as confessional engagement, which apparently has replaced the old «scientific atheism» of the Soviet era.</b>
      </abstract>
      <kwd-group>
        <kwd>Post-Soviet transit</kwd>
        <kwd>Soviet science</kwd>
        <kwd>scientific atheism</kwd>
        <kwd>scientific procedure</kwd>
        <kwd>ethos of science.</kwd>
      </kwd-group>
      <counts>
        <table-count count="0" />
        <page-count count="0" />
      </counts>
    </article-meta>
  </front>
</article>
