<?xml version='1.0' encoding='UTF-8'?>
<article xmlns:xlink="http://www.w3.org/1999/xlink" dtd-version="1.1">
  <front>
    <journal-meta>
      <journal-id jjournal-id-type="publisher">GRC</journal-id>
      <journal-title-group>
        <journal-title>Gosudarstvo, religiia, tserkov' v Rossii i za rubezhom </journal-title>
        <abbrev-journal-title abbrev-type="nlm-ta" />
      </journal-title-group>
      <issn pub-type="ppub" />
      <issn pub-type="epub" />
    </journal-meta>
    <article-meta>
      <article-id pub-id-type="manuscript" />
      <article-categories>
        <subj-group subj-group-type="article_type">
          <subject>Research article</subject>
        </subj-group>
        <subj-group subj-group-type="subject_areas">
          <subject> </subject>
      </subj-group>
      </article-categories>
      <title-group>
        <article-title>«Scientific Atheism» as a Case for Discussion (Responses of the Volume’s Authors to Reviews)</article-title>
        <alt-title alt-title-type="running" />
      </title-group>
      <contrib-group>
        <contrib contrib-type="author">
          <name>
            <surname>Antonov</surname>
            <given-names>Konstantin</given-names>
          </name>
          <email />
          <role content-type="1" />
          <xref ref-type="aff" rid="aff1" />
        </contrib>
        <contrib contrib-type="author">
          <name>
            <surname>Kostylev</surname>
            <given-names>Pavel</given-names>
          </name>
          <email />
          <role content-type="2" />
          <xref ref-type="aff" rid="aff2" />
        </contrib>
        <contrib contrib-type="author">
          <name>
            <surname>Folieva</surname>
            <given-names>Tatiana</given-names>
          </name>
          <email />
          <role content-type="3" />
          <xref ref-type="aff" rid="aff3" />
        </contrib>
        <aff id="aff1">
          <institution />
          <addr-line content-type="addrline1" />
          <addr-line content-type="city" />
          <addr-line content-type="state" />
          <addr-line content-type="zipcode" />
          <addr-line content-type="country" />
        </aff>
        <aff id="aff2">
          <institution />
          <addr-line content-type="addrline1" />
          <addr-line content-type="city" />
          <addr-line content-type="state" />
          <addr-line content-type="zipcode" />
          <addr-line content-type="country" />
        </aff>
        <aff id="aff3">
          <institution />
          <addr-line content-type="addrline1" />
          <addr-line content-type="city" />
          <addr-line content-type="state" />
          <addr-line content-type="zipcode" />
          <addr-line content-type="country" />
      </aff>
      </contrib-group>
      <pub-date pub-type="epub" />
      <pub-date pub-type="ppub" />
      <elocation-id />
      <history>
        <date data-type="received">
          <day />
          <month />
          <year>2015</year>
      </date>
      </history>
      <permissions>
        <copyright-statement>Russian Presidential Academy of National Economy and Public Administration.</copyright-statement>
        <copyright-year>© 2015</copyright-year>
      </permissions>
      <abstract>
        <b>In their reactions to A. Kyrlezhev’s and M. Shakhnovich’s reviews, the authors of the volume under discussion provide further clarifications of key methodological issues. They stress that the volume pursued academic goals rather than engaging in a wider public debate. Speaking of the Soviet science of religion, they prefer the concept of «extreme science» instead of «pseudoscience» or «normal science in extreme conditions». The volume focused on creating a framework of understanding the phenomenon and did not claim to cover the variety of archival materials. The authors outline further ways of developing the historiography of religious studies in Russia, in connection with the broader intellectual history, as well as the extension of the sources.</b>
      </abstract>
      <kwd-group>
        <kwd>religious studies</kwd>
        <kwd>scientific atheism</kwd>
        <kwd>extreme science</kwd>
        <kwd>intellectual history</kwd>
        <kwd>institutionalization</kwd>
        <kwd>periodization</kwd>
        <kwd>source basis.</kwd>
      </kwd-group>
      <counts>
        <table-count count="0" />
        <page-count count="0" />
      </counts>
    </article-meta>
  </front>
</article>
