<?xml version='1.0' encoding='UTF-8'?>
<article xmlns:xlink="http://www.w3.org/1999/xlink" dtd-version="1.1">
  <front>
    <journal-meta>
      <journal-id jjournal-id-type="publisher">State, Religion and Church in Russia and Worldwide</journal-id>
      <journal-title-group>
        <journal-title>Gosudarstvo, religiia, tserkov' v Rossii i za rubezhom</journal-title>
        <abbrev-journal-title abbrev-type="nlm-ta" />
      </journal-title-group>
      <issn pub-type="ppub" />
      <issn pub-type="epub" />
    </journal-meta>
    <article-meta>
      <article-id pub-id-type="manuscript" />
      <article-categories>
        <subj-group subj-group-type="article_type">
          <subject>Research article</subject>
        </subj-group>
        <subj-group subj-group-type="subject_areas" />
      </article-categories>
      <title-group>
        <article-title>On Bryan S. Turner’s Anti-Orientalist Sociology of Islam</article-title>
        <alt-title alt-title-type="running" />
      </title-group>
      <contrib-group>
        <contrib contrib-type="author">
          <name>
            <surname>Ragozina</surname>
            <given-names>Sofya</given-names>
          </name>
          <email />
          <role content-type="1" />
          <xref ref-type="aff" rid="aff1" />
        </contrib>
        <aff id="aff1">
          <institution />
          <addr-line content-type="addrline1" />
          <addr-line content-type="city" />
          <addr-line content-type="state" />
          <addr-line content-type="zipcode" />
          <addr-line content-type="country" />
      </aff>
      </contrib-group>
      <pub-date pub-type="epub" />
      <pub-date pub-type="ppub" />
      <elocation-id />
      <history>
        <date data-type="received">
          <day />
          <month />
          <year>2015</year>
      </date>
      </history>
      <permissions>
        <copyright-statement>Russian Presidential Academy of National Economy and Public Administration.</copyright-statement>
        <copyright-year>© 2015</copyright-year>
      </permissions>
      <abstract>
        <b>The article makes an overview of the work of Bryan Stanley Turner, prominent expert on Islam and the author of an original theory as reflected in his papers recently put together in the volume called «Sociology of Islam». The crucial point of most of the chapters included in the volume is a thorough analysis of Orientalism and its implications to current Islamic Studies. Beginning with a critique of the sociology of Max Weber, which Turner believes to have created the modern false paradigm in Islamic studies, he then methodically identifies obvious and hidden forms of Orientalism, demonstrating how to try avoiding it in research. The article discusses elements of Turner’s theory showing its strengths and revealing its weaknesses.</b>
      </abstract>
      <kwd-group>
        <kwd>Islamic studies</kwd>
        <kwd>orientalism</kwd>
        <kwd>sociology of Islam</kwd>
        <kwd>Islam</kwd>
        <kwd>critique of orientalism.</kwd>
      </kwd-group>
      <counts>
        <table-count count="0" />
        <page-count count="0" />
      </counts>
    </article-meta>
  </front>
</article>
