<?xml version='1.0' encoding='UTF-8'?>
<article xmlns:xlink="http://www.w3.org/1999/xlink" dtd-version="1.1">
  <front>
    <journal-meta>
      <journal-id jjournal-id-type="publisher">GRC</journal-id>
      <journal-title-group>
        <journal-title>Gosudarstvo, religiia, tserkov' v Rossii i za rubezhom </journal-title>
        <abbrev-journal-title abbrev-type="nlm-ta" />
      </journal-title-group>
      <issn pub-type="ppub" />
      <issn pub-type="epub" />
    </journal-meta>
    <article-meta>
      <article-id pub-id-type="manuscript" />
      <article-categories>
        <subj-group subj-group-type="article_type">
          <subject>Research article</subject>
        </subj-group>
        <subj-group subj-group-type="subject_areas">
          <subject> </subject>
      </subj-group>
      </article-categories>
      <title-group>
        <article-title>Science and Religion: New Methodological Opportunities</article-title>
        <alt-title alt-title-type="running" />
      </title-group>
      <contrib-group>
        <contrib contrib-type="author">
          <name>
            <surname>Katasonov</surname>
            <given-names>Vladimir</given-names>
          </name>
          <email />
          <role content-type="1" />
          <xref ref-type="aff" rid="aff1" />
        </contrib>
        <aff id="aff1">
          <institution />
          <addr-line content-type="addrline1" />
          <addr-line content-type="city" />
          <addr-line content-type="state" />
          <addr-line content-type="zipcode" />
          <addr-line content-type="country" />
      </aff>
      </contrib-group>
      <pub-date pub-type="epub" />
      <pub-date pub-type="ppub" />
      <elocation-id />
      <history>
        <date data-type="received">
          <day />
          <month />
          <year>2015</year>
      </date>
      </history>
      <permissions>
        <copyright-statement>Russian Presidential Academy of National Economy and Public Administration.</copyright-statement>
        <copyright-year>© 2015</copyright-year>
      </permissions>
      <abstract>
        <b>The paper deals with logical and historical relations of science and religion. Science is dualistic: it seeks to learn the world and to dominate over it. Christianity sees the world, before all, as a display of the Divine; but faith is not just contemplation but also the way of salvation. Science is a sequence of falsified and verified theories. In religion, the knowledge of God is given in revelation, but refracted through a tradition, hence the importance of interpretation. Truth in science is a consensus of a competent community; truth in religion is also the consent with Church’s dogmas but it is also ontological, a participation in God’s life, a theosis. Religion and sciences have been in a constant interaction in history. The paper offers a positive strategy in dealing with these interactions — the so called .Leibnitz methodology. exploring metaphysical preconditions of scientific knowledge and finally producing a horizon for a certain natural religion.</b>
      </abstract>
      <kwd-group>
        <kwd>science and religion</kwd>
        <kwd>science and metaphysics</kwd>
        <kwd>problem of truth in science and religion</kwd>
        <kwd>religious roots of science</kwd>
        <kwd>phenomenological analysis of science.</kwd>
      </kwd-group>
      <counts>
        <table-count count="0" />
        <page-count count="0" />
      </counts>
    </article-meta>
  </front>
</article>
