<?xml version='1.0' encoding='UTF-8'?>
<article xmlns:xlink="http://www.w3.org/1999/xlink" dtd-version="1.1">
  <front>
    <journal-meta>
      <journal-id jjournal-id-type="publisher">GRC</journal-id>
      <journal-title-group>
        <journal-title>Gosudarstvo, religiia, tserkov' v Rossii i za rubezhom </journal-title>
        <abbrev-journal-title abbrev-type="nlm-ta" />
      </journal-title-group>
      <issn pub-type="ppub" />
      <issn pub-type="epub" />
    </journal-meta>
    <article-meta>
      <article-id pub-id-type="manuscript" />
      <article-categories>
        <subj-group subj-group-type="article_type">
          <subject>Research article</subject>
        </subj-group>
        <subj-group subj-group-type="subject_areas">
          <subject> </subject>
      </subj-group>
      </article-categories>
      <title-group>
        <article-title>Philosophy, Religion, and Science: the Models of Understanding</article-title>
        <alt-title alt-title-type="running" />
      </title-group>
      <contrib-group>
        <contrib contrib-type="author">
          <name>
            <surname>Konacheva</surname>
            <given-names>Svetlana</given-names>
          </name>
          <email />
          <role content-type="1" />
          <xref ref-type="aff" rid="aff1" />
        </contrib>
        <aff id="aff1">
          <institution />
          <addr-line content-type="addrline1" />
          <addr-line content-type="city" />
          <addr-line content-type="state" />
          <addr-line content-type="zipcode" />
          <addr-line content-type="country" />
      </aff>
      </contrib-group>
      <pub-date pub-type="epub" />
      <pub-date pub-type="ppub" />
      <elocation-id />
      <history>
        <date data-type="received">
          <day />
          <month />
          <year>2015</year>
      </date>
      </history>
      <permissions>
        <copyright-statement>Russian Presidential Academy of National Economy and Public Administration.</copyright-statement>
        <copyright-year>© 2015</copyright-year>
      </permissions>
      <abstract>
        <b>This article deals with the basic models of philosophical understanding of religion, those constitutive characteristics of it that determine its specificity in relation to other forms of human existence. The article outlines several approaches to the description of religion: Kantian, Hegelian, phenomenological, and analytical. The special character of religious thinking is defined by its participation in faith: religious thinking is like a meeting with an object of thought that reveals itself for the thought and thereby determines our thinking. The article also focuses on the role of metaphor in modern religious thought and shows that the metaphorical language of modern theology becomes an alternative to conceptual language. The author proposes a new methodology for dialogue between science and religion, which is based on the understanding of their fundamental otherness. The possibility of substantive dialogue is to explore the situation of human existence in the world.</b>
      </abstract>
      <kwd-group>
        <kwd>philosophy</kwd>
        <kwd>religion</kwd>
        <kwd>science</kwd>
        <kwd>dialogue</kwd>
        <kwd>metaphysics</kwd>
        <kwd>religious experience</kwd>
        <kwd>religious statement.</kwd>
      </kwd-group>
      <counts>
        <table-count count="0" />
        <page-count count="0" />
      </counts>
    </article-meta>
  </front>
</article>
