<?xml version='1.0' encoding='UTF-8'?>
<article xmlns:xlink="http://www.w3.org/1999/xlink" dtd-version="1.1">
  <front>
    <journal-meta>
      <journal-id jjournal-id-type="publisher">State, Religion and Church in Russia and Worldwide</journal-id>
      <journal-title-group>
        <journal-title>Gosudarstvo, religiia, tserkov' v Rossii i za rubezhom</journal-title>
        <abbrev-journal-title abbrev-type="nlm-ta" />
      </journal-title-group>
      <issn pub-type="ppub" />
      <issn pub-type="epub" />
    </journal-meta>
    <article-meta>
      <article-id pub-id-type="manuscript" />
      <article-categories>
        <subj-group subj-group-type="article_type">
          <subject>Research article</subject>
        </subj-group>
        <subj-group subj-group-type="subject_areas" />
      </article-categories>
      <title-group>
        <article-title>The Dialogue of Science and Religion from the Perspective of Contemporary Theories of Democracy</article-title>
        <alt-title alt-title-type="running" />
      </title-group>
      <contrib-group>
        <contrib contrib-type="author">
          <name>
            <surname>Uzlaner</surname>
            <given-names>Dmitry</given-names>
          </name>
          <email />
          <role content-type="1" />
          <xref ref-type="aff" rid="aff1" />
        </contrib>
        <aff id="aff1">
          <institution />
          <addr-line content-type="addrline1" />
          <addr-line content-type="city" />
          <addr-line content-type="state" />
          <addr-line content-type="zipcode" />
          <addr-line content-type="country" />
      </aff>
      </contrib-group>
      <pub-date pub-type="epub" />
      <pub-date pub-type="ppub" />
      <elocation-id />
      <history>
        <date data-type="received">
          <day />
          <month />
          <year>2015</year>
      </date>
      </history>
      <permissions>
        <copyright-statement>Russian Presidential Academy of National Economy and Public Administration.</copyright-statement>
        <copyright-year>© 2015</copyright-year>
      </permissions>
      <abstract>
        <b>This article deals with the dialogue between science and religion through the lens of contemporary theories of democracy. Can religion, along with science, make valuable contributions to the public debate? Should scientific community respect this contribution, and if yes, then why? The article analyzes the two general considerations in favor of religious contributions. One is normative, connected with contemporary theories of democracy. Another one is epistemological, which, in turn, exists in two versions: weak or "modern", represented by Jürgen Habermas and implying the necessity of "translation" of religious contribution into the language of universal secular rationality; and "strong" or postmodern, implying epistemological equalization of religion and science. Then the article considers concrete historical details of Russian culture (most importantly, its internal binary oppositions), which stipulate the social projection of the dialogue between science and religion in the Russian context.</b>
      </abstract>
      <kwd-group>
        <kwd>religion and science</kwd>
        <kwd>Jürgen Habermas</kwd>
        <kwd>Charles Taylor</kwd>
        <kwd>public religion</kwd>
        <kwd>postsecular society</kwd>
        <kwd>deliberative democracy.</kwd>
      </kwd-group>
      <counts>
        <table-count count="0" />
        <page-count count="0" />
      </counts>
    </article-meta>
  </front>
</article>
