<?xml version='1.0' encoding='UTF-8'?>
<article xmlns:xlink="http://www.w3.org/1999/xlink" dtd-version="1.1">
  <front>
    <journal-meta>
      <journal-id jjournal-id-type="publisher">GRC</journal-id>
      <journal-title-group>
        <journal-title>Gosudarstvo, religiia, tserkov' v Rossii i za rubezhom </journal-title>
        <abbrev-journal-title abbrev-type="nlm-ta" />
      </journal-title-group>
      <issn pub-type="ppub" />
      <issn pub-type="epub" />
    </journal-meta>
    <article-meta>
      <article-id pub-id-type="manuscript" />
      <article-categories>
        <subj-group subj-group-type="article_type">
          <subject>Research article</subject>
        </subj-group>
        <subj-group subj-group-type="subject_areas">
          <subject> </subject>
      </subj-group>
      </article-categories>
      <title-group>
        <article-title>A Political Dimension of the Russian Religious Philosophy</article-title>
        <alt-title alt-title-type="running" />
      </title-group>
      <contrib-group>
        <contrib contrib-type="author">
          <name>
            <surname>Antonov</surname>
            <given-names>Konstantin</given-names>
          </name>
          <email />
          <role content-type="1" />
          <xref ref-type="aff" rid="aff1" />
        </contrib>
        <aff id="aff1">
          <institution />
          <addr-line content-type="addrline1" />
          <addr-line content-type="city" />
          <addr-line content-type="state" />
          <addr-line content-type="zipcode" />
          <addr-line content-type="country" />
      </aff>
      </contrib-group>
      <pub-date pub-type="epub" />
      <pub-date pub-type="ppub" />
      <elocation-id />
      <history>
        <date data-type="received">
          <day />
          <month />
          <year>2014</year>
      </date>
      </history>
      <permissions>
        <copyright-statement>Russian Presidential Academy of National Economy and Public Administration.</copyright-statement>
        <copyright-year>© 2014</copyright-year>
      </permissions>
      <abstract>
        <b>In this interview, Dr. Konstantin Antonov, historian of the Russian religious thought, gives a diachronic overview of the political ideas and attitudes of the religious thinkers, starting with the Slavophils and ending up with the post-1917 émigré philosophers. Antonov stays within the scope of the so called “religious philosophy” which emerged in the secularized culture of the 19th — 20th centuries in distinction with the regular church theology. The philosophical aspect of the political discourse within this scope is under particular scrutiny in the interview. Antonov also tries to explain the reasons of why the works of the religious philosophers are now neglected or even ignored, both within the church theological milieu and beyond it.</b>
      </abstract>
      <kwd-group>
        <kwd>Russian religious philosophy</kwd>
        <kwd>secularization</kwd>
        <kwd>political</kwd>
        <kwd>liberal conservatism</kwd>
        <kwd>church and state</kwd>
        <kwd>Russian school of law</kwd>
        <kwd>Christina socialism</kwd>
        <kwd>religious and secular</kwd>
        <kwd>post-secular.</kwd>
      </kwd-group>
      <counts>
        <table-count count="0" />
        <page-count count="0" />
      </counts>
    </article-meta>
  </front>
</article>
