<?xml version='1.0' encoding='UTF-8'?>
<article xmlns:xlink="http://www.w3.org/1999/xlink" dtd-version="1.1">
  <front>
    <journal-meta>
      <journal-id jjournal-id-type="publisher">State, Religion and Church in Russia and Worldwide</journal-id>
      <journal-title-group>
        <journal-title>Gosudarstvo, religiia, tserkov' v Rossii i za rubezhom</journal-title>
        <abbrev-journal-title abbrev-type="nlm-ta" />
      </journal-title-group>
      <issn pub-type="ppub" />
      <issn pub-type="epub" />
    </journal-meta>
    <article-meta>
      <article-id pub-id-type="manuscript" />
      <article-categories>
        <subj-group subj-group-type="article_type">
          <subject>Research article</subject>
        </subj-group>
        <subj-group subj-group-type="subject_areas" />
      </article-categories>
      <title-group>
        <article-title>The Concept of Violence in the Russian Orthodox Discourse in the Post-Soviet Period</article-title>
        <alt-title alt-title-type="running" />
      </title-group>
      <contrib-group>
        <contrib contrib-type="author">
          <name>
            <surname>Zygmont</surname>
            <given-names>Alexey</given-names>
          </name>
          <email />
          <role content-type="1" />
          <xref ref-type="aff" rid="aff1" />
        </contrib>
        <aff id="aff1">
          <institution />
          <addr-line content-type="addrline1" />
          <addr-line content-type="city" />
          <addr-line content-type="state" />
          <addr-line content-type="zipcode" />
          <addr-line content-type="country" />
      </aff>
      </contrib-group>
      <pub-date pub-type="epub" />
      <pub-date pub-type="ppub" />
      <elocation-id />
      <history>
        <date data-type="received">
          <day />
          <month />
          <year>2014</year>
      </date>
      </history>
      <permissions>
        <copyright-statement>Russian Presidential Academy of National Economy and Public Administration.</copyright-statement>
        <copyright-year>© 2014</copyright-year>
      </permissions>
      <abstract>
        <b>The article examines a number of issues related to the link between religion and violence in the discussions and practice within the Russian Orthodox Church in the post-Soviet period. After a short overview of theoretical tools the paper deals with the so-called image of “cosmic war” in the discourse of official representatives of the Moscow Patriarchate and the Orthodox nationalists; the ways this image affects matters of morality, family and parenting; the events of 2012 related to the Pussy Riot “punk prayer” and reaction to it; other examples of symbolic and actual violence. The paper is completed with an analysis of eschatological images of “cosmic conquest” and what can be described as “sacrificial crisis” of the Orthodox parish subcultures. All this allows to explain the manifestations of violence in these subcultures and to engage in a theoretical discussion of the connection between religion and violence.</b>
      </abstract>
      <kwd-group>
        <kwd>symbolic violence</kwd>
        <kwd>religious violence</kwd>
        <kwd>religious symbol</kwd>
        <kwd>Russian Orthodox Church</kwd>
        <kwd>Orthodox nationalists</kwd>
        <kwd>parish environment.</kwd>
      </kwd-group>
      <counts>
        <table-count count="0" />
        <page-count count="0" />
      </counts>
    </article-meta>
  </front>
</article>
