<?xml version='1.0' encoding='UTF-8'?>
<article xmlns:xlink="http://www.w3.org/1999/xlink" dtd-version="1.1">
  <front>
    <journal-meta>
      <journal-id jjournal-id-type="publisher">GRC</journal-id>
      <journal-title-group>
        <journal-title>Gosudarstvo, religiia, tserkov' v Rossii i za rubezhom </journal-title>
        <abbrev-journal-title abbrev-type="nlm-ta" />
      </journal-title-group>
      <issn pub-type="ppub" />
      <issn pub-type="epub" />
    </journal-meta>
    <article-meta>
      <article-id pub-id-type="manuscript" />
      <article-categories>
        <subj-group subj-group-type="article_type">
          <subject>Research article</subject>
        </subj-group>
        <subj-group subj-group-type="subject_areas">
          <subject> </subject>
      </subj-group>
      </article-categories>
      <title-group>
        <article-title>Church and Ideology: Divisions and Reductions</article-title>
        <alt-title alt-title-type="running" />
      </title-group>
      <contrib-group>
        <contrib contrib-type="author">
          <name>
            <surname>Hovorun</surname>
            <given-names>Archimandrite Cyril</given-names>
          </name>
          <email />
          <role content-type="1" />
          <xref ref-type="aff" rid="aff1" />
        </contrib>
        <aff id="aff1">
          <institution />
          <addr-line content-type="addrline1" />
          <addr-line content-type="city" />
          <addr-line content-type="state" />
          <addr-line content-type="zipcode" />
          <addr-line content-type="country" />
      </aff>
      </contrib-group>
      <pub-date pub-type="epub" />
      <pub-date pub-type="ppub" />
      <elocation-id />
      <history>
        <date data-type="received">
          <day />
          <month />
          <year>2014</year>
      </date>
      </history>
      <permissions>
        <copyright-statement>Russian Presidential Academy of National Economy and Public Administration.</copyright-statement>
        <copyright-year>© 2014</copyright-year>
      </permissions>
      <abstract>
        <b>The article explores the milestones in the relationship of religion and ideologies since the Enlightenment. Religion and ideology exercised deep impact on each other. Thus, for instance, the divide between “liberals” and “conservatives” in the Church nowadays emerged under the impact of secular ideologies. In particular, this divide reflects the American bipolar political system. The roots of this division go back to the history of theological thought. They can be traced in two anthropological models, pessimistic and  optimistic, which diverge on the issue of human freedom. The ancient Christian doctrines can be also interpreted in terms of “conservative” and “liberal” proto-ideologies: for example, Arianism and Severianism could be regarded as conservative movements. Instead of setting the Church’s monopoly on any ideological trend, either conservative or liberal, the article suggests to reconcile them following the example of the modern political systems where coexistence and competition of the liberal and conservative ideologies do not lead to the system’s collapse, but contribute to their further dynamic development.</b>
      </abstract>
      <kwd-group>
        <kwd>Orthodoxy</kwd>
        <kwd>ideology</kwd>
        <kwd>conservatism</kwd>
        <kwd>liberalism</kwd>
        <kwd>anthropology.</kwd>
      </kwd-group>
      <counts>
        <table-count count="0" />
        <page-count count="0" />
      </counts>
    </article-meta>
  </front>
</article>
