<?xml version='1.0' encoding='UTF-8'?>
<article xmlns:xlink="http://www.w3.org/1999/xlink" dtd-version="1.1">
  <front>
    <journal-meta>
      <journal-id jjournal-id-type="publisher">GRC</journal-id>
      <journal-title-group>
        <journal-title>Gosudarstvo, religiia, tserkov' v Rossii i za rubezhom </journal-title>
        <abbrev-journal-title abbrev-type="nlm-ta" />
      </journal-title-group>
      <issn pub-type="ppub" />
      <issn pub-type="epub" />
    </journal-meta>
    <article-meta>
      <article-id pub-id-type="manuscript" />
      <article-categories>
        <subj-group subj-group-type="article_type">
          <subject>Research Letter</subject>
        </subj-group>
        <subj-group subj-group-type="subject_areas">
          <subject> </subject>
      </subj-group>
      </article-categories>
      <title-group>
        <article-title>“Everson”, “McCollum”, “Zorach”: The Supreme Court and the Debate on Church-State Relations in the United States in the Late 1940s — Early 1950s</article-title>
        <alt-title alt-title-type="running" />
      </title-group>
      <contrib-group>
        <contrib contrib-type="author">
          <name>
            <surname>Borzov</surname>
            <given-names>Alexei</given-names>
          </name>
          <email />
          <role content-type="1" />
          <xref ref-type="aff" rid="aff1" />
        </contrib>
        <aff id="aff1">
          <institution />
          <addr-line content-type="addrline1" />
          <addr-line content-type="city" />
          <addr-line content-type="state" />
          <addr-line content-type="zipcode" />
          <addr-line content-type="country" />
      </aff>
      </contrib-group>
      <pub-date pub-type="epub" />
      <pub-date pub-type="ppub" />
      <elocation-id />
      <history>
        <date data-type="received">
          <day />
          <month />
          <year>2017</year>
      </date>
      </history>
      <permissions>
        <copyright-statement />
        <copyright-year />
      </permissions>
      <abstract>
        <b>This article studies the situation in church‑state relations in the United States in the late 1940s — early 1950s. The Supreme Court’s decisions in the Everson (1947), McCollum (1948) and Zorach (1952) cases concerned the majority of U. S. religious bodies. These decisions provoked debates on the issues of the secularization of American society and cooperation between church and state in various fields. Interpretation of the Establishment Clause of the First Amendment was an important subject of the polemics too. In its analysis of the debate, the article pays special attention to the attitude of Roman Catholic and Protestant leaders toward the issue, as well as to the disputes between and inside churches.</b>
      </abstract>
      <kwd-group>
        <kwd>USA</kwd>
        <kwd>the U. S. Supreme Court</kwd>
        <kwd>religion</kwd>
        <kwd>church-state relations</kwd>
        <kwd>parochial school</kwd>
        <kwd>public school</kwd>
        <kwd>Protestant denominations</kwd>
        <kwd>Catholic church</kwd>
        <kwd>secularization.</kwd>
      </kwd-group>
      <counts>
        <table-count count="0" />
        <page-count count="0" />
      </counts>
    </article-meta>
  </front>
</article>
