<?xml version='1.0' encoding='UTF-8'?>
<article xmlns:xlink="http://www.w3.org/1999/xlink" dtd-version="1.1">
  <front>
    <journal-meta>
      <journal-id jjournal-id-type="publisher">GRC</journal-id>
      <journal-title-group>
        <journal-title>Gosudarstvo, religiia, tserkov' v Rossii i za rubezhom </journal-title>
        <abbrev-journal-title abbrev-type="nlm-ta" />
      </journal-title-group>
      <issn pub-type="ppub" />
      <issn pub-type="epub" />
    </journal-meta>
    <article-meta>
      <article-id pub-id-type="manuscript" />
      <article-categories>
        <subj-group subj-group-type="article_type">
          <subject>Research Letter</subject>
        </subj-group>
        <subj-group subj-group-type="subject_areas">
          <subject> </subject>
      </subj-group>
      </article-categories>
      <title-group>
        <article-title>How to Accept the Unacceptable: Blasphemy and Atheism in the Judicial Practice of the Roman Inquisition in the Seventeenth Century</article-title>
        <alt-title alt-title-type="running" />
      </title-group>
      <contrib-group>
        <contrib contrib-type="author">
          <name>
            <surname>Barbierato</surname>
            <given-names>Federico</given-names>
          </name>
          <email />
          <role content-type="1" />
          <xref ref-type="aff" rid="aff1" />
        </contrib>
        <aff id="aff1">
          <institution />
          <addr-line content-type="addrline1" />
          <addr-line content-type="city" />
          <addr-line content-type="state" />
          <addr-line content-type="zipcode" />
          <addr-line content-type="country" />
      </aff>
      </contrib-group>
      <pub-date pub-type="epub" />
      <pub-date pub-type="ppub" />
      <elocation-id />
      <history>
        <date data-type="received">
          <day />
          <month />
          <year>2017</year>
      </date>
      </history>
      <permissions>
        <copyright-statement />
        <copyright-year />
      </permissions>
      <abstract>
        <b>It is not possible to write the history of blasphemy, anticlericalism and religious scepticism in the Early Modern period without taking into consideration the variety of their different manifestations (not only words but also gestures), as well as the lexibility of the boundary separating blasphemy as an emotional outburst from blasphemy as a conscious act of rebellion against the Church as an institution and God as an idea. The author investigates these issues by looking at materials of the Republic of Venice in the seventeenth and eighteenth centuries. He tries to answer three overlapping questions: how the Inquisition and secular courts coordinated their activities in response to this broad field of jurisdiction; how different forms of blasphemous sayings and actions correlated with religious scepticism and the theoretical elaboration of unbelief; and how in society, where disrespectful words and gestures toward sacred persons and objects were part of everyday life, the Church tried on the one hand to eradicate blasphemy, and on the other hand to reconcile itself with blasphemy’s ingrained existence.</b>
      </abstract>
      <kwd-group>
        <kwd>blasphemy</kwd>
        <kwd>Italy</kwd>
        <kwd>Veneto</kwd>
        <kwd>Inquisition</kwd>
        <kwd>Catholic church</kwd>
        <kwd>canon law.</kwd>
      </kwd-group>
      <counts>
        <table-count count="0" />
        <page-count count="0" />
      </counts>
    </article-meta>
  </front>
</article>
