<?xml version='1.0' encoding='UTF-8'?>
<article xmlns:xlink="http://www.w3.org/1999/xlink" dtd-version="1.1">
  <front>
    <journal-meta>
      <journal-id jjournal-id-type="publisher">GRC</journal-id>
      <journal-title-group>
        <journal-title>Gosudarstvo, religiia, tserkov' v Rossii i za rubezhom </journal-title>
        <abbrev-journal-title abbrev-type="nlm-ta" />
      </journal-title-group>
      <issn pub-type="ppub" />
      <issn pub-type="epub" />
    </journal-meta>
    <article-meta>
      <article-id pub-id-type="manuscript" />
      <article-categories>
        <subj-group subj-group-type="article_type">
          <subject>Research Letter</subject>
        </subj-group>
        <subj-group subj-group-type="subject_areas">
          <subject> </subject>
      </subj-group>
      </article-categories>
      <title-group>
        <article-title>German Criminal Legislation in the Religious Sphere: History and Contemporary Discussions</article-title>
        <alt-title alt-title-type="running" />
      </title-group>
      <contrib-group>
        <contrib contrib-type="author">
          <name>
            <surname>Khulap</surname>
            <given-names>Vladimir</given-names>
          </name>
          <email />
          <role content-type="1" />
          <xref ref-type="aff" rid="aff1" />
        </contrib>
        <aff id="aff1">
          <institution />
          <addr-line content-type="addrline1" />
          <addr-line content-type="city" />
          <addr-line content-type="state" />
          <addr-line content-type="zipcode" />
          <addr-line content-type="country" />
      </aff>
      </contrib-group>
      <pub-date pub-type="epub" />
      <pub-date pub-type="ppub" />
      <elocation-id />
      <history>
        <date data-type="received">
          <day />
          <month />
          <year>2017</year>
      </date>
      </history>
      <permissions>
        <copyright-statement />
        <copyright-year />
      </permissions>
      <abstract>
        <b>Discussions about criminal law in the religious sphere have become relevant in Europe. This article presents the main milestones in the development of German criminal law in the field of «religious crimes» (insulting religious feelings, obstructing worship, desecration of religious objects, etc.) in the context of church‑state relations during different historical periods — the Middle Ages, Reformation, Enlightenment, Kulturkampf, National‑Socialism, and post‑war. Current German criminal law is analyzed, and the most resonant cases of law enforcement practice of the last decade are described. The paper then analyzes various models that justify the existence in a secular state of criminal penalties for religious crimes; yet it shows the lack of consensus on this matter — and evidence of a continuing public discussion.</b>
      </abstract>
      <kwd-group>
        <kwd>religion and state</kwd>
        <kwd>criminal law</kwd>
        <kwd>blasphemy</kwd>
        <kwd>Germany</kwd>
        <kwd>insulting the feelings of believers</kwd>
        <kwd>secularization.</kwd>
      </kwd-group>
      <counts>
        <table-count count="0" />
        <page-count count="0" />
      </counts>
    </article-meta>
  </front>
</article>
