<?xml version='1.0' encoding='UTF-8'?>
<article xmlns:xlink="http://www.w3.org/1999/xlink" dtd-version="1.1">
  <front>
    <journal-meta>
      <journal-id jjournal-id-type="publisher">State, Religion and Church in Russia and Worldwide</journal-id>
      <journal-title-group>
        <journal-title>Gosudarstvo, religiia, tserkov' v Rossii i za rubezhom</journal-title>
        <abbrev-journal-title abbrev-type="nlm-ta" />
      </journal-title-group>
      <issn pub-type="ppub" />
      <issn pub-type="epub" />
    </journal-meta>
    <article-meta>
      <article-id pub-id-type="manuscript" />
      <article-categories>
        <subj-group subj-group-type="article_type">
          <subject>Research article</subject>
        </subj-group>
        <subj-group subj-group-type="subject_areas" />
      </article-categories>
      <title-group>
        <article-title>Some Writings on Predestination from 9th Century Polemic</article-title>
        <alt-title alt-title-type="running" />
      </title-group>
      <contrib-group>
        <contrib contrib-type="author">
          <name>
            <surname />
            <given-names />
          </name>
          <email />
          <role content-type="1" />
          <xref ref-type="aff" rid="aff1" />
        </contrib>
        <aff id="aff1">
          <institution />
          <addr-line content-type="addrline1" />
          <addr-line content-type="city" />
          <addr-line content-type="state" />
          <addr-line content-type="zipcode" />
          <addr-line content-type="country" />
      </aff>
      </contrib-group>
      <pub-date pub-type="epub" />
      <pub-date pub-type="ppub" />
      <elocation-id />
      <history>
        <date data-type="received">
          <day />
          <month />
          <year>2014</year>
      </date>
      </history>
      <permissions>
        <copyright-statement>Russian Presidential Academy of National Economy and Public Administration.</copyright-statement>
        <copyright-year>© 2014</copyright-year>
      </permissions>
      <abstract>
        <b>The texts, presented below, belong to several authors who participated in 9th century controversy on predestination. These excerpts illustrate positions of key participants: Gottschalk of Orbais on    «double predestination», his critics (Hrabanus Maurus and Hincmar, archbishop of Reims), who claimed that there is only predestination to good and Amolo, archbishop of Lyon, who thought that doctrine of predestination shouldn’t drive people to despair and that is why Scripture and writings of Augustine should be interpreted with this rule in mind.</b>
      </abstract>
      <kwd-group>
        <kwd>Gottschalk of Orbais</kwd>
        <kwd>Hrabanus Maurus</kwd>
        <kwd>Hincmar of Reims</kwd>
        <kwd>Amolo of Lyon</kwd>
        <kwd>predestination</kwd>
        <kwd>«double predestination»</kwd>
        <kwd>reprobation</kwd>
        <kwd>sin</kwd>
        <kwd>foreknowledge</kwd>
        <kwd>grace.</kwd>
      </kwd-group>
      <counts>
        <table-count count="0" />
        <page-count count="0" />
      </counts>
    </article-meta>
  </front>
</article>
