<?xml version='1.0' encoding='UTF-8'?>
<article xmlns:xlink="http://www.w3.org/1999/xlink" dtd-version="1.1">
  <front>
    <journal-meta>
      <journal-id jjournal-id-type="publisher">State, Religion and Church in Russia and Worldwide</journal-id>
      <journal-title-group>
        <journal-title>Gosudarstvo, religiia, tserkov' v Rossii i za rubezhom</journal-title>
        <abbrev-journal-title abbrev-type="nlm-ta" />
      </journal-title-group>
      <issn pub-type="ppub" />
      <issn pub-type="epub" />
    </journal-meta>
    <article-meta>
      <article-id pub-id-type="manuscript" />
      <article-categories>
        <subj-group subj-group-type="article_type">
          <subject>Research article</subject>
        </subj-group>
        <subj-group subj-group-type="subject_areas" />
      </article-categories>
      <title-group>
        <article-title>Postsecular Modernities: A Sociological Reading</article-title>
        <alt-title alt-title-type="running" />
      </title-group>
      <contrib-group>
        <contrib contrib-type="author">
          <name>
            <surname>(1969–2014)</surname>
            <given-names>Massimo † Rosati</given-names>
          </name>
          <email />
          <role content-type="1" />
          <xref ref-type="aff" rid="aff1" />
        </contrib>
        <aff id="aff1">
          <institution />
          <addr-line content-type="addrline1" />
          <addr-line content-type="city" />
          <addr-line content-type="state" />
          <addr-line content-type="zipcode" />
          <addr-line content-type="country" />
      </aff>
      </contrib-group>
      <pub-date pub-type="epub" />
      <pub-date pub-type="ppub" />
      <elocation-id />
      <history>
        <date data-type="received">
          <day />
          <month />
          <year>2014</year>
      </date>
      </history>
      <permissions>
        <copyright-statement>Russian Presidential Academy of National Economy and Public Administration.</copyright-statement>
        <copyright-year>© 2014</copyright-year>
      </permissions>
      <abstract>
        <b>‘Postsecular’ society is becoming a more and more widespread keyword in contemporary debates, within the philosophical as well as the sociological domains. Even if the word is not so new, it has gained a new conceptual relevance and specificity as a consequence of a deep scrutiny of classical theories of secularization. The paper takes for granted debates on theories of secularization, and tries to contribute to the clarification of the still vague notion of ‘postsecular society’, so far symptom of weaknesses of theories of secularization, or of a normative need for a fairer recognition of religious traditions in our liberal institutions. Working on Jürgen Habermas and Adam B. Seligman’s different but complementary theories of modernity, the paper tries to suggest a four-cells model to typify relationships between religious traditions and modernity, making more specific the constituive elements of the postsecular society.</b>
      </abstract>
      <kwd-group>
        <kwd>postsecular society</kwd>
        <kwd>multiple modernities</kwd>
        <kwd>self-reflexivity</kwd>
        <kwd>religious traditions.</kwd>
      </kwd-group>
      <counts>
        <table-count count="0" />
        <page-count count="0" />
      </counts>
    </article-meta>
  </front>
</article>
