<?xml version='1.0' encoding='UTF-8'?>
<article xmlns:xlink="http://www.w3.org/1999/xlink" dtd-version="1.1">
  <front>
    <journal-meta>
      <journal-id jjournal-id-type="publisher">State, Religion and Church in Russia and Worldwide</journal-id>
      <journal-title-group>
        <journal-title>Gosudarstvo, religiia, tserkov' v Rossii i za rubezhom</journal-title>
        <abbrev-journal-title abbrev-type="nlm-ta" />
      </journal-title-group>
      <issn pub-type="ppub" />
      <issn pub-type="epub" />
    </journal-meta>
    <article-meta>
      <article-id pub-id-type="manuscript" />
      <article-categories>
        <subj-group subj-group-type="article_type">
          <subject>Research article</subject>
        </subj-group>
        <subj-group subj-group-type="subject_areas" />
      </article-categories>
      <title-group>
        <article-title>The Russian Origins of the So-Called Post-Secular Moment: Some Preliminary Observations</article-title>
        <alt-title alt-title-type="running" />
      </title-group>
      <contrib-group>
        <contrib contrib-type="author">
          <name>
            <surname>Stroop</surname>
            <given-names>Christopher</given-names>
          </name>
          <email />
          <role content-type="1" />
          <xref ref-type="aff" rid="aff1" />
        </contrib>
        <aff id="aff1">
          <institution />
          <addr-line content-type="addrline1" />
          <addr-line content-type="city" />
          <addr-line content-type="state" />
          <addr-line content-type="zipcode" />
          <addr-line content-type="country" />
      </aff>
      </contrib-group>
      <pub-date pub-type="epub" />
      <pub-date pub-type="ppub" />
      <elocation-id />
      <history>
        <date data-type="received">
          <day />
          <month />
          <year>2014</year>
      </date>
      </history>
      <permissions>
        <copyright-statement>Russian Presidential Academy of National Economy and Public Administration.</copyright-statement>
        <copyright-year>© 2014</copyright-year>
      </permissions>
      <abstract>
        <b>This article is revised from a lecture given by the author at the Institute for Human Sciences in Vienna, Austria on April 29, 2013 as part of the series Colloquia on Secularism. It argues that there are a number of paths through which we might investigate Russian connections to the emergence of post-secularity, the collapse of the USSR and the post-Soviet revival of Russian Orthodoxy representing only the most obvious. A thus far less developed but important approach involves unraveling an intellectual-historical trajectory focusing on the influence of anti-Bolshevik Russian religious thought in the West. The article shows that after the founding of the Soviet Union, the anti-Bolshevik Russian emigration emerged as a significant vehicle for the transmission of Russian ideas in the West, contributing to the development of an anti-secular discourse with roots in the nineteenth century that was able to achieve some prominence thanks to the Cold War. This discourse associated religiosity with freedom and atheism with unfreedom. The author argues that this discourse, in the development of which Russian intellectuals played an important role, emerged in reaction against the perceived cultural threat of nihilism, and suggests that it is a similar concern over the possible consequences nihilism that has led to the emergence of the postsecular moment. The post-secular, then, might be defined as an intense confrontation with the problem of nihilism.</b>
      </abstract>
      <kwd-group>
        <kwd>religious</kwd>
        <kwd>secular</kwd>
        <kwd>post-secularism</kwd>
        <kwd>nihilism</kwd>
        <kwd>atheism</kwd>
        <kwd>Communism</kwd>
        <kwd>religion</kwd>
        <kwd>freedom</kwd>
        <kwd>Russian Orthodoxy</kwd>
        <kwd>Russian religious philosophy</kwd>
        <kwd>Russia and the West</kwd>
        <kwd>Sergei Bulgakov</kwd>
        <kwd>Nikolai Berdyaev</kwd>
        <kwd>Lev Shestov</kwd>
        <kwd>Russian emigration</kwd>
        <kwd>Cold War</kwd>
        <kwd>anti-secular discourse.</kwd>
      </kwd-group>
      <counts>
        <table-count count="0" />
        <page-count count="0" />
      </counts>
    </article-meta>
  </front>
</article>
