<?xml version='1.0' encoding='UTF-8'?>
<article xmlns:xlink="http://www.w3.org/1999/xlink" dtd-version="1.1">
  <front>
    <journal-meta>
      <journal-id jjournal-id-type="publisher">State, Religion and Church in Russia and Worldwide</journal-id>
      <journal-title-group>
        <journal-title>Gosudarstvo, religiia, tserkov' v Rossii i za rubezhom</journal-title>
        <abbrev-journal-title abbrev-type="nlm-ta" />
      </journal-title-group>
      <issn pub-type="ppub" />
      <issn pub-type="epub" />
    </journal-meta>
    <article-meta>
      <article-id pub-id-type="manuscript" />
      <article-categories>
        <subj-group subj-group-type="article_type">
          <subject>Research article</subject>
        </subj-group>
        <subj-group subj-group-type="subject_areas" />
      </article-categories>
      <title-group>
        <article-title>Social Capital of the Russian Orthodox Christianity in the Early 21st Century: Applying Social Network Analysis</article-title>
        <alt-title alt-title-type="running" />
      </title-group>
      <contrib-group>
        <contrib contrib-type="author">
          <name>
            <surname>Zabaev</surname>
            <given-names>Ivan</given-names>
          </name>
          <email />
          <role content-type="1" />
          <xref ref-type="aff" rid="aff1" />
        </contrib>
        <contrib contrib-type="author">
          <name>
            <surname>Oreshina</surname>
            <given-names>Daria</given-names>
          </name>
          <email />
          <role content-type="2" />
          <xref ref-type="aff" rid="aff2" />
        </contrib>
        <contrib contrib-type="author">
          <name>
            <surname>Prutskova</surname>
            <given-names>Elena</given-names>
          </name>
          <email />
          <role content-type="3" />
          <xref ref-type="aff" rid="aff3" />
        </contrib>
        <aff id="aff1">
          <institution />
          <addr-line content-type="addrline1" />
          <addr-line content-type="city" />
          <addr-line content-type="state" />
          <addr-line content-type="zipcode" />
          <addr-line content-type="country" />
        </aff>
        <aff id="aff2">
          <institution />
          <addr-line content-type="addrline1" />
          <addr-line content-type="city" />
          <addr-line content-type="state" />
          <addr-line content-type="zipcode" />
          <addr-line content-type="country" />
        </aff>
        <aff id="aff3">
          <institution />
          <addr-line content-type="addrline1" />
          <addr-line content-type="city" />
          <addr-line content-type="state" />
          <addr-line content-type="zipcode" />
          <addr-line content-type="country" />
      </aff>
      </contrib-group>
      <pub-date pub-type="epub" />
      <pub-date pub-type="ppub" />
      <elocation-id />
      <history>
        <date data-type="received">
          <day />
          <month />
          <year>2014</year>
      </date>
      </history>
      <permissions>
        <copyright-statement>Russian Presidential Academy of National Economy and Public Administration.</copyright-statement>
        <copyright-year>© 2014</copyright-year>
      </permissions>
      <abstract>
        <b>The article examines the influence of religion on social capital formation in Russia. The study suggests that active involvement of the parishes in the organization of social work, based on the principles of delegation of power and authority from priests to the laity, increases the parish social networks, attaching more lay people to it, including those who are «unchurched». The data for the article come from the research projects conducted in 2011 – 2013 at the «Sociology of Religion» Research Seminar, St. Tikhon’s Orthodox University: a mass survey of parishioners of 12 Russian Orthodox Church parishes, located in different types of settlement and in different regions of Russia (the total sample size is 985 respondents); in-depth interviews with parishioners and priests at    15 Russian Orthodox Church parishes (153 interviews altogether); and the first wave of a nationwide survey «OrthodoxMonitor» (national representative sample of 1500 respondents).</b>
      </abstract>
      <kwd-group>
        <kwd>sociology of religion</kwd>
        <kwd>social capital</kwd>
        <kwd>social network analysis</kwd>
        <kwd>Russian Orthodox Church</kwd>
        <kwd>parish community.</kwd>
      </kwd-group>
      <counts>
        <table-count count="0" />
        <page-count count="0" />
      </counts>
    </article-meta>
  </front>
</article>
