<?xml version='1.0' encoding='UTF-8'?>
<article xmlns:xlink="http://www.w3.org/1999/xlink" dtd-version="1.1">
  <front>
    <journal-meta>
      <journal-id jjournal-id-type="publisher">State, Religion and Church in Russia and Worldwide</journal-id>
      <journal-title-group>
        <journal-title>Gosudarstvo, religiia, tserkov' v Rossii i za rubezhom</journal-title>
        <abbrev-journal-title abbrev-type="nlm-ta" />
      </journal-title-group>
      <issn pub-type="ppub" />
      <issn pub-type="epub" />
    </journal-meta>
    <article-meta>
      <article-id pub-id-type="manuscript" />
      <article-categories>
        <subj-group subj-group-type="article_type">
          <subject>Research article</subject>
        </subj-group>
        <subj-group subj-group-type="subject_areas" />
      </article-categories>
      <title-group>
        <article-title>Spontaneous Memorialization in Urban Landscape: the Case of Lokomotiv (Yaroslavl)</article-title>
        <alt-title alt-title-type="running" />
      </title-group>
      <contrib-group>
        <contrib contrib-type="author">
          <name>
            <surname>Sokolova</surname>
            <given-names>Anna</given-names>
          </name>
          <email />
          <role content-type="1" />
          <xref ref-type="aff" rid="aff1" />
        </contrib>
        <aff id="aff1">
          <institution />
          <addr-line content-type="addrline1" />
          <addr-line content-type="city" />
          <addr-line content-type="state" />
          <addr-line content-type="zipcode" />
          <addr-line content-type="country" />
      </aff>
      </contrib-group>
      <pub-date pub-type="epub" />
      <pub-date pub-type="ppub" />
      <elocation-id />
      <history>
        <date data-type="received">
          <day />
          <month />
          <year>2014</year>
      </date>
      </history>
      <permissions>
        <copyright-statement>Russian Presidential Academy of National Economy and Public Administration.</copyright-statement>
        <copyright-year>© 2014</copyright-year>
      </permissions>
      <abstract>
        <b>This article describes the now forming brand new practices of spontaneous memorialization of resonant and tragic accidents accompanied by numerous or single human loss. We analyze    commemoration and performativity (according to J. Santino) in spontaneous memorialization in Russian context and distinguish different types of it. We conclude that social injustice is (among others) an important driver in the very process of rising the memorials in nowadays Russia. On the other hand we find fundamental similarities between Russian, European and American memorial traditions. The paper draws on detailed analysis of the spontaneous memorialization acts after plane crash incident in which ice-hockey team «Lokomotiv» died on the 7th of September 2011.</b>
      </abstract>
      <kwd-group>
        <kwd>spontaneous shrines</kwd>
        <kwd>grassroots memorialization</kwd>
        <kwd>funeral rites</kwd>
        <kwd>commemoration</kwd>
        <kwd>Lokomotiv (Yaroslavl).</kwd>
      </kwd-group>
      <counts>
        <table-count count="0" />
        <page-count count="0" />
      </counts>
    </article-meta>
  </front>
</article>
