<?xml version='1.0' encoding='UTF-8'?>
<article xmlns:xlink="http://www.w3.org/1999/xlink" dtd-version="1.1">
  <front>
    <journal-meta>
      <journal-id jjournal-id-type="publisher">GRC</journal-id>
      <journal-title-group>
        <journal-title>Gosudarstvo, religiia, tserkov' v Rossii i za rubezhom </journal-title>
        <abbrev-journal-title abbrev-type="nlm-ta" />
      </journal-title-group>
      <issn pub-type="ppub" />
      <issn pub-type="epub" />
    </journal-meta>
    <article-meta>
      <article-id pub-id-type="manuscript" />
      <article-categories>
        <subj-group subj-group-type="article_type">
          <subject>Research article</subject>
        </subj-group>
        <subj-group subj-group-type="subject_areas">
          <subject> </subject>
      </subj-group>
      </article-categories>
      <title-group>
        <article-title>The Female Spiritual Elder and Death: Some Thoughts About Contemporary Lives of Russian Orthodox Saints</article-title>
        <alt-title alt-title-type="running" />
      </title-group>
      <contrib-group>
        <contrib contrib-type="author">
          <name>
            <surname />
            <given-names />
          </name>
          <email />
          <role content-type="1" />
          <xref ref-type="aff" rid="aff1" />
        </contrib>
        <aff id="aff1">
          <institution />
          <addr-line content-type="addrline1" />
          <addr-line content-type="city" />
          <addr-line content-type="state" />
          <addr-line content-type="zipcode" />
          <addr-line content-type="country" />
      </aff>
      </contrib-group>
      <pub-date pub-type="epub" />
      <pub-date pub-type="ppub" />
      <elocation-id />
      <history>
        <date data-type="received">
          <day />
          <month />
          <year>2014</year>
      </date>
      </history>
      <permissions>
        <copyright-statement>Russian Presidential Academy of National Economy and Public Administration.</copyright-statement>
        <copyright-year>© 2014</copyright-year>
      </permissions>
      <abstract>
        <b>In the contemporary Orthodox hagiography the special type of saint has formed — blazhennyie staritsy («blessed female spiritual elders»). In some respect this type of sainthood succeeds to traditional «folly for the sake of Christ». Yet the staritsy have their distinguishing features, and the main such feature is incurable disease such as blindness or motor function disorder. The meaning of such disorder can be interpreted as a sign of permanent liminality and the person’s divine election. It indicates that while being alive she also belongs to the world of the dead (or the next world). The creation of these iconic narratives can be seen as attempts to democratize hagiographical canon by including some folk religious motives and images. Such ‘folklorisation’ of the genre of church hagiography expresses the idea that Orthodox faith has deep roots in the popular religiosity and therefore can be accessible to common people.</b>
      </abstract>
      <kwd-group>
        <kwd>anthropology of religion</kwd>
        <kwd>Orthodox saints</kwd>
        <kwd>contemporary hagiography</kwd>
        <kwd>female sainthood</kwd>
        <kwd>body</kwd>
        <kwd>death.</kwd>
      </kwd-group>
      <counts>
        <table-count count="0" />
        <page-count count="0" />
      </counts>
    </article-meta>
  </front>
</article>
