<?xml version='1.0' encoding='UTF-8'?>
<article xmlns:xlink="http://www.w3.org/1999/xlink" dtd-version="1.1">
  <front>
    <journal-meta>
      <journal-id jjournal-id-type="publisher">GRC</journal-id>
      <journal-title-group>
        <journal-title>Gosudarstvo, religiia, tserkov' v Rossii i za rubezhom </journal-title>
        <abbrev-journal-title abbrev-type="nlm-ta" />
      </journal-title-group>
      <issn pub-type="ppub" />
      <issn pub-type="epub" />
    </journal-meta>
    <article-meta>
      <article-id pub-id-type="manuscript" />
      <article-categories>
        <subj-group subj-group-type="article_type">
          <subject>Research article</subject>
        </subj-group>
        <subj-group subj-group-type="subject_areas">
          <subject> </subject>
      </subj-group>
      </article-categories>
      <title-group>
        <article-title>Zemstvo’s Projects of Reforming Orthodox Parishes in 1860 – 1890‑s.</article-title>
        <alt-title alt-title-type="running" />
      </title-group>
      <contrib-group>
        <contrib contrib-type="author">
          <name>
            <surname>Beglov</surname>
            <given-names>Aleksey</given-names>
          </name>
          <email />
          <role content-type="1" />
          <xref ref-type="aff" rid="aff1" />
        </contrib>
        <aff id="aff1">
          <institution />
          <addr-line content-type="addrline1" />
          <addr-line content-type="city" />
          <addr-line content-type="state" />
          <addr-line content-type="zipcode" />
          <addr-line content-type="country" />
      </aff>
      </contrib-group>
      <pub-date pub-type="epub" />
      <pub-date pub-type="ppub" />
      <elocation-id />
      <history>
        <date data-type="received">
          <day />
          <month />
          <year>2014</year>
      </date>
      </history>
      <permissions>
        <copyright-statement>Russian Presidential Academy of National Economy and Public Administration.</copyright-statement>
        <copyright-year>© 2014</copyright-year>
      </permissions>
      <abstract>
        <b>The article examines the attitude of the Russian Zemstvo movement of the second half of the 19th century to the reform of the Orthodox parish. Dmitry Samarin’s paper «The Parish» (1867-1868) is studied in detail. It shows that Slavophile oriented members of Zemstvo were critical towards the actual status of the parish and wanted to see it as an independent unit though a subject to the power of Bishop. They saw it as a public institution with property and an elected priest. Understanding of the parish as a public institution led to the constant attention of the Zemstvo to its fate and the regular appearance of projects of its transformation. These projects included providing clergy with regular salary and converting the parish into a small regional unit. The author comes to the conclusion that obstacles to the implementation of these projects were not only the negative reaction of the Spiritual Department, but deep fragmentation of Russian society, which created mistrust between the clergy and active laymen — members of Zemstvo.</b>
      </abstract>
      <kwd-group>
        <kwd>history of the Russian Orthodox Church in the 19th century</kwd>
        <kwd>the reform of the Orthodox parish</kwd>
        <kwd>Zemstvo institutions</kwd>
        <kwd>parish guardianship</kwd>
        <kwd>Church property</kwd>
        <kwd>the election of the clergy</kwd>
        <kwd>and the financial position of the clergy</kwd>
        <kwd>the discussion about Church transformations</kwd>
        <kwd>small territorial unit</kwd>
        <kwd>J. F. Samarin.</kwd>
      </kwd-group>
      <counts>
        <table-count count="0" />
        <page-count count="0" />
      </counts>
    </article-meta>
  </front>
</article>
