<?xml version='1.0' encoding='UTF-8'?>
<article xmlns:xlink="http://www.w3.org/1999/xlink" dtd-version="1.1">
  <front>
    <journal-meta>
      <journal-id jjournal-id-type="publisher">State, Religion and Church in Russia and Worldwide</journal-id>
      <journal-title-group>
        <journal-title>Gosudarstvo, religiia, tserkov' v Rossii i za rubezhom</journal-title>
        <abbrev-journal-title abbrev-type="nlm-ta" />
      </journal-title-group>
      <issn pub-type="ppub" />
      <issn pub-type="epub" />
    </journal-meta>
    <article-meta>
      <article-id pub-id-type="manuscript" />
      <article-categories>
        <subj-group subj-group-type="article_type">
          <subject>Research article</subject>
        </subj-group>
        <subj-group subj-group-type="subject_areas" />
      </article-categories>
      <title-group>
        <article-title>The Oxford (Tractarian) Movement in the Context of Protestant-Catholic Conflict in Early Victorian England</article-title>
        <alt-title alt-title-type="running" />
      </title-group>
      <contrib-group>
        <contrib contrib-type="author">
          <name>
            <surname>Steckevich</surname>
            <given-names>Mikhail</given-names>
          </name>
          <email />
          <role content-type="1" />
          <xref ref-type="aff" rid="aff1" />
        </contrib>
        <aff id="aff1">
          <institution />
          <addr-line content-type="addrline1" />
          <addr-line content-type="city" />
          <addr-line content-type="state" />
          <addr-line content-type="zipcode" />
          <addr-line content-type="country" />
      </aff>
      </contrib-group>
      <pub-date pub-type="epub" />
      <pub-date pub-type="ppub" />
      <elocation-id />
      <history>
        <date data-type="received">
          <day />
          <month />
          <year>2014</year>
      </date>
      </history>
      <permissions>
        <copyright-statement>Russian Presidential Academy of National Economy and Public Administration.</copyright-statement>
        <copyright-year>© 2014</copyright-year>
      </permissions>
      <abstract>
        <b>The article deals with the role of the Oxford movement in the development of conflict between Protestantism and Roman Catholicism in Early Victorian England. The Oxford (Tractarian)    movement and some of its leaders, especially J. H. Newman, denied the Protestant character of the Church of England. This denial gave a new dimension to the conflict. The analysis of events, connected with the so called «papal aggression» — the restoration of the Roman Catholic hierarchy in England (1850) — shows that the mobilizing potential of anticatholicism was quite limited, notwithstanding the widespread idea that the Tractarians were «secret agents» of Rome.</b>
      </abstract>
      <kwd-group>
        <kwd>Protestantism</kwd>
        <kwd>Roman Catholicism</kwd>
        <kwd>anticatholicism</kwd>
        <kwd>Early Victorian England</kwd>
        <kwd>Church of England</kwd>
        <kwd>Oxford movement</kwd>
        <kwd>J. H. Newman</kwd>
        <kwd>«papal aggression».</kwd>
      </kwd-group>
      <counts>
        <table-count count="0" />
        <page-count count="0" />
      </counts>
    </article-meta>
  </front>
</article>
