<?xml version='1.0' encoding='UTF-8'?>
<article xmlns:xlink="http://www.w3.org/1999/xlink" dtd-version="1.1">
  <front>
    <journal-meta>
      <journal-id jjournal-id-type="publisher">GRC</journal-id>
      <journal-title-group>
        <journal-title>Gosudarstvo, religiia, tserkov' v Rossii i za rubezhom </journal-title>
        <abbrev-journal-title abbrev-type="nlm-ta" />
      </journal-title-group>
      <issn pub-type="ppub" />
      <issn pub-type="epub" />
    </journal-meta>
    <article-meta>
      <article-id pub-id-type="manuscript" />
      <article-categories>
        <subj-group subj-group-type="article_type">
          <subject>Research Letter</subject>
        </subj-group>
        <subj-group subj-group-type="subject_areas">
          <subject> </subject>
      </subj-group>
      </article-categories>
      <title-group>
        <article-title>Between the Margins of Appreciation and Neutrality: the Lautsi Case and a New Balance in the Field of Religious Freedom in Europe</article-title>
        <alt-title alt-title-type="running" />
      </title-group>
      <contrib-group>
        <contrib contrib-type="author">
          <name>
            <surname>Annicchino</surname>
            <given-names>Pasquale</given-names>
          </name>
          <email />
          <role content-type="1" />
          <xref ref-type="aff" rid="aff1" />
        </contrib>
        <aff id="aff1">
          <institution />
          <addr-line content-type="addrline1" />
          <addr-line content-type="city" />
          <addr-line content-type="state" />
          <addr-line content-type="zipcode" />
          <addr-line content-type="country" />
      </aff>
      </contrib-group>
      <pub-date pub-type="epub" />
      <pub-date pub-type="ppub" />
      <elocation-id />
      <history>
        <date data-type="received">
          <day />
          <month />
          <year>2013</year>
      </date>
      </history>
      <permissions>
        <copyright-statement />
        <copyright-year />
      </permissions>
      <abstract>
        <b>The paper deals with the famous case Lautsi v. Italy at the European Court of Human Rights, on crucifixes in the public schools, with two opposite Court rulings in 2009 and 2011. While analyzing the logic of both rulings, the author explores two interacting concepts: „margin of appreciation“ and «neutrality». He believes, at the first ruling of 2009 the Court practice of margin of appreciation was ignored, and the principle of neutrality was imposed; while the second ruling, trying to introduce correction in this sense, made other mistakes by drawing upon disputable factual and normative argumentation. The case of crucifix thus reveals tensions between national legal systems and the conventional and European Law. Overall, today, cases about religious symbols in the public square serve as a medium for the European community to reflect upon its identity and the role of religion in this identity.</b>
      </abstract>
      <kwd-group>
        <kwd>European Court of Human Rights</kwd>
        <kwd>religious symbols</kwd>
        <kwd>margins of appreciation</kwd>
        <kwd>neutrality</kwd>
        <kwd>religion</kwd>
        <kwd>identity.</kwd>
      </kwd-group>
      <counts>
        <table-count count="0" />
        <page-count count="0" />
      </counts>
    </article-meta>
  </front>
</article>
