<?xml version='1.0' encoding='UTF-8'?>
<article xmlns:xlink="http://www.w3.org/1999/xlink" dtd-version="1.1">
  <front>
    <journal-meta>
      <journal-id jjournal-id-type="publisher">GRC</journal-id>
      <journal-title-group>
        <journal-title>Gosudarstvo, religiia, tserkov' v Rossii i za rubezhom </journal-title>
        <abbrev-journal-title abbrev-type="nlm-ta" />
      </journal-title-group>
      <issn pub-type="ppub" />
      <issn pub-type="epub" />
    </journal-meta>
    <article-meta>
      <article-id pub-id-type="manuscript" />
      <article-categories>
        <subj-group subj-group-type="article_type">
          <subject>Research Letter</subject>
        </subj-group>
        <subj-group subj-group-type="subject_areas">
          <subject> </subject>
      </subj-group>
      </article-categories>
      <title-group>
        <article-title>Freedom of Expression and Religious Sensitivities in Pluralist Societies: Facing the Challenge of Extreme Speech</article-title>
        <alt-title alt-title-type="running" />
      </title-group>
      <contrib-group>
        <contrib contrib-type="author">
          <name>
            <surname>Temperman</surname>
            <given-names>Jeroen</given-names>
          </name>
          <email />
          <role content-type="1" />
          <xref ref-type="aff" rid="aff1" />
        </contrib>
        <aff id="aff1">
          <institution />
          <addr-line content-type="addrline1" />
          <addr-line content-type="city" />
          <addr-line content-type="state" />
          <addr-line content-type="zipcode" />
          <addr-line content-type="country" />
      </aff>
      </contrib-group>
      <pub-date pub-type="epub" />
      <pub-date pub-type="ppub" />
      <elocation-id />
      <history>
        <date data-type="received">
          <day />
          <month />
          <year>2013</year>
      </date>
      </history>
      <permissions>
        <copyright-statement />
        <copyright-year />
      </permissions>
      <abstract>
        <b>Within the European Convention system, judgments have supported legal restrictions on hate speech, but also on blasphemy or religious defamation. The universal human rights instruments, particularly the ICCPR, are increasingly geared towards eradicating hate speech (speech that threatens the rights and freedoms of others), whilst forms of extreme speech that fall short of that category are to be protected rather than countered by states. The Human Rights Committee’s recently adopted General Comment (No. 34) on freedom of expression, provides another strong indication that this is the envisaged way forward: repealing blasphemy and defamation bills, whilst simultaneously increasing the efforts to combat hate speech. This paper argues that it remains ever so important to continue taking stock of the legal justifications for restrictions that are suggested in this area and to scrutinize whether they are in fact sustainable from a human rights perspective — not only on paper, but also in actual practice. The paper compares and contrasts the universal monitoring bodies’ approach to extreme speech with that of regional monitoring bodies, notably the European Court of Human Rights.</b>
      </abstract>
      <kwd-group>
        <kwd>extreme speech</kwd>
        <kwd>hate speech</kwd>
        <kwd>religious hate speech</kwd>
        <kwd>religious defamation</kwd>
        <kwd>European Court of Human Rights</kwd>
        <kwd>Human Rights Committee</kwd>
        <kwd>General Comment No. 34</kwd>
        <kwd>freedom of speech</kwd>
        <kwd>freedom of expression.</kwd>
      </kwd-group>
      <counts>
        <table-count count="0" />
        <page-count count="0" />
      </counts>
    </article-meta>
  </front>
</article>
