<?xml version='1.0' encoding='UTF-8'?>
<article xmlns:xlink="http://www.w3.org/1999/xlink" dtd-version="1.1">
  <front>
    <journal-meta>
      <journal-id jjournal-id-type="publisher">GRC</journal-id>
      <journal-title-group>
        <journal-title>Gosudarstvo, religiia, tserkov' v Rossii i za rubezhom </journal-title>
        <abbrev-journal-title abbrev-type="nlm-ta" />
      </journal-title-group>
      <issn pub-type="ppub" />
      <issn pub-type="epub" />
    </journal-meta>
    <article-meta>
      <article-id pub-id-type="manuscript" />
      <article-categories>
        <subj-group subj-group-type="article_type">
          <subject>Research Letter</subject>
        </subj-group>
        <subj-group subj-group-type="subject_areas">
          <subject> </subject>
      </subj-group>
      </article-categories>
      <title-group>
        <article-title>“The overall goal of state and churches — to work together to ensure access to religious education...”</article-title>
        <alt-title alt-title-type="running" />
      </title-group>
      <contrib-group>
        <contrib contrib-type="author">
          <name>
            <surname>Dierken</surname>
            <given-names>Jörg</given-names>
          </name>
          <email />
          <role content-type="1" />
          <xref ref-type="aff" rid="aff1" />
        </contrib>
        <aff id="aff1">
          <institution />
          <addr-line content-type="addrline1" />
          <addr-line content-type="city" />
          <addr-line content-type="state" />
          <addr-line content-type="zipcode" />
          <addr-line content-type="country" />
      </aff>
      </contrib-group>
      <pub-date pub-type="epub" />
      <pub-date pub-type="ppub" />
      <elocation-id />
      <history>
        <date data-type="received">
          <day />
          <month />
          <year>2016</year>
      </date>
      </history>
      <permissions>
        <copyright-statement />
        <copyright-year />
      </permissions>
      <abstract>
        <b>The interview with Dr. Dierken starts with constitutional foundations of the phenomenon of theological departments in German universities. He draws a Protestant perspective on the status of theology as a science, the interaction of Church and State bodies, and the relationship between the statuses of theology professor and pastor. Dr. Dierken also deals with the distinction between theology and religious studies. He then tells about his participation in interdisciplinary commissions dealing with cases at the intersection of medicine, ethics, and law. Speaking about the similarity of theology and other university disciplines, Dr. Dierken draws upon his experience as a Dean of the Department of Humanities at the University of Hamburg, in 2005–2008.</b>
      </abstract>
      <kwd-group>
        <kwd>theology</kwd>
        <kwd>religious studies</kwd>
        <kwd>science</kwd>
        <kwd>university</kwd>
        <kwd>church and state</kwd>
        <kwd>constitutional law</kwd>
        <kwd>religious education.</kwd>
      </kwd-group>
      <counts>
        <table-count count="0" />
        <page-count count="0" />
      </counts>
    </article-meta>
  </front>
</article>
