<?xml version='1.0' encoding='UTF-8'?>
<article xmlns:xlink="http://www.w3.org/1999/xlink" dtd-version="1.1">
  <front>
    <journal-meta>
      <journal-id jjournal-id-type="publisher">GRC</journal-id>
      <journal-title-group>
        <journal-title>Gosudarstvo, religiia, tserkov' v Rossii i za rubezhom </journal-title>
        <abbrev-journal-title abbrev-type="nlm-ta" />
      </journal-title-group>
      <issn pub-type="ppub" />
      <issn pub-type="epub" />
    </journal-meta>
    <article-meta>
      <article-id pub-id-type="manuscript" />
      <article-categories>
        <subj-group subj-group-type="article_type">
          <subject>Research Letter</subject>
        </subj-group>
        <subj-group subj-group-type="subject_areas">
          <subject> </subject>
      </subj-group>
      </article-categories>
      <title-group>
        <article-title>“We need to re-position religion in an enlightened society...”</article-title>
        <alt-title alt-title-type="running" />
      </title-group>
      <contrib-group>
        <contrib contrib-type="author">
          <name>
            <surname>Rahner</surname>
            <given-names>Johanna</given-names>
          </name>
          <email />
          <role content-type="1" />
          <xref ref-type="aff" rid="aff1" />
        </contrib>
        <aff id="aff1">
          <institution />
          <addr-line content-type="addrline1" />
          <addr-line content-type="city" />
          <addr-line content-type="state" />
          <addr-line content-type="zipcode" />
          <addr-line content-type="country" />
      </aff>
      </contrib-group>
      <pub-date pub-type="epub" />
      <pub-date pub-type="ppub" />
      <elocation-id />
      <history>
        <date data-type="received">
          <day />
          <month />
          <year>2016</year>
      </date>
      </history>
      <permissions>
        <copyright-statement />
        <copyright-year />
      </permissions>
      <abstract>
        <b>The interview with Johanna Rahner, Head of the Chair of Dogmatic and Ecumenical Theology at the University of Tubingen, addresses major issues of theology’s presence in public universities. How scientific is theology and how it is related to the doctrine of the Churches? How is theology different from religious studies? Who enrolls in theological departments? How does theology relate to natural sciences? What is the meaning of the inter-church and inter-religious dialogue? Dr. Rahner shows difficulties theology faces when discussing religious experience, and how theology, with a special interpretation of the world and the human being, represents a challenge to other disciplines.</b>
      </abstract>
      <kwd-group>
        <kwd>theology</kwd>
        <kwd>science</kwd>
        <kwd>university</kwd>
        <kwd>Church doctrine</kwd>
        <kwd>religious studies</kwd>
        <kwd>dialogue</kwd>
        <kwd>the image of religion.</kwd>
      </kwd-group>
      <counts>
        <table-count count="0" />
        <page-count count="0" />
      </counts>
    </article-meta>
  </front>
</article>
