<?xml version='1.0' encoding='UTF-8'?>
<article xmlns:xlink="http://www.w3.org/1999/xlink" dtd-version="1.1">
  <front>
    <journal-meta>
      <journal-id jjournal-id-type="publisher">GRC</journal-id>
      <journal-title-group>
        <journal-title>Gosudarstvo, religiia, tserkov' v Rossii i za rubezhom </journal-title>
        <abbrev-journal-title abbrev-type="nlm-ta" />
      </journal-title-group>
      <issn pub-type="ppub" />
      <issn pub-type="epub" />
    </journal-meta>
    <article-meta>
      <article-id pub-id-type="manuscript" />
      <article-categories>
        <subj-group subj-group-type="article_type">
          <subject>Research Letter</subject>
        </subj-group>
        <subj-group subj-group-type="subject_areas">
          <subject> </subject>
      </subj-group>
      </article-categories>
      <title-group>
        <article-title>What Is the Scientific Status of Theology as a Discipline? Round-Table in the Editorial Office of the Journal</article-title>
        <alt-title alt-title-type="running" />
      </title-group>
      <contrib-group>
        <contrib contrib-type="author">
          <name>
            <surname />
            <given-names />
          </name>
          <email />
          <role content-type="1" />
          <xref ref-type="aff" rid="aff1" />
        </contrib>
        <aff id="aff1">
          <institution />
          <addr-line content-type="addrline1" />
          <addr-line content-type="city" />
          <addr-line content-type="state" />
          <addr-line content-type="zipcode" />
          <addr-line content-type="country" />
      </aff>
      </contrib-group>
      <pub-date pub-type="epub" />
      <pub-date pub-type="ppub" />
      <elocation-id />
      <history>
        <date data-type="received">
          <day />
          <month />
          <year>2016</year>
      </date>
      </history>
      <permissions>
        <copyright-statement />
        <copyright-year />
      </permissions>
      <abstract>
        <b>This is the text of a discussion organized by the Editorial Board of this journal on December 9th, 2015. The debate was devoted to the issue of scientific status of theology and the place of theology among other academic disciplines. Participants of this discussion: historian Olga Vasil’eva (Russian Presidential Academy of National Economy and Public Administration, since 2016 — Minister of Education and Science of the Russian Federation), philologist Nikolay Grintser (Russian Presidential Academy of National Economy and Public Administration), historian Askold Ivanchik (corresponding member of the Russian Academy of Sciences); sociologist Boris Knorre (Higher School of Economics), philosopher Svetlana Konacheva (Russian State University of the Humanities); Alexander Kyrlezhev (scientific editor of this journal); theologian Konstantin Polskov (St.-Tikhon’s Orthodox University), scholar of religion Vladislav Razdiakonov (Russian State University of the Humanities); theologian Andrey Shishkov (SS Cyril and Methodius Theological Institute of Post-Graduate Studies).</b>
      </abstract>
      <kwd-group>
        <kwd>theology</kwd>
        <kwd>higher education</kwd>
        <kwd>Russia</kwd>
        <kwd>criteria of science</kwd>
        <kwd>philosophy of science</kwd>
        <kwd>falsifiability.</kwd>
      </kwd-group>
      <counts>
        <table-count count="0" />
        <page-count count="0" />
      </counts>
    </article-meta>
  </front>
</article>
