<?xml version='1.0' encoding='UTF-8'?>
<article xmlns:xlink="http://www.w3.org/1999/xlink" dtd-version="1.1">
  <front>
    <journal-meta>
      <journal-id jjournal-id-type="publisher">GRC</journal-id>
      <journal-title-group>
        <journal-title>Gosudarstvo, religiia, tserkov' v Rossii i za rubezhom </journal-title>
        <abbrev-journal-title abbrev-type="nlm-ta" />
      </journal-title-group>
      <issn pub-type="ppub" />
      <issn pub-type="epub" />
    </journal-meta>
    <article-meta>
      <article-id pub-id-type="manuscript" />
      <article-categories>
        <subj-group subj-group-type="article_type">
          <subject>Research Letter</subject>
        </subj-group>
        <subj-group subj-group-type="subject_areas">
          <subject> </subject>
      </subj-group>
      </article-categories>
      <title-group>
        <article-title>“In the case of theology we have three actors: state, church and theology as a science…”</article-title>
        <alt-title alt-title-type="running" />
      </title-group>
      <contrib-group>
        <contrib contrib-type="author">
          <name>
            <surname>Gabel</surname>
            <given-names>Michael</given-names>
          </name>
          <email />
          <role content-type="1" />
          <xref ref-type="aff" rid="aff1" />
        </contrib>
        <aff id="aff1">
          <institution />
          <addr-line content-type="addrline1" />
          <addr-line content-type="city" />
          <addr-line content-type="state" />
          <addr-line content-type="zipcode" />
          <addr-line content-type="country" />
      </aff>
      </contrib-group>
      <pub-date pub-type="epub" />
      <pub-date pub-type="ppub" />
      <elocation-id />
      <history>
        <date data-type="received">
          <day />
          <month />
          <year>2016</year>
      </date>
      </history>
      <permissions>
        <copyright-statement />
        <copyright-year />
      </permissions>
      <abstract>
        <b>Dr. Gabel starts his interview with a story of Catholic theological education in GDR, and then moves to the current state of theology in German universities. He emphasizes the fact that while the state finances theological departments, they are only subject to academic community. He then shows the mechanism of coordination of the requirements between the Catholic Church and the relevant State agencies. The State recognizes theology as a scientific discipline according to the 2010 decision of the German Council of Science and Humanities. Dr. Gabel draws basic characteristics of theology as a free academic discipline and then discusses the phenomenon of the so called Fakultätentag and the work of AKAST — a special state-church agency managing the accreditation and quality of theological disciplines, which Dr. Gabel heads since 2014.</b>
      </abstract>
      <kwd-group>
        <kwd>theology</kwd>
        <kwd>science</kwd>
        <kwd>university</kwd>
        <kwd>academic liberty</kwd>
        <kwd>church and state</kwd>
        <kwd>State-Church law</kwd>
        <kwd>Fakultättentag</kwd>
        <kwd>AKAST.</kwd>
      </kwd-group>
      <counts>
        <table-count count="0" />
        <page-count count="0" />
      </counts>
    </article-meta>
  </front>
</article>
