<?xml version='1.0' encoding='UTF-8'?>
<article xmlns:xlink="http://www.w3.org/1999/xlink" dtd-version="1.1">
  <front>
    <journal-meta>
      <journal-id jjournal-id-type="publisher">GRC</journal-id>
      <journal-title-group>
        <journal-title>Gosudarstvo, religiia, tserkov' v Rossii i za rubezhom </journal-title>
        <abbrev-journal-title abbrev-type="nlm-ta" />
      </journal-title-group>
      <issn pub-type="ppub" />
      <issn pub-type="epub" />
    </journal-meta>
    <article-meta>
      <article-id pub-id-type="manuscript" />
      <article-categories>
        <subj-group subj-group-type="article_type">
          <subject>Research Letter</subject>
        </subj-group>
        <subj-group subj-group-type="subject_areas">
          <subject> </subject>
      </subj-group>
      </article-categories>
      <title-group>
        <article-title>The Image of the Polish Mother, and Mother of God: New Uses of the Symbolism of Motherhood</article-title>
        <alt-title alt-title-type="running" />
      </title-group>
      <contrib-group>
        <contrib contrib-type="author">
          <name>
            <surname>Kościańska</surname>
            <given-names>Agnieszka</given-names>
          </name>
          <email />
          <role content-type="1" />
          <xref ref-type="aff" rid="aff1" />
        </contrib>
        <aff id="aff1">
          <institution />
          <addr-line content-type="addrline1" />
          <addr-line content-type="city" />
          <addr-line content-type="state" />
          <addr-line content-type="zipcode" />
          <addr-line content-type="country" />
      </aff>
      </contrib-group>
      <pub-date pub-type="epub" />
      <pub-date pub-type="ppub" />
      <elocation-id />
      <history>
        <date data-type="received">
          <day />
          <month />
          <year>2016</year>
      </date>
      </history>
      <permissions>
        <copyright-statement />
        <copyright-year />
      </permissions>
      <abstract>
        <b>This article is devoted to the issue of female agency in religious context. Author considers different definitions of agency and shows that it could be interpreted in the way which is different from the one typical to feminist liberal discourse. The article analyzes interconnections between religion and emancipation in Poland, showing that religion does not necessarily imply passivity and restraint. In order to prove this thesis, the author provides examples from empirical research of deeply faithful Catholic women as well as of members of new religious movement “Brahma Kumaris”. The central issue is the ways women, in their practice, interpret the symbolism of maternity and the Virgin Mary.</b>
      </abstract>
      <kwd-group>
        <kwd>Catholicism</kwd>
        <kwd>maternity</kwd>
        <kwd>cult of Virgin Mary</kwd>
        <kwd>“Brahma Kumaris”</kwd>
        <kwd>feminism</kwd>
        <kwd>Poland.</kwd>
      </kwd-group>
      <counts>
        <table-count count="0" />
        <page-count count="0" />
      </counts>
    </article-meta>
  </front>
</article>
