<?xml version='1.0' encoding='UTF-8'?>
<article xmlns:xlink="http://www.w3.org/1999/xlink" dtd-version="1.1">
  <front>
    <journal-meta>
      <journal-id jjournal-id-type="publisher">GRC</journal-id>
      <journal-title-group>
        <journal-title>Gosudarstvo, religiia, tserkov' v Rossii i za rubezhom </journal-title>
        <abbrev-journal-title abbrev-type="nlm-ta" />
      </journal-title-group>
      <issn pub-type="ppub" />
      <issn pub-type="epub" />
    </journal-meta>
    <article-meta>
      <article-id pub-id-type="manuscript" />
      <article-categories>
        <subj-group subj-group-type="article_type">
          <subject>Research Letter</subject>
        </subj-group>
        <subj-group subj-group-type="subject_areas">
          <subject> </subject>
      </subj-group>
      </article-categories>
      <title-group>
        <article-title>Our Lady of Katyń: Religious Imagery and the Politics of History</article-title>
        <alt-title alt-title-type="running" />
      </title-group>
      <contrib-group>
        <contrib contrib-type="author">
          <name>
            <surname>Klekot</surname>
            <given-names>Ewa</given-names>
          </name>
          <email />
          <role content-type="1" />
          <xref ref-type="aff" rid="aff1" />
        </contrib>
        <aff id="aff1">
          <institution />
          <addr-line content-type="addrline1" />
          <addr-line content-type="city" />
          <addr-line content-type="state" />
          <addr-line content-type="zipcode" />
          <addr-line content-type="country" />
      </aff>
      </contrib-group>
      <pub-date pub-type="epub" />
      <pub-date pub-type="ppub" />
      <elocation-id />
      <history>
        <date data-type="received">
          <day />
          <month />
          <year>2016</year>
      </date>
      </history>
      <permissions>
        <copyright-statement />
        <copyright-year />
      </permissions>
      <abstract>
        <b>Both meanings and forms of religious imagery have always been influenced by the political and ideological agendas of their time. The article is an exploration in contemporary Catholic imagery in Poland, focusing on its involvement with different expressions of the national. Using the example of the Katyń Chapel Mausoleum in Warsaw military basilica the article questions the relationship between the image and the relic both in Catholic Christianity, and in the secular modern cult of the nation. It also follows the development of religious iconography related to the Katyń massacre with a special focus on images of the Madonna, describing in detail two of them, functioning with the same name of Our Lady of Katyń. Following the fate of both images, as well as the way they have been contextualized before and after 1989, the text attempts to trace the changes and modifications of different concepts of the recent Polish past and different politics of history. Comparing the Pietà type image of Katyń Madonna that evolved among Polish Catholics in times of People’s Republic of Poland with the secular Pieta-inspired images of partisans used by the People’s Republic’s regime, it points at differences in their emotional content, relating the differences to the political agendas of the two symbolic languages. Finally, it also juxtaposes total absence of triumphalism in the grassroot Katyń-related imagery and the nationalistic triumphalism of glorification of the Katyń victims in the Katyń Chapel Mausoleum, where the pierced skull of the major Szymański faces the most modest Katyń Madonna carved by an inmate of Kozelsk on a wooden board from a camp plank bed.</b>
      </abstract>
      <kwd-group>
        <kwd>Katyn</kwd>
        <kwd>Anna Danuta Staszewska</kwd>
        <kwd>Stanisław Bałos</kwd>
        <kwd>Our Lady of Katyn</kwd>
        <kwd>historical memory</kwd>
        <kwd>secularization.</kwd>
      </kwd-group>
      <counts>
        <table-count count="0" />
        <page-count count="0" />
      </counts>
    </article-meta>
  </front>
</article>
