<?xml version='1.0' encoding='UTF-8'?>
<article xmlns:xlink="http://www.w3.org/1999/xlink" dtd-version="1.1">
  <front>
    <journal-meta>
      <journal-id jjournal-id-type="publisher">GRC</journal-id>
      <journal-title-group>
        <journal-title>Gosudarstvo, religiia, tserkov' v Rossii i za rubezhom </journal-title>
        <abbrev-journal-title abbrev-type="nlm-ta" />
      </journal-title-group>
      <issn pub-type="ppub" />
      <issn pub-type="epub" />
    </journal-meta>
    <article-meta>
      <article-id pub-id-type="manuscript" />
      <article-categories>
        <subj-group subj-group-type="article_type">
          <subject>Research article</subject>
        </subj-group>
        <subj-group subj-group-type="subject_areas">
          <subject> </subject>
      </subj-group>
      </article-categories>
      <title-group>
        <article-title>Round-table: "What Is Happening in the Islamic World? An Attempt at a Conceptualization"</article-title>
        <alt-title alt-title-type="running" />
      </title-group>
      <contrib-group>
        <contrib contrib-type="author">
          <name>
            <surname>Jemal</surname>
            <given-names>Orkhan</given-names>
          </name>
          <email />
          <role content-type="1" />
          <xref ref-type="aff" rid="aff1" />
        </contrib>
        <contrib contrib-type="author">
          <name>
            <surname>Kuznetzov</surname>
            <given-names>Vasiliy</given-names>
          </name>
          <email />
          <role content-type="2" />
          <xref ref-type="aff" rid="aff2" />
        </contrib>
        <contrib contrib-type="author">
          <name>
            <surname>Pain</surname>
            <given-names>Emil</given-names>
          </name>
          <email />
          <role content-type="3" />
          <xref ref-type="aff" rid="aff3" />
        </contrib>
        <contrib contrib-type="author">
          <name>
            <surname>Starodubrovskaya</surname>
            <given-names>Irina</given-names>
          </name>
          <email />
          <role content-type="4" />
          <xref ref-type="aff" rid="aff4" />
        </contrib>
        <contrib contrib-type="author">
          <name>
            <surname>Uzlaner</surname>
            <given-names>Dmitry</given-names>
          </name>
          <email />
          <role content-type="5" />
          <xref ref-type="aff" rid="aff5" />
        </contrib>
        <contrib contrib-type="author">
          <name>
            <surname>Yarlykapov</surname>
            <given-names>Akhmet</given-names>
          </name>
          <email />
          <role content-type="6" />
          <xref ref-type="aff" rid="aff6" />
        </contrib>
        <aff id="aff1">
          <institution />
          <addr-line content-type="addrline1" />
          <addr-line content-type="city" />
          <addr-line content-type="state" />
          <addr-line content-type="zipcode" />
          <addr-line content-type="country" />
        </aff>
        <aff id="aff2">
          <institution />
          <addr-line content-type="addrline1" />
          <addr-line content-type="city" />
          <addr-line content-type="state" />
          <addr-line content-type="zipcode" />
          <addr-line content-type="country" />
        </aff>
        <aff id="aff3">
          <institution />
          <addr-line content-type="addrline1" />
          <addr-line content-type="city" />
          <addr-line content-type="state" />
          <addr-line content-type="zipcode" />
          <addr-line content-type="country" />
        </aff>
        <aff id="aff4">
          <institution />
          <addr-line content-type="addrline1" />
          <addr-line content-type="city" />
          <addr-line content-type="state" />
          <addr-line content-type="zipcode" />
          <addr-line content-type="country" />
        </aff>
        <aff id="aff5">
          <institution />
          <addr-line content-type="addrline1" />
          <addr-line content-type="city" />
          <addr-line content-type="state" />
          <addr-line content-type="zipcode" />
          <addr-line content-type="country" />
        </aff>
        <aff id="aff6">
          <institution />
          <addr-line content-type="addrline1" />
          <addr-line content-type="city" />
          <addr-line content-type="state" />
          <addr-line content-type="zipcode" />
          <addr-line content-type="country" />
      </aff>
      </contrib-group>
      <pub-date pub-type="epub" />
      <pub-date pub-type="ppub" />
      <elocation-id />
      <history>
        <date data-type="received">
          <day />
          <month />
          <year>2017</year>
      </date>
      </history>
      <permissions>
        <copyright-statement>Russian Presidential Academy of National Economy and Public Administration.</copyright-statement>
        <copyright-year>© 2017</copyright-year>
      </permissions>
      <abstract>
        <b>The roundtable addressed the question of research methodologies for those trends now observable in the Islamic world, as well as conceptual approaches for understanding current developments there. Such frameworks as Islamic reformation, a neo-modern age, and the search for a political Islamic identity were proposed. Participants did not agree about the relationship between Islamic fundamentalism and modernity. Some of them considered fundamentalism as potentially a modernist movement, and others saw it only as antimodernist and archaic. In this respect, the question of balance between declared goals and real impact on social development was raised, in other words, can those groups that call for a return to the past in reality facilitate movement forward? Much attention was paid to terminology. There was also an active discussion on the issue of language for scientific analysis and the language of self-presentation of different Islamic movements, and whether they should be interconnected or could be fully autonomous.</b>
      </abstract>
      <kwd-group>
        <kwd>Islam</kwd>
        <kwd>Islamic world</kwd>
        <kwd>Islamism</kwd>
        <kwd>Martin Luther</kwd>
        <kwd>fundamentalism</kwd>
        <kwd>Reformation</kwd>
        <kwd>Modernity.</kwd>
      </kwd-group>
      <counts>
        <table-count count="0" />
        <page-count count="0" />
      </counts>
    </article-meta>
  </front>
</article>
