<?xml version='1.0' encoding='UTF-8'?>
<article xmlns:xlink="http://www.w3.org/1999/xlink" dtd-version="1.1">
  <front>
    <journal-meta>
      <journal-id jjournal-id-type="publisher">State, Religion and Church in Russia and Worldwide</journal-id>
      <journal-title-group>
        <journal-title>Gosudarstvo, religiia, tserkov' v Rossii i za rubezhom</journal-title>
        <abbrev-journal-title abbrev-type="nlm-ta" />
      </journal-title-group>
      <issn pub-type="ppub" />
      <issn pub-type="epub" />
    </journal-meta>
    <article-meta>
      <article-id pub-id-type="manuscript" />
      <article-categories>
        <subj-group subj-group-type="article_type">
          <subject>Research article</subject>
        </subj-group>
        <subj-group subj-group-type="subject_areas" />
      </article-categories>
      <title-group>
        <article-title>“The New Course” in Stalin’s Religious Policy and the Church Context within the Occupied Region of Leningrad (1943–1944)</article-title>
        <alt-title alt-title-type="running" />
      </title-group>
      <contrib-group>
        <contrib contrib-type="author">
          <name>
            <surname>Obozny</surname>
            <given-names>Konstantin</given-names>
          </name>
          <email />
          <role content-type="1" />
          <xref ref-type="aff" rid="aff1" />
        </contrib>
        <aff id="aff1">
          <institution />
          <addr-line content-type="addrline1" />
          <addr-line content-type="city" />
          <addr-line content-type="state" />
          <addr-line content-type="zipcode" />
          <addr-line content-type="country" />
      </aff>
      </contrib-group>
      <pub-date pub-type="epub" />
      <pub-date pub-type="ppub" />
      <elocation-id />
      <history>
        <date data-type="received">
          <day />
          <month />
          <year>2017</year>
      </date>
      </history>
      <permissions>
        <copyright-statement>Russian Presidential Academy of National Economy and Public Administration.</copyright-statement>
        <copyright-year>© 2017</copyright-year>
      </permissions>
      <abstract>
        <b>Based on church documents and eyewitnesses’ memories, the author attempts to present how the Stalin’s “New Course” religious policy influenced church life under German occupation within Leningrad region from 1943 to 1944. The reinstatement of the Moscow patriarchate and the growing legality of the Russian Orthodox Church allowed the Soviet government to employ the religious factor in its solution to burning political issues. This was especially true within national outlying districts that were not included in the USSR till 1940. His conclusions about the New Course’s negative affect on church life across the occupied Baltic, Ukrainian and Belorussian territories are also relevant to the situation in the districts of the occupied Leningrad region. The opportunities that opened up due to the “New Course” allowed the Soviet government to strengthen its position even before the liberation of these territories. This happened both through propaganda and church and canonical discrediting of collaborating Orthodox clergy and bishops, as well as through pressure on the church administration by the Soviet intelligence agency. Along with that, drastic measures were taken to eliminate the most opposed and implacable people, like the exarch Sergiy Voskresensky, for example, who was murdered.</b>
      </abstract>
      <kwd-group>
        <kwd>“The New Course”</kwd>
        <kwd>German occupation</kwd>
        <kwd>the Russian Orthodox Church</kwd>
        <kwd>Patriarchate reinstatement</kwd>
        <kwd>the Pskov Orthodox Mission.</kwd>
      </kwd-group>
      <counts>
        <table-count count="0" />
        <page-count count="0" />
      </counts>
    </article-meta>
  </front>
</article>
