<?xml version='1.0' encoding='UTF-8'?>
<article xmlns:xlink="http://www.w3.org/1999/xlink" dtd-version="1.1">
  <front>
    <journal-meta>
      <journal-id jjournal-id-type="publisher">GRC</journal-id>
      <journal-title-group>
        <journal-title>Gosudarstvo, religiia, tserkov' v Rossii i za rubezhom </journal-title>
        <abbrev-journal-title abbrev-type="nlm-ta" />
      </journal-title-group>
      <issn pub-type="ppub" />
      <issn pub-type="epub" />
    </journal-meta>
    <article-meta>
      <article-id pub-id-type="manuscript" />
      <article-categories>
        <subj-group subj-group-type="article_type">
          <subject>Research article</subject>
        </subj-group>
        <subj-group subj-group-type="subject_areas">
          <subject> </subject>
      </subj-group>
      </article-categories>
      <title-group>
        <article-title>“Islamic Reformation”: Positive Project or Artificial Concept?</article-title>
        <alt-title alt-title-type="running" />
      </title-group>
      <contrib-group>
        <contrib contrib-type="author">
          <name>
            <surname>Ragozina</surname>
            <given-names>Sofya</given-names>
          </name>
          <email />
          <role content-type="1" />
          <xref ref-type="aff" rid="aff1" />
        </contrib>
        <aff id="aff1">
          <institution />
          <addr-line content-type="addrline1" />
          <addr-line content-type="city" />
          <addr-line content-type="state" />
          <addr-line content-type="zipcode" />
          <addr-line content-type="country" />
      </aff>
      </contrib-group>
      <pub-date pub-type="epub" />
      <pub-date pub-type="ppub" />
      <elocation-id />
      <history>
        <date data-type="received">
          <day />
          <month />
          <year>2017</year>
      </date>
      </history>
      <permissions>
        <copyright-statement>Russian Presidential Academy of National Economy and Public Administration.</copyright-statement>
        <copyright-year>© 2017</copyright-year>
      </permissions>
      <abstract>
        <b>Today the concept of “Islamic Reformation” acts as a universal framework for a large number of research projects within the field of Islamic and Muslim studies. This theory, mediated by Western modernization theory, claims a comprehensive understanding of Islamic reality and thus attracts many researchers. However, this universality results in a lack of attention to some important areas, which stimulates criticism from experts on Islam. The aim of this article is to identify and characterize the main approaches to understanding the phenomenon of “Islamic reformation.” There are three different groups of researchers who accept the concept’s validity, among whom there is no unity regarding its content. The first group talks about “Islamic reformation” as a positive political program, while the second connects it exclusively with the negative phenomenon of Islamic radicalism. The third group does not engage in polemics about “Islamic reformation,” but rather consistently seeks to prove the concept’s inadequacy in explaining Islamic realities and to offer alternative research models. A detailed consideration of a number of works demonstrates several different approaches within one discourse on “Islamic reformation”.</b>
      </abstract>
      <kwd-group>
        <kwd>Islam</kwd>
        <kwd>Islamic studies</kwd>
        <kwd>Islamic Reformation</kwd>
        <kwd>Islamic modernism</kwd>
        <kwd>orientalism</kwd>
        <kwd>ijtihad.</kwd>
      </kwd-group>
      <counts>
        <table-count count="0" />
        <page-count count="0" />
      </counts>
    </article-meta>
  </front>
</article>
