<?xml version='1.0' encoding='UTF-8'?>
<article xmlns:xlink="http://www.w3.org/1999/xlink" dtd-version="1.1">
  <front>
    <journal-meta>
      <journal-id jjournal-id-type="publisher">GRC</journal-id>
      <journal-title-group>
        <journal-title>Gosudarstvo, religiia, tserkov' v Rossii i za rubezhom </journal-title>
        <abbrev-journal-title abbrev-type="nlm-ta" />
      </journal-title-group>
      <issn pub-type="ppub" />
      <issn pub-type="epub" />
    </journal-meta>
    <article-meta>
      <article-id pub-id-type="manuscript" />
      <article-categories>
        <subj-group subj-group-type="article_type">
          <subject>Research article</subject>
        </subj-group>
        <subj-group subj-group-type="subject_areas">
          <subject> </subject>
      </subj-group>
      </article-categories>
      <title-group>
        <article-title>Islam in the West or Western Islam? The Disconnect of Religion and Culture</article-title>
        <alt-title alt-title-type="running" />
      </title-group>
      <contrib-group>
        <contrib contrib-type="author">
          <name>
            <surname>Roy</surname>
            <given-names>Olivier</given-names>
          </name>
          <email />
          <role content-type="1" />
          <xref ref-type="aff" rid="aff1" />
        </contrib>
        <aff id="aff1">
          <institution />
          <addr-line content-type="addrline1" />
          <addr-line content-type="city" />
          <addr-line content-type="state" />
          <addr-line content-type="zipcode" />
          <addr-line content-type="country" />
      </aff>
      </contrib-group>
      <pub-date pub-type="epub" />
      <pub-date pub-type="ppub" />
      <elocation-id />
      <history>
        <date data-type="received">
          <day />
          <month />
          <year>2017</year>
      </date>
      </history>
      <permissions>
        <copyright-statement>Russian Presidential Academy of National Economy and Public Administration.</copyright-statement>
        <copyright-year>© 2017</copyright-year>
      </permissions>
      <abstract>
        <b>The definitive presence of a huge Muslim population in Europe will have long-term consequences. There is, nevertheless, some debate about the size of the Muslim population, partly due to imprecise data, partly due to the difficulty of knowing who qualifies as Muslim. Is one defined as a Muslim because of one’s choice of religious community, or is one a Muslim by ethnic background? Beyond the demographic aspect, the fact that Islam is taking hold in Europe seems to call into question European identity. What does the rise of Islam in Europe entail in terms of shared culture and values? Should we speak of “Islam in the West” as if Islam were the bridgehead for a different culture, or of “Western Islam” as if a European Islam would necessarily differ from its Middle Eastern or Asian versions?</b>
      </abstract>
      <kwd-group>
        <kwd>Islam</kwd>
        <kwd>Islam in Europe</kwd>
        <kwd>multiculturalism</kwd>
        <kwd>fundamentalism.</kwd>
      </kwd-group>
      <counts>
        <table-count count="0" />
        <page-count count="0" />
      </counts>
    </article-meta>
  </front>
</article>
