<?xml version='1.0' encoding='UTF-8'?>
<article xmlns:xlink="http://www.w3.org/1999/xlink" dtd-version="1.1">
  <front>
    <journal-meta>
      <journal-id jjournal-id-type="publisher">GRC</journal-id>
      <journal-title-group>
        <journal-title>Gosudarstvo, religiia, tserkov' v Rossii i za rubezhom </journal-title>
        <abbrev-journal-title abbrev-type="nlm-ta" />
      </journal-title-group>
      <issn pub-type="ppub" />
      <issn pub-type="epub" />
    </journal-meta>
    <article-meta>
      <article-id pub-id-type="manuscript" />
      <article-categories>
        <subj-group subj-group-type="article_type">
          <subject>Research article</subject>
        </subj-group>
        <subj-group subj-group-type="subject_areas">
          <subject> </subject>
      </subj-group>
      </article-categories>
      <title-group>
        <article-title>The Post-Secular Age of the Neomodern in the Middle East</article-title>
        <alt-title alt-title-type="running" />
      </title-group>
      <contrib-group>
        <contrib contrib-type="author">
          <name>
            <surname>Kuznetzov</surname>
            <given-names>Vasiliy</given-names>
          </name>
          <email />
          <role content-type="1" />
          <xref ref-type="aff" rid="aff1" />
        </contrib>
        <aff id="aff1">
          <institution />
          <addr-line content-type="addrline1" />
          <addr-line content-type="city" />
          <addr-line content-type="state" />
          <addr-line content-type="zipcode" />
          <addr-line content-type="country" />
      </aff>
      </contrib-group>
      <pub-date pub-type="epub" />
      <pub-date pub-type="ppub" />
      <elocation-id />
      <history>
        <date data-type="received">
          <day />
          <month />
          <year>2017</year>
      </date>
      </history>
      <permissions>
        <copyright-statement>Russian Presidential Academy of National Economy and Public Administration.</copyright-statement>
        <copyright-year>© 2017</copyright-year>
      </permissions>
      <abstract>
        <b>This article is dedicated to an analysis of the current situation in the Arab world within the framework of Neomodernism theory and to the detection of the religious component of the socio-political process. According to Neomodernism theory, contemporary human society is at the point of transferring from the postmodern stage to a new one. This stage is characterized by the combination of three elements: the need for a new positive message, the archaic content of this message, and the use of postmodern tools to construct it. The religious factor plays a special and very important role in the socio-political process, which can be discovered by means of secular and post-secular ideas. After making some general observations the author tries to apply them to Middle Eastern reality and Arab-Muslim culture. As a result he outlines the principal traits of “Islamic secularism” and reveals the common post-secular trends of Middle Eastern and Western society. At the end of the article the author analyzes links between Neomodernism and post-secularism at the regional and global levels.</b>
      </abstract>
      <kwd-group>
        <kwd>secularism</kwd>
        <kwd>post-secularism</kwd>
        <kwd>postmodern</kwd>
        <kwd>modern</kwd>
        <kwd>archaic</kwd>
        <kwd>neomodern</kwd>
        <kwd>Islam</kwd>
        <kwd>Middle East</kwd>
        <kwd>Arab Awakening.</kwd>
      </kwd-group>
      <counts>
        <table-count count="0" />
        <page-count count="0" />
      </counts>
    </article-meta>
  </front>
</article>
