<?xml version='1.0' encoding='UTF-8'?>
<article xmlns:xlink="http://www.w3.org/1999/xlink" dtd-version="1.1">
  <front>
    <journal-meta>
      <journal-id jjournal-id-type="publisher">State, Religion and Church in Russia and Worldwide</journal-id>
      <journal-title-group>
        <journal-title>Gosudarstvo, religiia, tserkov' v Rossii i za rubezhom</journal-title>
        <abbrev-journal-title abbrev-type="nlm-ta" />
      </journal-title-group>
      <issn pub-type="ppub" />
      <issn pub-type="epub" />
    </journal-meta>
    <article-meta>
      <article-id pub-id-type="manuscript" />
      <article-categories>
        <subj-group subj-group-type="article_type">
          <subject>Research article</subject>
        </subj-group>
        <subj-group subj-group-type="subject_areas" />
      </article-categories>
      <title-group>
        <article-title>Who Justifies Violence in Dagestan and Why? A Comparative Analysis of Value Profiles of Muslim Religious Groups in Dagestan</article-title>
        <alt-title alt-title-type="running" />
      </title-group>
      <contrib-group>
        <contrib contrib-type="author">
          <name>
            <surname>Varshaver</surname>
            <given-names>Evgeni</given-names>
          </name>
          <email />
          <role content-type="1" />
          <xref ref-type="aff" rid="aff1" />
        </contrib>
        <contrib contrib-type="author">
          <name>
            <surname>Starodubrovskaya</surname>
            <given-names>Irina</given-names>
          </name>
          <email />
          <role content-type="2" />
          <xref ref-type="aff" rid="aff2" />
        </contrib>
        <aff id="aff1">
          <institution />
          <addr-line content-type="addrline1" />
          <addr-line content-type="city" />
          <addr-line content-type="state" />
          <addr-line content-type="zipcode" />
          <addr-line content-type="country" />
        </aff>
        <aff id="aff2">
          <institution />
          <addr-line content-type="addrline1" />
          <addr-line content-type="city" />
          <addr-line content-type="state" />
          <addr-line content-type="zipcode" />
          <addr-line content-type="country" />
      </aff>
      </contrib-group>
      <pub-date pub-type="epub" />
      <pub-date pub-type="ppub" />
      <elocation-id />
      <history>
        <date data-type="received">
          <day />
          <month />
          <year>2017</year>
      </date>
      </history>
      <permissions>
        <copyright-statement>Russian Presidential Academy of National Economy and Public Administration.</copyright-statement>
        <copyright-year>© 2017</copyright-year>
      </permissions>
      <abstract>
        <b>This article describes the results of quantitative value research into the Muslims of Dagestan and outlines the difference between religious groups present in this republic of Russia. It also presents information on the determinants of the justification of violence (in its different forms). According to this analysis, religious groups have certain value profiles. Sufis, for example, value obedience, disapprove of violence, and tend to trust people. Salafis are more conservative in terms of gender, more prone toward justification of violence, and trust people less, while secular Muslims support liberal values and universalism. The analysis of violence justification determinants showed that along with gender, age, and strength of religiosity, the factors that influence this phenomenon are participation in Salafi social circles and level of happiness, security, and trust. Each of these factors relates to the explanation of various forms of violence justification differently.</b>
      </abstract>
      <kwd-group>
        <kwd>Islam</kwd>
        <kwd>values</kwd>
        <kwd>violence</kwd>
        <kwd>Dagestan</kwd>
        <kwd>internet survey.</kwd>
      </kwd-group>
      <counts>
        <table-count count="0" />
        <page-count count="0" />
      </counts>
    </article-meta>
  </front>
</article>
