<?xml version='1.0' encoding='UTF-8'?>
<article xmlns:xlink="http://www.w3.org/1999/xlink" dtd-version="1.1">
  <front>
    <journal-meta>
      <journal-id jjournal-id-type="publisher">GRC</journal-id>
      <journal-title-group>
        <journal-title>Gosudarstvo, religiia, tserkov' v Rossii i za rubezhom </journal-title>
        <abbrev-journal-title abbrev-type="nlm-ta" />
      </journal-title-group>
      <issn pub-type="ppub" />
      <issn pub-type="epub" />
    </journal-meta>
    <article-meta>
      <article-id pub-id-type="manuscript" />
      <article-categories>
        <subj-group subj-group-type="article_type">
          <subject>Research Letter</subject>
        </subj-group>
        <subj-group subj-group-type="subject_areas">
          <subject> </subject>
      </subj-group>
      </article-categories>
      <title-group>
        <article-title>Psychological Studies of Religious Motivation</article-title>
        <alt-title alt-title-type="running" />
      </title-group>
      <contrib-group>
        <contrib contrib-type="author">
          <name>
            <surname>Yasin</surname>
            <given-names>Miroslav I.</given-names>
          </name>
          <email />
          <role content-type="1" />
          <xref ref-type="aff" rid="aff1" />
        </contrib>
        <aff id="aff1">
          <institution />
          <addr-line content-type="addrline1" />
          <addr-line content-type="city" />
          <addr-line content-type="state" />
          <addr-line content-type="zipcode" />
          <addr-line content-type="country" />
      </aff>
      </contrib-group>
      <pub-date pub-type="epub" />
      <pub-date pub-type="ppub" />
      <elocation-id />
      <history>
        <date data-type="received">
          <day />
          <month />
          <year>2016</year>
      </date>
      </history>
      <permissions>
        <copyright-statement />
        <copyright-year />
      </permissions>
      <abstract>
        <b>The article analyses theoretical approaches to religious motivation. It starts by identifying four core theoretical perspectives: selfdetermination theory, expectancy theory, sacralization theory, and religion-as-a-quest theory. In the self-determination approach, studies show the relationship between the level of religiosity, psychological well-being, and various psychological characteristics. The expectancy theory considers motivation as an assessment of achieving desired outcomes, depending on somebody`s opportunities and various situations. According to the concept of sacralization, particularly any target can be devoted to something spiritual, and thus religious motivation is not something special. Religion-as-a-quest theory considers religion as an attempt to answer important existential questions, reflecting the search for meaning. Overall, the psychology of motivation helps to understand many personal and socio-cultural processes connected with religion.</b>
      </abstract>
      <kwd-group>
        <kwd>psychological studies of religion</kwd>
        <kwd>religious motivation</kwd>
        <kwd>self-determination theory</kwd>
        <kwd>sacralization</kwd>
        <kwd>expectancy theory</kwd>
        <kwd>religion as a quest.</kwd>
      </kwd-group>
      <counts>
        <table-count count="0" />
        <page-count count="0" />
      </counts>
    </article-meta>
  </front>
</article>
