<?xml version='1.0' encoding='UTF-8'?>
<article xmlns:xlink="http://www.w3.org/1999/xlink" dtd-version="1.1">
  <front>
    <journal-meta>
      <journal-id jjournal-id-type="publisher">GRC</journal-id>
      <journal-title-group>
        <journal-title>Gosudarstvo, religiia, tserkov' v Rossii i za rubezhom </journal-title>
        <abbrev-journal-title abbrev-type="nlm-ta" />
      </journal-title-group>
      <issn pub-type="ppub" />
      <issn pub-type="epub" />
    </journal-meta>
    <article-meta>
      <article-id pub-id-type="manuscript" />
      <article-categories>
        <subj-group subj-group-type="article_type">
          <subject>Research Letter</subject>
        </subj-group>
        <subj-group subj-group-type="subject_areas">
          <subject> </subject>
      </subj-group>
      </article-categories>
      <title-group>
        <article-title>Alexander Dugin: Building a Bridge between Eschatology and Conspiracy</article-title>
        <alt-title alt-title-type="running" />
      </title-group>
      <contrib-group>
        <contrib contrib-type="author">
          <name>
            <surname>Shnirelman</surname>
            <given-names>Victor A.</given-names>
          </name>
          <email />
          <role content-type="1" />
          <xref ref-type="aff" rid="aff1" />
        </contrib>
        <aff id="aff1">
          <institution />
          <addr-line content-type="addrline1" />
          <addr-line content-type="city" />
          <addr-line content-type="state" />
          <addr-line content-type="zipcode" />
          <addr-line content-type="country" />
      </aff>
      </contrib-group>
      <pub-date pub-type="epub" />
      <pub-date pub-type="ppub" />
      <elocation-id />
      <history>
        <date data-type="received">
          <day />
          <month />
          <year>2016</year>
      </date>
      </history>
      <permissions>
        <copyright-statement />
        <copyright-year />
      </permissions>
      <abstract>
        <b>Alexander Dugin is well known for his ambition to marry politics with religious eschatology. The article analyzes the sources of his concepts revealing the eschatological roots of contemporary conspiracy. Dugin refers to a “world plot” and an “eternal enemy” behind it, which is directly related to the narrative of Antichrist. The author shows how and why such constructions invariably arrive to esoteric and conspiratory anti-Semitism. This ideology looks at an “occult metaphysical war” between Christianity and Judaism, and rejects the modern world for the sake of a “conservative revolution.” A special emphasis is made on the Dugin’s esoteric and geopolitical views of “sacred history”. Dugin’s methodology is based on the essentialist view of “race” and “ethnos,” ignoring empirical evidences and creating a pseudo-scholarly ground for contemporary xenophobia in the shape of a "new (cultural) racism".</b>
      </abstract>
      <kwd-group>
        <kwd>eschatology</kwd>
        <kwd>traditionalism</kwd>
        <kwd>conspiracy</kwd>
        <kwd>geopolitics</kwd>
        <kwd>fundamentalism</kwd>
        <kwd>Jews</kwd>
        <kwd>Alexander Dugin.</kwd>
      </kwd-group>
      <counts>
        <table-count count="0" />
        <page-count count="0" />
      </counts>
    </article-meta>
  </front>
</article>
