<?xml version='1.0' encoding='UTF-8'?>
<article xmlns:xlink="http://www.w3.org/1999/xlink" dtd-version="1.1">
  <front>
    <journal-meta>
      <journal-id jjournal-id-type="publisher">GRC</journal-id>
      <journal-title-group>
        <journal-title>Gosudarstvo, religiia, tserkov' v Rossii i za rubezhom </journal-title>
        <abbrev-journal-title abbrev-type="nlm-ta" />
      </journal-title-group>
      <issn pub-type="ppub" />
      <issn pub-type="epub" />
    </journal-meta>
    <article-meta>
      <article-id pub-id-type="manuscript" />
      <article-categories>
        <subj-group subj-group-type="article_type">
          <subject>Research Letter</subject>
        </subj-group>
        <subj-group subj-group-type="subject_areas">
          <subject> </subject>
      </subj-group>
      </article-categories>
      <title-group>
        <article-title>“With no Preachers, at the Corner of Barracks…” Protestant “Barrack Communities” in Perm’-Kama Region in 1940–1950-s</article-title>
        <alt-title alt-title-type="running" />
      </title-group>
      <contrib-group>
        <contrib contrib-type="author">
          <name>
            <surname>Glushaev</surname>
            <given-names>Aleksey</given-names>
          </name>
          <email />
          <role content-type="1" />
          <xref ref-type="aff" rid="aff1" />
        </contrib>
        <aff id="aff1">
          <institution />
          <addr-line content-type="addrline1" />
          <addr-line content-type="city" />
          <addr-line content-type="state" />
          <addr-line content-type="zipcode" />
          <addr-line content-type="country" />
      </aff>
      </contrib-group>
      <pub-date pub-type="epub" />
      <pub-date pub-type="ppub" />
      <elocation-id />
      <history>
        <date data-type="received">
          <day />
          <month />
          <year>2012</year>
      </date>
      </history>
      <permissions>
        <copyright-statement />
        <copyright-year />
      </permissions>
      <abstract>
        <b>This paper looks into the emergence and existence of protestant groups in towns and workers’ settlements of western Urals region in 1940-1960s. The everyday circumstances of local residents and migrants led to the formation of what we can call “barracks communities” of believers. The exiled “special settlers” sent to this area were adapting to the situation and created modes of consolidation in an alien environment. The author believes that these Baptist and Mennonite communities tended to serve as substitution for the lacking established Protestant institutions. However, specific religious practices, cultivated within these groups, and their conscious self-isolation led to archaic forms of cultural life and to growing conflicts with the social environment.</b>
      </abstract>
      <kwd-group>
        <kwd>workers’ settlements</kwd>
        <kwd>barracks communities</kwd>
        <kwd>special settlers</kwd>
        <kwd>Evangelical Baptist Christians</kwd>
        <kwd>Mennonites</kwd>
        <kwd>antireligious propaganda.</kwd>
      </kwd-group>
      <counts>
        <table-count count="0" />
        <page-count count="0" />
      </counts>
    </article-meta>
  </front>
</article>
