<?xml version='1.0' encoding='UTF-8'?>
<article xmlns:xlink="http://www.w3.org/1999/xlink" dtd-version="1.1">
  <front>
    <journal-meta>
      <journal-id jjournal-id-type="publisher">GRC</journal-id>
      <journal-title-group>
        <journal-title>Gosudarstvo, religiia, tserkov' v Rossii i za rubezhom </journal-title>
        <abbrev-journal-title abbrev-type="nlm-ta" />
      </journal-title-group>
      <issn pub-type="ppub" />
      <issn pub-type="epub" />
    </journal-meta>
    <article-meta>
      <article-id pub-id-type="manuscript" />
      <article-categories>
        <subj-group subj-group-type="article_type">
          <subject>Research Letter</subject>
        </subj-group>
        <subj-group subj-group-type="subject_areas">
          <subject> </subject>
      </subj-group>
      </article-categories>
      <title-group>
        <article-title>Ordinary Death in the Soviet Union: the Material and Spiritual in Atheist Cosmology</article-title>
        <alt-title alt-title-type="running" />
      </title-group>
      <contrib-group>
        <contrib contrib-type="author">
          <name>
            <surname>Smolkin-Rothrock</surname>
            <given-names>Victoria</given-names>
          </name>
          <email />
          <role content-type="1" />
          <xref ref-type="aff" rid="aff1" />
        </contrib>
        <aff id="aff1">
          <institution />
          <addr-line content-type="addrline1" />
          <addr-line content-type="city" />
          <addr-line content-type="state" />
          <addr-line content-type="zipcode" />
          <addr-line content-type="country" />
      </aff>
      </contrib-group>
      <pub-date pub-type="epub" />
      <pub-date pub-type="ppub" />
      <elocation-id />
      <history>
        <date data-type="received">
          <day />
          <month />
          <year>2012</year>
      </date>
      </history>
      <permissions>
        <copyright-statement />
        <copyright-year />
      </permissions>
      <abstract>
        <b>The paper deals with the problem of death as approached by the Soviet atheist ideologists. In particular, it explores the attempts by Party ideologists to substitute religious death rituals by new “socialist rituals.” The author draws upon the work of a special Commission on the study and introduction of “socialist rituals” created in 1969 under the Presidium of the Supreme Soviet of the Ukrainian Soviet Socialist Republic. The paper shows the failure of this policy, which reflects a major flaw in the whole construction of Soviet atheist ideology — its misunderstanding of spiritual needs of ordinary Soviet citizens, in both existential and material aspects.</b>
      </abstract>
      <kwd-group>
        <kwd>socialist rituals</kwd>
        <kwd>scientific atheism</kwd>
        <kwd>death</kwd>
        <kwd>religion in the Ukraine</kwd>
        <kwd>Soviet Union</kwd>
        <kwd>secularization.</kwd>
      </kwd-group>
      <counts>
        <table-count count="0" />
        <page-count count="0" />
      </counts>
    </article-meta>
  </front>
</article>
