<?xml version='1.0' encoding='UTF-8'?>
<article xmlns:xlink="http://www.w3.org/1999/xlink" dtd-version="1.1">
  <front>
    <journal-meta>
      <journal-id jjournal-id-type="publisher">GRC</journal-id>
      <journal-title-group>
        <journal-title>Gosudarstvo, religiia, tserkov' v Rossii i za rubezhom </journal-title>
        <abbrev-journal-title abbrev-type="nlm-ta" />
      </journal-title-group>
      <issn pub-type="ppub" />
      <issn pub-type="epub" />
    </journal-meta>
    <article-meta>
      <article-id pub-id-type="manuscript" />
      <article-categories>
        <subj-group subj-group-type="article_type">
          <subject>Research Letter</subject>
        </subj-group>
        <subj-group subj-group-type="subject_areas">
          <subject> </subject>
      </subj-group>
      </article-categories>
      <title-group>
        <article-title>“From Tradition to Modernity”: Orthodox Rituals and Celebrations during the Antireligious Campaign in Ukraine, 1950-s – 1960-s</article-title>
        <alt-title alt-title-type="running" />
      </title-group>
      <contrib-group>
        <contrib contrib-type="author">
          <name>
            <surname>Shlikhta</surname>
            <given-names>Natalia</given-names>
          </name>
          <email />
          <role content-type="1" />
          <xref ref-type="aff" rid="aff1" />
        </contrib>
        <aff id="aff1">
          <institution />
          <addr-line content-type="addrline1" />
          <addr-line content-type="city" />
          <addr-line content-type="state" />
          <addr-line content-type="zipcode" />
          <addr-line content-type="country" />
      </aff>
      </contrib-group>
      <pub-date pub-type="epub" />
      <pub-date pub-type="ppub" />
      <elocation-id />
      <history>
        <date data-type="received">
          <day />
          <month />
          <year>2012</year>
      </date>
      </history>
      <permissions>
        <copyright-statement />
        <copyright-year />
      </permissions>
      <abstract>
        <b>The paper explores some transformations in Russian Orthodox ritual practices both during the Khrushchev antireligious campaign and in its aftermath; it draws on the Ukrainian material. The article examines illegal rituals, modifications of traditional life-cycle rituals, “lay services”, and organizational changes introduced into major church celebrations. Drawing on vast archival material, the author traces who initiated these transformations (laity, clergy, hierarchy) and also the attitude towards them on the part of state and ecclesiastical authorities.</b>
      </abstract>
      <kwd-group>
        <kwd>Orthodox rituals</kwd>
        <kwd>religious tradition</kwd>
        <kwd>modernization</kwd>
        <kwd>Soviet “new” rituals</kwd>
        <kwd>Khrushchev’s antireligious campaign</kwd>
        <kwd>Soviet Ukraine.</kwd>
      </kwd-group>
      <counts>
        <table-count count="0" />
        <page-count count="0" />
      </counts>
    </article-meta>
  </front>
</article>
