<?xml version='1.0' encoding='UTF-8'?>
<article xmlns:xlink="http://www.w3.org/1999/xlink" dtd-version="1.1">
  <front>
    <journal-meta>
      <journal-id jjournal-id-type="publisher">State, Religion and Church in Russia and Worldwide</journal-id>
      <journal-title-group>
        <journal-title>Gosudarstvo, religiia, tserkov' v Rossii i za rubezhom</journal-title>
        <abbrev-journal-title abbrev-type="nlm-ta" />
      </journal-title-group>
      <issn pub-type="ppub" />
      <issn pub-type="epub" />
    </journal-meta>
    <article-meta>
      <article-id pub-id-type="manuscript" />
      <article-categories>
        <subj-group subj-group-type="article_type">
          <subject>Research article</subject>
        </subj-group>
        <subj-group subj-group-type="subject_areas" />
      </article-categories>
      <title-group>
        <article-title>Religious Identity of Immigrants from ex-USSR in Israel</article-title>
        <alt-title alt-title-type="running" />
      </title-group>
      <contrib-group>
        <contrib contrib-type="author">
          <name>
            <surname>Khanin</surname>
            <given-names>Vladimir (Ze'ev)</given-names>
          </name>
          <email />
          <role content-type="1" />
          <xref ref-type="aff" rid="aff1" />
        </contrib>
        <aff id="aff1">
          <institution />
          <addr-line content-type="addrline1" />
          <addr-line content-type="city" />
          <addr-line content-type="state" />
          <addr-line content-type="zipcode" />
          <addr-line content-type="country" />
      </aff>
      </contrib-group>
      <pub-date pub-type="epub" />
      <pub-date pub-type="ppub" />
      <elocation-id />
      <history>
        <date data-type="received">
          <day />
          <month />
          <year>2015</year>
      </date>
      </history>
      <permissions>
        <copyright-statement>Russian Presidential Academy of National Economy and Public Administration.</copyright-statement>
        <copyright-year>© 2015</copyright-year>
      </permissions>
      <abstract>
        <b>The paper draws upon a large-scale sociological survey analyzing three groups of respondents ranked according to a “combined Jewish identity”: “status (halachic) Jews”, “self-declared Jews,” and “Russian Jews.” The survey showed that although the Jewishness as the ethnicity remained the major component of Jewish identity of immigrants from the USSR and FSU in Israel, the religious component of their identity in the course of the recent quarter of the century had undergone serious transformation. The late Soviet opposition of “atheists” and “believers” had shifted to adapting a typical Israeli five-rank classification: atheists, hilonim (secular),    masoratim (traditional), religious Zionists, and haredim (religious ultra-Orthodox). There are three sources of the religious identity of immigrants from the former Soviet Union: some elements of the Eastern-European religious tradition passed on in families; some religious experiences, both modern and traditional, adopted in the late Soviet period and in Israel; behavioral models and practices ofreligious origins, which rather refer to the general Israeli civil culture. Contrary to common knowledge, religious identity of the first and especially the second generation of immigrants from the USSR have much more to do with the local Israeli experiences than the so called “Soviet legacy”.</b>
      </abstract>
      <kwd-group>
        <kwd>Repatriate Jews</kwd>
        <kwd>Alyah</kwd>
        <kwd>Jewish cultural and religious identity</kwd>
        <kwd>Israel</kwd>
        <kwd>USSR.</kwd>
      </kwd-group>
      <counts>
        <table-count count="0" />
        <page-count count="0" />
      </counts>
    </article-meta>
  </front>
</article>
