<?xml version='1.0' encoding='UTF-8'?>
<article xmlns:xlink="http://www.w3.org/1999/xlink" dtd-version="1.1">
  <front>
    <journal-meta>
      <journal-id jjournal-id-type="publisher">State, Religion and Church in Russia and Worldwide</journal-id>
      <journal-title-group>
        <journal-title>Gosudarstvo, religiia, tserkov' v Rossii i za rubezhom</journal-title>
        <abbrev-journal-title abbrev-type="nlm-ta" />
      </journal-title-group>
      <issn pub-type="ppub" />
      <issn pub-type="epub" />
    </journal-meta>
    <article-meta>
      <article-id pub-id-type="manuscript" />
      <article-categories>
        <subj-group subj-group-type="article_type">
          <subject>Research article</subject>
        </subj-group>
        <subj-group subj-group-type="subject_areas" />
      </article-categories>
      <title-group>
        <article-title>Via Premoderna: Metaphysical-Political Project of John Milbank</article-title>
        <alt-title alt-title-type="running" />
      </title-group>
      <contrib-group>
        <contrib contrib-type="author">
          <name>
            <surname>Davydov</surname>
            <given-names>Oleg</given-names>
          </name>
          <email />
          <role content-type="1" />
          <xref ref-type="aff" rid="aff1" />
        </contrib>
        <aff id="aff1">
          <institution />
          <addr-line content-type="addrline1" />
          <addr-line content-type="city" />
          <addr-line content-type="state" />
          <addr-line content-type="zipcode" />
          <addr-line content-type="country" />
      </aff>
      </contrib-group>
      <pub-date pub-type="epub" />
      <pub-date pub-type="ppub" />
      <elocation-id />
      <history>
        <date data-type="received">
          <day />
          <month />
          <year>2015</year>
      </date>
      </history>
      <permissions>
        <copyright-statement>Russian Presidential Academy of National Economy and Public Administration.</copyright-statement>
        <copyright-year>© 2015</copyright-year>
      </permissions>
      <abstract>
        <b>The article discusses the development of the ideas of John Milbank — contemporary theologian and philosopher, leader of the intellectual movement “Radical Orthodoxy”. Comparison of the ideas presented in his early and later work provides an opportunity of reconstruction of Milbank’s ontological conception and its relationship with his socio-political project. Radicalism of Milbank’s methodological approach to the relation between “secular” and “religious” is based on deconstruction of ontological and gnoseological foundations of secular metaphysics and identification of its theological nature. Milbank advocates the possibility of bringing the theological discourse to the public sphere through a reinterpretation of the Christian intellectual and social practices. He explains essential connection between metaphysical philosophy and political philosophy as well as between epistemology as “representation” and the idea of “political representation”. He discusses the project of Christian socialism, rooted in the realist Thomistic ontology and aimed at building a democratic society beyond secular political spectrum. This project is presented as going beyond current opposition of liberalism and conservatism.</b>
      </abstract>
      <kwd-group>
        <kwd>ontology</kwd>
        <kwd>theology</kwd>
        <kwd>univocity</kwd>
        <kwd>analogy</kwd>
        <kwd>secular</kwd>
        <kwd>religion</kwd>
        <kwd>Christian socialism</kwd>
        <kwd>communitarianism.</kwd>
      </kwd-group>
      <counts>
        <table-count count="0" />
        <page-count count="0" />
      </counts>
    </article-meta>
  </front>
</article>
