<?xml version='1.0' encoding='UTF-8'?>
<article xmlns:xlink="http://www.w3.org/1999/xlink" dtd-version="1.1">
  <front>
    <journal-meta>
      <journal-id jjournal-id-type="publisher">State, Religion and Church in Russia and Worldwide</journal-id>
      <journal-title-group>
        <journal-title>Gosudarstvo, religiia, tserkov' v Rossii i za rubezhom</journal-title>
        <abbrev-journal-title abbrev-type="nlm-ta" />
      </journal-title-group>
      <issn pub-type="ppub" />
      <issn pub-type="epub" />
    </journal-meta>
    <article-meta>
      <article-id pub-id-type="manuscript" />
      <article-categories>
        <subj-group subj-group-type="article_type">
          <subject>Research article</subject>
        </subj-group>
        <subj-group subj-group-type="subject_areas" />
      </article-categories>
      <title-group>
        <article-title>Plato and Euhemerus: “Egyptian Logos” and “Sacra Historia”</article-title>
        <alt-title alt-title-type="running" />
      </title-group>
      <contrib-group>
        <contrib contrib-type="author">
          <name>
            <surname>Svetlov</surname>
            <given-names>Roman</given-names>
          </name>
          <email />
          <role content-type="1" />
          <xref ref-type="aff" rid="aff1" />
        </contrib>
        <aff id="aff1">
          <institution />
          <addr-line content-type="addrline1" />
          <addr-line content-type="city" />
          <addr-line content-type="state" />
          <addr-line content-type="zipcode" />
          <addr-line content-type="country" />
      </aff>
      </contrib-group>
      <pub-date pub-type="epub" />
      <pub-date pub-type="ppub" />
      <elocation-id />
      <history>
        <date data-type="received">
          <day />
          <month />
          <year>2015</year>
      </date>
      </history>
      <permissions>
        <copyright-statement>Russian Presidential Academy of National Economy and Public Administration.</copyright-statement>
        <copyright-year>© 2015</copyright-year>
      </permissions>
      <abstract>
        <b>Antiquity developed several types of interpretation of the myth: allegorical, rational (critical), pragmatic and euhemeristic (historical). We find all of them in the texts of Plato, who lived long before Euhemeras and Palaephatus. The article examines the well-known Plato’s texts about Thamus and Theuth in “Phaedrus” (274c-275a) and “Philebus” (18b-d), as well as thematically closest fragment of the “Politicus” (274b-d). It is shown that the Platonic “euhemerism” is one of the inner preconditions and basis in the teachings of Plato. We have in mind Plato’s cosmology and view of history (movements of Cosmos), which gave the opportunity to talk    about Plato’s “earthly gods”. Didactic story about gods Thamus and Theuth as earthly rulers could become a background for the doctrine of Eugemerus that the gods worshiped by people are the great kings of antiquity. Relationship among the teachings of Plato and Eugemer can be seen not only on the basis of analysis of the legend about Atlantis (this legend could be the model for the “Sacra Historia” of Eugemerus). The fragment of “Phaedrus” gives us an example of the interpretation of the myth, which was peculiar to Plato, but it could be a prerequisite for the interpretation developed by Euhemerus. Moreover, in the text of “Phaedrus” we find a critical consideration of “rational” interpretation of mythology. Plato rejected this strategy, preferring to create its own historical mythology, where “Egyptian logos” from “Phaedrus” had a definite place.</b>
      </abstract>
      <kwd-group>
        <kwd>Euhemerism</kwd>
        <kwd>Plato</kwd>
        <kwd>ancient interpretation of mythology</kwd>
        <kwd>Egyptian “logos” in the “Phaedrus”.</kwd>
      </kwd-group>
      <counts>
        <table-count count="0" />
        <page-count count="0" />
      </counts>
    </article-meta>
  </front>
</article>
