<?xml version='1.0' encoding='UTF-8'?>
<article xmlns:xlink="http://www.w3.org/1999/xlink" dtd-version="1.1">
  <front>
    <journal-meta>
      <journal-id jjournal-id-type="publisher">GRC</journal-id>
      <journal-title-group>
        <journal-title>Gosudarstvo, religiia, tserkov' v Rossii i za rubezhom </journal-title>
        <abbrev-journal-title abbrev-type="nlm-ta" />
      </journal-title-group>
      <issn pub-type="ppub" />
      <issn pub-type="epub" />
    </journal-meta>
    <article-meta>
      <article-id pub-id-type="manuscript" />
      <article-categories>
        <subj-group subj-group-type="article_type">
          <subject>Research article</subject>
        </subj-group>
        <subj-group subj-group-type="subject_areas">
          <subject> </subject>
      </subj-group>
      </article-categories>
      <title-group>
        <article-title>Folk Judaism: Variations of Religious Practices among the Jews of Ukraine and Moldova (Findings of 2004–2011)</article-title>
        <alt-title alt-title-type="running" />
      </title-group>
      <contrib-group>
        <contrib contrib-type="author">
          <name>
            <surname>Kaspina</surname>
            <given-names>Maria</given-names>
          </name>
          <email />
          <role content-type="1" />
          <xref ref-type="aff" rid="aff1" />
        </contrib>
        <aff id="aff1">
          <institution />
          <addr-line content-type="addrline1" />
          <addr-line content-type="city" />
          <addr-line content-type="state" />
          <addr-line content-type="zipcode" />
          <addr-line content-type="country" />
      </aff>
      </contrib-group>
      <pub-date pub-type="epub" />
      <pub-date pub-type="ppub" />
      <elocation-id />
      <history>
        <date data-type="received">
          <day />
          <month />
          <year>2015</year>
      </date>
      </history>
      <permissions>
        <copyright-statement>Russian Presidential Academy of National Economy and Public Administration.</copyright-statement>
        <copyright-year>© 2015</copyright-year>
      </permissions>
      <abstract>
        <b>The article draws on the analysis of interviews with the Jews of Ukraine and Moldova, who had lived the frst part of their lives fol‑ lowing traditional Jewish ways, while the other part fell on the peri‑ od of strong anti‑religious pressure in the Soviet Union. As a result, several variations of what we can call “folk Judaism” emerged. One form is a forced refusal to follow the laws of Judaism and elaboration of various ways for breaking taboos. The second option is a conscious rejection of ancestral religious traditions, partly observing as a “camoufage”, and minimal interaction with modern Orthodox Judaism. The third option is forming their own individual rules for observing selected religious commandments. Several key mechanisms of the formation of new Jewish “folk” religious practices can be iden‑ tifed. They are the transformation of the existing halakhic regula‑ tions with the help of a) ritual fraud; b) changes in the status of the ritual object; c) application of the laws of ritual purity to an object known to be unclean.</b>
      </abstract>
      <kwd-group>
        <kwd>religion</kwd>
        <kwd>folk religion</kwd>
        <kwd>folk Judaism and Jewish customs</kwd>
        <kwd>modern fieldwork..</kwd>
      </kwd-group>
      <counts>
        <table-count count="0" />
        <page-count count="0" />
      </counts>
    </article-meta>
  </front>
</article>
