<?xml version='1.0' encoding='UTF-8'?>
<article xmlns:xlink="http://www.w3.org/1999/xlink" dtd-version="1.1">
  <front>
    <journal-meta>
      <journal-id jjournal-id-type="publisher">State, Religion and Church in Russia and Worldwide</journal-id>
      <journal-title-group>
        <journal-title>Gosudarstvo, religiia, tserkov' v Rossii i za rubezhom</journal-title>
        <abbrev-journal-title abbrev-type="nlm-ta" />
      </journal-title-group>
      <issn pub-type="ppub" />
      <issn pub-type="epub" />
    </journal-meta>
    <article-meta>
      <article-id pub-id-type="manuscript" />
      <article-categories>
        <subj-group subj-group-type="article_type">
          <subject>Research article</subject>
        </subj-group>
        <subj-group subj-group-type="subject_areas" />
      </article-categories>
      <title-group>
        <article-title>Tender Psalms: The Ethnic and the Religious in the Culture of Russian Judaizers</article-title>
        <alt-title alt-title-type="running" />
      </title-group>
      <contrib-group>
        <contrib contrib-type="author">
          <name>
            <surname>Lvov</surname>
            <given-names>Alexander</given-names>
          </name>
          <email />
          <role content-type="1" />
          <xref ref-type="aff" rid="aff1" />
        </contrib>
        <aff id="aff1">
          <institution />
          <addr-line content-type="addrline1" />
          <addr-line content-type="city" />
          <addr-line content-type="state" />
          <addr-line content-type="zipcode" />
          <addr-line content-type="country" />
      </aff>
      </contrib-group>
      <pub-date pub-type="epub" />
      <pub-date pub-type="ppub" />
      <elocation-id />
      <history>
        <date data-type="received">
          <day />
          <month />
          <year>2015</year>
      </date>
      </history>
      <permissions>
        <copyright-statement>Russian Presidential Academy of National Economy and Public Administration.</copyright-statement>
        <copyright-year>© 2015</copyright-year>
      </permissions>
      <abstract>
        <b>The article deals with a disappearing community of Russian Judaizers (Subbotniks) in Armenia. The analysis of the folklore repertoire of the Subbotniks allows concluding that the very experience of breaking with the religious past is a foundation of their identity. The break happened in the second part of the 20th century and was accompanied by accepting the exonym “Subbotnik” which turned into a relatively stable ethnic category. This uncommon process can be explained using the distinction between “groups” and “categories” and the opposition of “ethnic” and “religious”. The article considers the history of the use of the term “Subbotnik” and its complex connotations, referring to both Judaism and Christian sectarianism. In contrast to “ethnicity without groups,” as coined by Roger Brubaker, the Judaizers show an example of stable communities that are particularly difficult to categorize. The Subbotniks of Armenia, who emerged as a “group without categories,” are now tuning into a “category without group”. The article shows a correlation between this transformation and the substitution of textual (religious) foundations of daily practices by the ethnic ones.</b>
      </abstract>
      <kwd-group>
        <kwd>Judaizers</kwd>
        <kwd>Subbotniks</kwd>
        <kwd>ethnicization of religion</kwd>
        <kwd>Russian sects</kwd>
        <kwd>textual communities.</kwd>
      </kwd-group>
      <counts>
        <table-count count="0" />
        <page-count count="0" />
      </counts>
    </article-meta>
  </front>
</article>
