<?xml version='1.0' encoding='UTF-8'?>
<article xmlns:xlink="http://www.w3.org/1999/xlink" dtd-version="1.1">
  <front>
    <journal-meta>
      <journal-id jjournal-id-type="publisher">State, Religion and Church in Russia and Worldwide</journal-id>
      <journal-title-group>
        <journal-title>Gosudarstvo, religiia, tserkov' v Rossii i za rubezhom</journal-title>
        <abbrev-journal-title abbrev-type="nlm-ta" />
      </journal-title-group>
      <issn pub-type="ppub" />
      <issn pub-type="epub" />
    </journal-meta>
    <article-meta>
      <article-id pub-id-type="manuscript" />
      <article-categories>
        <subj-group subj-group-type="article_type">
          <subject>Research article</subject>
        </subj-group>
        <subj-group subj-group-type="subject_areas" />
      </article-categories>
      <title-group>
        <article-title>A Portrait on the Wall and Sprat on the Bread: Moscow Jews between the Two "Sects"</article-title>
        <alt-title alt-title-type="running" />
      </title-group>
      <contrib-group>
        <contrib contrib-type="author">
          <name>
            <surname>Zelenina</surname>
            <given-names>Galina</given-names>
          </name>
          <email />
          <role content-type="1" />
          <xref ref-type="aff" rid="aff1" />
        </contrib>
        <aff id="aff1">
          <institution />
          <addr-line content-type="addrline1" />
          <addr-line content-type="city" />
          <addr-line content-type="state" />
          <addr-line content-type="zipcode" />
          <addr-line content-type="country" />
      </aff>
      </contrib-group>
      <pub-date pub-type="epub" />
      <pub-date pub-type="ppub" />
      <elocation-id />
      <history>
        <date data-type="received">
          <day />
          <month />
          <year>2015</year>
      </date>
      </history>
      <permissions>
        <copyright-statement>Russian Presidential Academy of National Economy and Public Administration.</copyright-statement>
        <copyright-year>© 2015</copyright-year>
      </permissions>
      <abstract>
        <b>The article examines Jewish religious spectrum in Moscow, which in the main can be extrapolated to all of Russia. Special attention is given to the two extremes of the spectrum — ultraorthodox Chabad Lubavitch and Reform, or Progressive, movements. Based on published sources as well as interviews with people from various groups of Moscow Jewry, the research analyzes key strategies of community building and selfrepresentation of Chabad and Progressive Judaism, on the one hand, and the reception of these strategies and related practices, on the other. The study of these data allows to explicate the rapid and seemingly comprehensive success of Chabad as opposed to the failure of Reform Judaism in post-Soviet Russia, as well as some other alternatives in religious behavior of Moscow Jews including either the establishment of small communities or sticking to the Orthodox Choral synagogue albeit without regular attendance.</b>
      </abstract>
      <kwd-group>
        <kwd>Judaism</kwd>
        <kwd>Russian Jewry</kwd>
        <kwd>Moscow</kwd>
        <kwd>synagogue</kwd>
        <kwd>Hasidic Judaism</kwd>
        <kwd>Chabad Lubavitch</kwd>
        <kwd>Reform Judaism.</kwd>
      </kwd-group>
      <counts>
        <table-count count="0" />
        <page-count count="0" />
      </counts>
    </article-meta>
  </front>
</article>
