<?xml version='1.0' encoding='UTF-8'?>
<article xmlns:xlink="http://www.w3.org/1999/xlink" dtd-version="1.1">
  <front>
    <journal-meta>
      <journal-id jjournal-id-type="publisher">GRC</journal-id>
      <journal-title-group>
        <journal-title>Gosudarstvo, religiia, tserkov' v Rossii i za rubezhom </journal-title>
        <abbrev-journal-title abbrev-type="nlm-ta" />
      </journal-title-group>
      <issn pub-type="ppub" />
      <issn pub-type="epub" />
    </journal-meta>
    <article-meta>
      <article-id pub-id-type="manuscript" />
      <article-categories>
        <subj-group subj-group-type="article_type">
          <subject>Research article</subject>
        </subj-group>
        <subj-group subj-group-type="subject_areas">
          <subject> </subject>
      </subj-group>
      </article-categories>
      <title-group>
        <article-title>Kabbalah in the Twenty-First Century: Departure from Judaism?</article-title>
        <alt-title alt-title-type="running" />
      </title-group>
      <contrib-group>
        <contrib contrib-type="author">
          <name>
            <surname>Zelenina</surname>
            <given-names>Galina</given-names>
          </name>
          <email />
          <role content-type="1" />
          <xref ref-type="aff" rid="aff1" />
        </contrib>
        <contrib contrib-type="author">
          <name>
            <surname>Endel</surname>
            <given-names>Maria</given-names>
          </name>
          <email />
          <role content-type="2" />
          <xref ref-type="aff" rid="aff2" />
        </contrib>
        <contrib contrib-type="author">
          <name>
            <surname>Yaglom</surname>
            <given-names>Menachem</given-names>
          </name>
          <email />
          <role content-type="3" />
          <xref ref-type="aff" rid="aff3" />
        </contrib>
        <contrib contrib-type="author">
          <name>
            <surname>Yaglom</surname>
            <given-names>Esther</given-names>
          </name>
          <email />
          <role content-type="4" />
          <xref ref-type="aff" rid="aff4" />
        </contrib>
        <aff id="aff1">
          <institution />
          <addr-line content-type="addrline1" />
          <addr-line content-type="city" />
          <addr-line content-type="state" />
          <addr-line content-type="zipcode" />
          <addr-line content-type="country" />
        </aff>
        <aff id="aff2">
          <institution />
          <addr-line content-type="addrline1" />
          <addr-line content-type="city" />
          <addr-line content-type="state" />
          <addr-line content-type="zipcode" />
          <addr-line content-type="country" />
        </aff>
        <aff id="aff3">
          <institution />
          <addr-line content-type="addrline1" />
          <addr-line content-type="city" />
          <addr-line content-type="state" />
          <addr-line content-type="zipcode" />
          <addr-line content-type="country" />
        </aff>
        <aff id="aff4">
          <institution />
          <addr-line content-type="addrline1" />
          <addr-line content-type="city" />
          <addr-line content-type="state" />
          <addr-line content-type="zipcode" />
          <addr-line content-type="country" />
      </aff>
      </contrib-group>
      <pub-date pub-type="epub" />
      <pub-date pub-type="ppub" />
      <elocation-id />
      <history>
        <date data-type="received">
          <day />
          <month />
          <year>2015</year>
      </date>
      </history>
      <permissions>
        <copyright-statement>Russian Presidential Academy of National Economy and Public Administration.</copyright-statement>
        <copyright-year>© 2015</copyright-year>
      </permissions>
      <abstract>
        <b>Conversation with Russian-language scholars of Kabbalah from Moscow and Jerusalem is devoted to the history of Kabbalistic thought on the territory of Russian empire, to the peculiarities of Eastern European Hasidic mysticism and Kabbalistic aspects of contemporary Hasidism (in Russia as well as abroad) and to the reception of Kabbalah in Russian culture. Counterpoint of these topics is phenomenology and sociology of “scientific Kabbalah” by Michael Laitman — Russian-language version of a much broader phenomenon of New Age Kabbalah and attempts to practice Kabbalah outside of Jewish tradition and Judaism. This is a very widespread trend, which exists simultaneously with traditional forms of Kabbalistic studies — in religious institutions, universities and home study groups.</b>
      </abstract>
      <kwd-group>
        <kwd>Kabbalah</kwd>
        <kwd>mysticism</kwd>
        <kwd>Yehudah Ashlag</kwd>
        <kwd>Baruch Ashlag</kwd>
        <kwd>Michael Laitman</kwd>
        <kwd>Sephirot</kwd>
        <kwd>Moshe Idel</kwd>
        <kwd>Yehuda Liebes</kwd>
        <kwd>Zohar</kwd>
        <kwd>Philip S. Berg</kwd>
        <kwd>Hasidism</kwd>
        <kwd>(Free)masons.</kwd>
      </kwd-group>
      <counts>
        <table-count count="0" />
        <page-count count="0" />
      </counts>
    </article-meta>
  </front>
</article>
