<?xml version='1.0' encoding='UTF-8'?>
<article xmlns:xlink="http://www.w3.org/1999/xlink" dtd-version="1.1">
  <front>
    <journal-meta>
      <journal-id jjournal-id-type="publisher">State, Religion and Church in Russia and Worldwide</journal-id>
      <journal-title-group>
        <journal-title>Gosudarstvo, religiia, tserkov' v Rossii i za rubezhom</journal-title>
        <abbrev-journal-title abbrev-type="nlm-ta" />
      </journal-title-group>
      <issn pub-type="ppub" />
      <issn pub-type="epub" />
    </journal-meta>
    <article-meta>
      <article-id pub-id-type="manuscript" />
      <article-categories>
        <subj-group subj-group-type="article_type">
          <subject>Research article</subject>
        </subj-group>
        <subj-group subj-group-type="subject_areas" />
      </article-categories>
      <title-group>
        <article-title>Michael Laitman and His Group “Bnei Baruch”</article-title>
        <alt-title alt-title-type="running" />
      </title-group>
      <contrib-group>
        <contrib contrib-type="author">
          <name>
            <surname>Meir</surname>
            <given-names>Jonatan</given-names>
          </name>
          <email />
          <role content-type="1" />
          <xref ref-type="aff" rid="aff1" />
        </contrib>
        <aff id="aff1">
          <institution />
          <addr-line content-type="addrline1" />
          <addr-line content-type="city" />
          <addr-line content-type="state" />
          <addr-line content-type="zipcode" />
          <addr-line content-type="country" />
      </aff>
      </contrib-group>
      <pub-date pub-type="epub" />
      <pub-date pub-type="ppub" />
      <elocation-id />
      <history>
        <date data-type="received">
          <day />
          <month />
          <year>2015</year>
      </date>
      </history>
      <permissions>
        <copyright-statement>Russian Presidential Academy of National Economy and Public Administration.</copyright-statement>
        <copyright-year>© 2015</copyright-year>
      </permissions>
      <abstract>
        <b>This is an excerpt from a much bigger article devoted to several followers of Rabbi Yehudah Ashlag’s agenda who are trying to disseminate Kabbalistic ideas and practices outside of the borders of Judaism. This very excerpt analyzes teachings of Michael Laitman, a Russian-speaking student of Rabbi Baruch Ashlag, and his movement “Bnei Baruch”,which try to present Kabbalah as science and lead it out of Orthodox Judaism. Author considers Laitman’s methodology, his ideas on correction of the world and salvation from anti-Semitism through Kabbalah studies, his social ideal. In this excerpt one can also find analysis of the social context of the movement, Laitman’s competition with another representative of New Age Kabbalah Shraga Feivel (Philip) Berg, strategies of gaining popularity and complicated relations with Jewish Orthodoxy.</b>
      </abstract>
      <kwd-group>
        <kwd>Michael Laitman</kwd>
        <kwd>Bnei Baruch</kwd>
        <kwd>Baruсh Ashlag</kwd>
        <kwd>Philip S. Berg</kwd>
        <kwd>Kabbalah</kwd>
        <kwd>Anti-Semitism</kwd>
        <kwd>New Age.</kwd>
      </kwd-group>
      <counts>
        <table-count count="0" />
        <page-count count="0" />
      </counts>
    </article-meta>
  </front>
</article>
