<?xml version='1.0' encoding='UTF-8'?>
<article xmlns:xlink="http://www.w3.org/1999/xlink" dtd-version="1.1">
  <front>
    <journal-meta>
      <journal-id jjournal-id-type="publisher">State, Religion and Church in Russia and Worldwide</journal-id>
      <journal-title-group>
        <journal-title>Gosudarstvo, religiia, tserkov' v Rossii i za rubezhom</journal-title>
        <abbrev-journal-title abbrev-type="nlm-ta" />
      </journal-title-group>
      <issn pub-type="ppub" />
      <issn pub-type="epub" />
    </journal-meta>
    <article-meta>
      <article-id pub-id-type="manuscript" />
      <article-categories>
        <subj-group subj-group-type="article_type">
          <subject>Research article</subject>
        </subj-group>
        <subj-group subj-group-type="subject_areas" />
      </article-categories>
      <title-group>
        <article-title>From Evrei to Iudei: Turning or Returning to Faith?</article-title>
        <alt-title alt-title-type="running" />
      </title-group>
      <contrib-group>
        <contrib contrib-type="author">
          <name>
            <surname>Sapritsky</surname>
            <given-names>Marina</given-names>
          </name>
          <email />
          <role content-type="1" />
          <xref ref-type="aff" rid="aff1" />
        </contrib>
        <aff id="aff1">
          <institution />
          <addr-line content-type="addrline1" />
          <addr-line content-type="city" />
          <addr-line content-type="state" />
          <addr-line content-type="zipcode" />
          <addr-line content-type="country" />
      </aff>
      </contrib-group>
      <pub-date pub-type="epub" />
      <pub-date pub-type="ppub" />
      <elocation-id />
      <history>
        <date data-type="received">
          <day />
          <month />
          <year>2015</year>
      </date>
      </history>
      <permissions>
        <copyright-statement>Russian Presidential Academy of National Economy and Public Administration.</copyright-statement>
        <copyright-year>© 2015</copyright-year>
      </permissions>
      <abstract>
        <b>Since the collapse of state socialism, Ukraine has been exposed to dramatic transformations in its religious landscape. This article analyses the effects of religious revival among the Jewish population of Odessa. It considers different trajectories and motivations of turning to faith and various ways to come to terms with religious observance, as well as controversies that these practices imply. The article also deals with how the new religiosity affects family relations. The author argues that for the most part newly observing Jews look at Judaism as a new way of being Jewish rather than a return to their familial legacy. In general, the author characterizes post-Soviet religiosity in Odessa as “religious adherence” in the sense of a state of mind as well as a space for the formation of spiritual life. This “religious adherence” leads to a new direction in perception of Jewish identity without entailing “full” observance ” Religious adherence” thus may include full, partial, short or long-term dedication to Judaism, which is seen as either a complementary to the old worldview or a replacement of it.</b>
      </abstract>
      <kwd-group>
        <kwd>religious revival</kwd>
        <kwd>Judaism</kwd>
        <kwd>Ukraine</kwd>
        <kwd>Jewish identity</kwd>
        <kwd>community</kwd>
        <kwd>migration.</kwd>
      </kwd-group>
      <counts>
        <table-count count="0" />
        <page-count count="0" />
      </counts>
    </article-meta>
  </front>
</article>
