<?xml version='1.0' encoding='UTF-8'?>
<article xmlns:xlink="http://www.w3.org/1999/xlink" dtd-version="1.1">
  <front>
    <journal-meta>
      <journal-id jjournal-id-type="publisher">State, Religion and Church in Russia and Worldwide</journal-id>
      <journal-title-group>
        <journal-title>Gosudarstvo, religiia, tserkov' v Rossii i za rubezhom</journal-title>
        <abbrev-journal-title abbrev-type="nlm-ta" />
      </journal-title-group>
      <issn pub-type="ppub" />
      <issn pub-type="epub" />
    </journal-meta>
    <article-meta>
      <article-id pub-id-type="manuscript" />
      <article-categories>
        <subj-group subj-group-type="article_type">
          <subject>Research article</subject>
        </subj-group>
        <subj-group subj-group-type="subject_areas" />
      </article-categories>
      <title-group>
        <article-title>The New Religious Constellations in the Frameworks of Contemporary Globalization and Civilizational Transformation</article-title>
        <alt-title alt-title-type="running" />
      </title-group>
      <contrib-group>
        <contrib contrib-type="author">
          <name>
            <surname>Eisenstadt</surname>
            <given-names>Shmuel N.</given-names>
          </name>
          <email />
          <role content-type="1" />
          <xref ref-type="aff" rid="aff1" />
        </contrib>
        <aff id="aff1">
          <institution />
          <addr-line content-type="addrline1" />
          <addr-line content-type="city" />
          <addr-line content-type="state" />
          <addr-line content-type="zipcode" />
          <addr-line content-type="country" />
      </aff>
      </contrib-group>
      <pub-date pub-type="epub" />
      <pub-date pub-type="ppub" />
      <elocation-id />
      <history>
        <date data-type="received">
          <day />
          <month />
          <year>2012</year>
      </date>
      </history>
      <permissions>
        <copyright-statement>Russian Presidential Academy of National Economy and Public Administration.</copyright-statement>
        <copyright-year>© 2012</copyright-year>
      </permissions>
      <abstract>
        <b>This article deals with the new global civilizational constellations which are evolving before our eyes. These new constellations emerge by virtue of the ongoing social, political, institutional and cultural transformations. Unprecedented religious trends matter much in the course of these transformations: they lead to the emergence of new identities; transnational religious and ethnic movements, which act beyond national borders and undermine the classical idea of nation-al-state sovereignty; the decrease of the power of traditional hegemonies; and in general to the crisis of the entire global order.</b>
      </abstract>
      <kwd-group>
        <kwd>multiple modernities</kwd>
        <kwd>globalization</kwd>
        <kwd>civilization</kwd>
        <kwd>religious transformations</kwd>
        <kwd>transnational movements.</kwd>
      </kwd-group>
      <counts>
        <table-count count="0" />
        <page-count count="0" />
      </counts>
    </article-meta>
  </front>
</article>
