<?xml version='1.0' encoding='UTF-8'?>
<article xmlns:xlink="http://www.w3.org/1999/xlink" dtd-version="1.1">
  <front>
    <journal-meta>
      <journal-id jjournal-id-type="publisher">State, Religion and Church in Russia and Worldwide</journal-id>
      <journal-title-group>
        <journal-title>Gosudarstvo, religiia, tserkov' v Rossii i za rubezhom</journal-title>
        <abbrev-journal-title abbrev-type="nlm-ta" />
      </journal-title-group>
      <issn pub-type="ppub" />
      <issn pub-type="epub" />
    </journal-meta>
    <article-meta>
      <article-id pub-id-type="manuscript" />
      <article-categories>
        <subj-group subj-group-type="article_type">
          <subject>Research article</subject>
        </subj-group>
        <subj-group subj-group-type="subject_areas" />
      </article-categories>
      <title-group>
        <article-title>European Integration and Russian Orthodoxy: Two Multiple Modernities Perspectives</article-title>
        <alt-title alt-title-type="running" />
      </title-group>
      <contrib-group>
        <contrib contrib-type="author">
          <name>
            <surname>Stoeckl</surname>
            <given-names>Kristina</given-names>
          </name>
          <email />
          <role content-type="1" />
          <xref ref-type="aff" rid="aff1" />
        </contrib>
        <aff id="aff1">
          <institution />
          <addr-line content-type="addrline1" />
          <addr-line content-type="city" />
          <addr-line content-type="state" />
          <addr-line content-type="zipcode" />
          <addr-line content-type="country" />
      </aff>
      </contrib-group>
      <pub-date pub-type="epub" />
      <pub-date pub-type="ppub" />
      <elocation-id />
      <history>
        <date data-type="received">
          <day />
          <month />
          <year>2012</year>
      </date>
      </history>
      <permissions>
        <copyright-statement>Russian Presidential Academy of National Economy and Public Administration.</copyright-statement>
        <copyright-year>© 2012</copyright-year>
      </permissions>
      <abstract>
        <b>This article introduces a distinction in the paradigm of multiple modernities between a comparative-civilizational and a post-secular perspective. It argues that the first, comparative-civilizational perspective, helps to understand modernization-processes in large cultural-civilizational units; whereas the second, post-secular viewpoint, focuses on actors and cultural domains within civilizational units and on inter-civilizational crossovers. The two perspectives are complementary. What we gain from this distinction is greater precision in the use of multiple modernities for explaining the place of religion in modern societies. The example of Russian Orthodoxy is used for clarifying the difference between these two perspectives: whereas from a comparative-civilizational view-point, Russian Orthodoxy may appear as Europe’s ‘other’; from a post-secular viewpoint, Orthodox religion is part of Europe’s religious pluralist landscape and partakes in an ongoing process of defining the meaning of European political and cultural integration.</b>
      </abstract>
      <kwd-group>
        <kwd>multiple modernities</kwd>
        <kwd>post-secularism</kwd>
        <kwd>Habermas</kwd>
        <kwd>European integration</kwd>
        <kwd>Russian Orthodoxy.</kwd>
      </kwd-group>
      <counts>
        <table-count count="0" />
        <page-count count="0" />
      </counts>
    </article-meta>
  </front>
</article>
