<?xml version='1.0' encoding='UTF-8'?>
<article xmlns:xlink="http://www.w3.org/1999/xlink" dtd-version="1.1">
  <front>
    <journal-meta>
      <journal-id jjournal-id-type="publisher">State, Religion and Church in Russia and Worldwide</journal-id>
      <journal-title-group>
        <journal-title>Gosudarstvo, religiia, tserkov' v Rossii i za rubezhom</journal-title>
        <abbrev-journal-title abbrev-type="nlm-ta" />
      </journal-title-group>
      <issn pub-type="ppub" />
      <issn pub-type="epub" />
    </journal-meta>
    <article-meta>
      <article-id pub-id-type="manuscript" />
      <article-categories>
        <subj-group subj-group-type="article_type">
          <subject>Research article</subject>
        </subj-group>
        <subj-group subj-group-type="subject_areas" />
      </article-categories>
      <title-group>
        <article-title>‘Multiple Modernities’, Russia’s ‘Cursed Issues’ and the Endurance of Secular Modernity (a Theoretical Essay)</article-title>
        <alt-title alt-title-type="running" />
      </title-group>
      <contrib-group>
        <contrib contrib-type="author">
          <name>
            <surname>Agadjanian</surname>
            <given-names>Alexander</given-names>
          </name>
          <email />
          <role content-type="1" />
          <xref ref-type="aff" rid="aff1" />
        </contrib>
        <aff id="aff1">
          <institution />
          <addr-line content-type="addrline1" />
          <addr-line content-type="city" />
          <addr-line content-type="state" />
          <addr-line content-type="zipcode" />
          <addr-line content-type="country" />
      </aff>
      </contrib-group>
      <pub-date pub-type="epub" />
      <pub-date pub-type="ppub" />
      <elocation-id />
      <history>
        <date data-type="received">
          <day />
          <month />
          <year>2012</year>
      </date>
      </history>
      <permissions>
        <copyright-statement>Russian Presidential Academy of National Economy and Public Administration.</copyright-statement>
        <copyright-year>© 2012</copyright-year>
      </permissions>
      <abstract>
        <b>Russia provides interesting material to test Eisentadt’s hypothesis of ‘multiple modernities’ and the idea that such alleged ‘multiplicity’ is determined by the differences of religious traditions. I argue that in Russia all attempts at modernization, starting from Peter the Great and including its Soviet version, were oriented towards the western ‘cultural program of modernity’, as an ideal type, rather than toward creating some special ‘Russian pattern’ of it. I also believe that secularism has always been and continues to be an inalienable part of this ‘western modernity’, and therefore, in Russia, all Christian Orthodox discourses and religiously-inspired movements led not so much to the encoding of modernity with some special religious meanings, but rather to implicit modernization, or adaptation of religion itself—even in spite of Russian Orthodoxy’s explicitly anti-modern posture. Overall, my perception is that some widespread interpretations of Eisenstadt’s idea go a way too far towards emphasizing multiplicity, and that the concept of ‘postsecular’ should be used very cautiously.</b>
      </abstract>
      <kwd-group>
        <kwd>Russia</kwd>
        <kwd>multiple modernities</kwd>
        <kwd>secularism</kwd>
        <kwd>postsecular.</kwd>
      </kwd-group>
      <counts>
        <table-count count="0" />
        <page-count count="0" />
      </counts>
    </article-meta>
  </front>
</article>
