<?xml version='1.0' encoding='UTF-8'?>
<article xmlns:xlink="http://www.w3.org/1999/xlink" dtd-version="1.1">
  <front>
    <journal-meta>
      <journal-id jjournal-id-type="publisher">State, Religion and Church in Russia and Worldwide</journal-id>
      <journal-title-group>
        <journal-title>Gosudarstvo, religiia, tserkov' v Rossii i za rubezhom</journal-title>
        <abbrev-journal-title abbrev-type="nlm-ta" />
      </journal-title-group>
      <issn pub-type="ppub" />
      <issn pub-type="epub" />
    </journal-meta>
    <article-meta>
      <article-id pub-id-type="manuscript" />
      <article-categories>
        <subj-group subj-group-type="article_type">
          <subject>Research article</subject>
        </subj-group>
        <subj-group subj-group-type="subject_areas" />
      </article-categories>
      <title-group>
        <article-title>The Turkish Laboratory: Alternative Modernity and the Post-Secular in Turkey</article-title>
        <alt-title alt-title-type="running" />
      </title-group>
      <contrib-group>
        <contrib contrib-type="author">
          <name>
            <surname>(1969–2014)</surname>
            <given-names>Massimo † Rosati</given-names>
          </name>
          <email />
          <role content-type="1" />
          <xref ref-type="aff" rid="aff1" />
        </contrib>
        <aff id="aff1">
          <institution />
          <addr-line content-type="addrline1" />
          <addr-line content-type="city" />
          <addr-line content-type="state" />
          <addr-line content-type="zipcode" />
          <addr-line content-type="country" />
      </aff>
      </contrib-group>
      <pub-date pub-type="epub" />
      <pub-date pub-type="ppub" />
      <elocation-id />
      <history>
        <date data-type="received">
          <day />
          <month />
          <year>2012</year>
      </date>
      </history>
      <permissions>
        <copyright-statement>Russian Presidential Academy of National Economy and Public Administration.</copyright-statement>
        <copyright-year>© 2012</copyright-year>
      </permissions>
      <abstract>
        <b>It is well known that Turkey is a country in a state of flux. The ongoing transi- tion from a Kemalist ideology to a post-Kemalist one has a deep impact on many different levels and domains of the Turkish national life. The Western-like profile of the Kemalist project of modernization is starting to leave room for alternative forms and understandings of modernity. From international relations and foreign policy to TV soap operas and fictions, just to mention two relevant and different examples, Turkey seems in search for herself. Part and parcel of this making of a new way to modernity is a revision of the idea of secularization and a move towards a new understanding of the place and role of religion (s) in national life. In other words, the shaping of an alternative form of modernity is parallel to a deep and highly contested revision of the Kemalist understanding of secularization. The paper will try to draw from the Turkish case some general consideration on the very idea of the postsecular, and its relationship with the notion of multiple modernities.</b>
      </abstract>
      <kwd-group>
        <kwd>Turkey</kwd>
        <kwd>Atatürk</kwd>
        <kwd>Hrant Dink</kwd>
        <kwd>modernization</kwd>
        <kwd>Modernity</kwd>
        <kwd>secularism</kwd>
        <kwd>Kemalism</kwd>
        <kwd>post-secular</kwd>
        <kwd>post-secular shrines.</kwd>
      </kwd-group>
      <counts>
        <table-count count="0" />
        <page-count count="0" />
      </counts>
    </article-meta>
  </front>
</article>
