<?xml version='1.0' encoding='UTF-8'?>
<article xmlns:xlink="http://www.w3.org/1999/xlink" dtd-version="1.1">
  <front>
    <journal-meta>
      <journal-id jjournal-id-type="publisher">State, Religion and Church in Russia and Worldwide</journal-id>
      <journal-title-group>
        <journal-title>Gosudarstvo, religiia, tserkov' v Rossii i za rubezhom</journal-title>
        <abbrev-journal-title abbrev-type="nlm-ta" />
      </journal-title-group>
      <issn pub-type="ppub" />
      <issn pub-type="epub" />
    </journal-meta>
    <article-meta>
      <article-id pub-id-type="manuscript" />
      <article-categories>
        <subj-group subj-group-type="article_type">
          <subject>Research article</subject>
        </subj-group>
        <subj-group subj-group-type="subject_areas" />
      </article-categories>
      <title-group>
        <article-title>Pentecostalism: Transnational Voluntarism in the Global Religious Economy</article-title>
        <alt-title alt-title-type="running" />
      </title-group>
      <contrib-group>
        <contrib contrib-type="author">
          <name>
            <surname>Martin</surname>
            <given-names>David</given-names>
          </name>
          <email />
          <role content-type="1" />
          <xref ref-type="aff" rid="aff1" />
        </contrib>
        <aff id="aff1">
          <institution />
          <addr-line content-type="addrline1" />
          <addr-line content-type="city" />
          <addr-line content-type="state" />
          <addr-line content-type="zipcode" />
          <addr-line content-type="country" />
      </aff>
      </contrib-group>
      <pub-date pub-type="epub" />
      <pub-date pub-type="ppub" />
      <elocation-id />
      <history>
        <date data-type="received">
          <day />
          <month />
          <year>2012</year>
      </date>
      </history>
      <permissions>
        <copyright-statement>Russian Presidential Academy of National Economy and Public Administration.</copyright-statement>
        <copyright-year>© 2012</copyright-year>
      </permissions>
      <abstract>
        <b>This article deals with the phenomenon of global Pentecostalism, which, together with the other charismatic movements, is the fastest growing form of Christianity in most regions of the ‘Global South’ (especially in Latin Ameri- ca and Africa). The spread of Pentecostalism leads not only to a new format of inter-religious relations, but also to the aggravation of the contradictions between the logic of nation-states and the logic of transnational movements, which go across national borders. The most important question touched by the author is the following: Does the spread of Pentecostalism give rise to a new form of modernity, different from both European and American, or is it just a mean that allows some African or Latin American societies to catch up with secular capitalism?</b>
      </abstract>
      <kwd-group>
        <kwd>Pentecostalism</kwd>
        <kwd>multiple modernities</kwd>
        <kwd>globalization</kwd>
        <kwd>religious transformations</kwd>
        <kwd>transnational movements.</kwd>
      </kwd-group>
      <counts>
        <table-count count="0" />
        <page-count count="0" />
      </counts>
    </article-meta>
  </front>
</article>
