<?xml version='1.0' encoding='UTF-8'?>
<article xmlns:xlink="http://www.w3.org/1999/xlink" dtd-version="1.1">
  <front>
    <journal-meta>
      <journal-id jjournal-id-type="publisher">State, Religion and Church in Russia and Worldwide</journal-id>
      <journal-title-group>
        <journal-title>Gosudarstvo, religiia, tserkov' v Rossii i za rubezhom</journal-title>
        <abbrev-journal-title abbrev-type="nlm-ta" />
      </journal-title-group>
      <issn pub-type="ppub" />
      <issn pub-type="epub" />
    </journal-meta>
    <article-meta>
      <article-id pub-id-type="manuscript" />
      <article-categories>
        <subj-group subj-group-type="article_type">
          <subject>Research article</subject>
        </subj-group>
        <subj-group subj-group-type="subject_areas" />
      </article-categories>
      <title-group>
        <article-title>Thomas Aquinas. On Faith and Religion</article-title>
        <alt-title alt-title-type="running" />
      </title-group>
      <contrib-group>
        <contrib contrib-type="author">
          <name>
            <surname />
            <given-names />
          </name>
          <email />
          <role content-type="1" />
          <xref ref-type="aff" rid="aff1" />
        </contrib>
        <aff id="aff1">
          <institution />
          <addr-line content-type="addrline1" />
          <addr-line content-type="city" />
          <addr-line content-type="state" />
          <addr-line content-type="zipcode" />
          <addr-line content-type="country" />
      </aff>
      </contrib-group>
      <pub-date pub-type="epub" />
      <pub-date pub-type="ppub" />
      <elocation-id />
      <history>
        <date data-type="received">
          <day />
          <month />
          <year>2012</year>
      </date>
      </history>
      <permissions>
        <copyright-statement>Russian Presidential Academy of National Economy and Public Administration.</copyright-statement>
        <copyright-year>© 2012</copyright-year>
      </permissions>
      <abstract>
        <b>According to Thomas Aquinas, the question about the relation between faith (fides) and religion (religio) is a question about the relation between content of revelation (beliefs) and external religious practice. In addressing this question, Thomas partly demonstrates his dependence on the legacy of his predecessors (Lactantius, Augustine, Pseudo-Dionysius), and partly shows considerable originality, connected mainly to the new ideas he has introduced into Catholic theology. Translation of articles from ‘Summa Theologiae’ and ‘In Boethium De Trinitate’ published here demonstrates, among other things, the impact that reception of new translations of Aristotle had on the Catholic ethics.</b>
      </abstract>
      <kwd-group>
        <kwd>Thomas Aquinas</kwd>
        <kwd>Middle Ages</kwd>
        <kwd>Catholic theology</kwd>
        <kwd>Christian ethics</kwd>
        <kwd>theological and moral virtues..</kwd>
      </kwd-group>
      <counts>
        <table-count count="0" />
        <page-count count="0" />
      </counts>
    </article-meta>
  </front>
</article>
