<?xml version='1.0' encoding='UTF-8'?>
<article xmlns:xlink="http://www.w3.org/1999/xlink" dtd-version="1.1">
  <front>
    <journal-meta>
      <journal-id jjournal-id-type="publisher">GRC</journal-id>
      <journal-title-group>
        <journal-title>Gosudarstvo, religiia, tserkov' v Rossii i za rubezhom </journal-title>
        <abbrev-journal-title abbrev-type="nlm-ta" />
      </journal-title-group>
      <issn pub-type="ppub" />
      <issn pub-type="epub" />
    </journal-meta>
    <article-meta>
      <article-id pub-id-type="manuscript" />
      <article-categories>
        <subj-group subj-group-type="article_type">
          <subject>Research Letter</subject>
        </subj-group>
        <subj-group subj-group-type="subject_areas">
          <subject> </subject>
      </subj-group>
      </article-categories>
      <title-group>
        <article-title>The “Last Times”: the Perception of Time by Residents of the Russian Province in the First Half of the 20th Century</article-title>
        <alt-title alt-title-type="running" />
      </title-group>
      <contrib-group>
        <contrib contrib-type="author">
          <name>
            <surname>Kazankov</surname>
            <given-names>Alexander</given-names>
          </name>
          <email />
          <role content-type="1" />
          <xref ref-type="aff" rid="aff1" />
        </contrib>
        <aff id="aff1">
          <institution />
          <addr-line content-type="addrline1" />
          <addr-line content-type="city" />
          <addr-line content-type="state" />
          <addr-line content-type="zipcode" />
          <addr-line content-type="country" />
      </aff>
      </contrib-group>
      <pub-date pub-type="epub" />
      <pub-date pub-type="ppub" />
      <elocation-id />
      <history>
        <date data-type="received">
          <day />
          <month />
          <year>2015</year>
      </date>
      </history>
      <permissions>
        <copyright-statement />
        <copyright-year />
      </permissions>
      <abstract>
        <b>The article presents a phenomenological interpretation of the experience of time by the inhabitants of villages and small towns in Western Ural. The study draws upon the primary sources from the Perm State Archive of Contemporary History. The author’s aim is to analyze investigation files of Orthodox clergy and other “church people” and to identify mental structures related to the perception of time. The primary structure that defines the basis of time orientation was the tradition of the annual Church calendar of feasts and fasts. The secondary structure was the idea of the “three ages of life” sometimes marked by the rites of passage. A special feature of the perception of time was a clear rise of apocalyptic expectations at the turn of 1920–1930s (“the last times are coming”).</b>
      </abstract>
      <kwd-group>
        <kwd>Orthodox Church</kwd>
        <kwd>the clergy</kwd>
        <kwd>“church people”</kwd>
        <kwd>time</kwd>
        <kwd>Soviet Russia.</kwd>
      </kwd-group>
      <counts>
        <table-count count="0" />
        <page-count count="0" />
      </counts>
    </article-meta>
  </front>
</article>
