<?xml version='1.0' encoding='UTF-8'?>
<article xmlns:xlink="http://www.w3.org/1999/xlink" dtd-version="1.1">
  <front>
    <journal-meta>
      <journal-id jjournal-id-type="publisher">GRC</journal-id>
      <journal-title-group>
        <journal-title>Gosudarstvo, religiia, tserkov' v Rossii i za rubezhom </journal-title>
        <abbrev-journal-title abbrev-type="nlm-ta" />
      </journal-title-group>
      <issn pub-type="ppub" />
      <issn pub-type="epub" />
    </journal-meta>
    <article-meta>
      <article-id pub-id-type="manuscript" />
      <article-categories>
        <subj-group subj-group-type="article_type">
          <subject>Research Letter</subject>
        </subj-group>
        <subj-group subj-group-type="subject_areas">
          <subject> </subject>
      </subj-group>
      </article-categories>
      <title-group>
        <article-title>Homily on the First Day of the New Year. Christianity and Progress (1860)</article-title>
        <alt-title alt-title-type="running" />
      </title-group>
      <contrib-group>
        <contrib contrib-type="author">
          <name>
            <surname>(Brovkovich)</surname>
            <given-names>Archbishop Nicanor</given-names>
          </name>
          <email />
          <role content-type="1" />
          <xref ref-type="aff" rid="aff1" />
        </contrib>
        <aff id="aff1">
          <institution />
          <addr-line content-type="addrline1" />
          <addr-line content-type="city" />
          <addr-line content-type="state" />
          <addr-line content-type="zipcode" />
          <addr-line content-type="country" />
      </aff>
      </contrib-group>
      <pub-date pub-type="epub" />
      <pub-date pub-type="ppub" />
      <elocation-id />
      <history>
        <date data-type="received">
          <day />
          <month />
          <year>2015</year>
      </date>
      </history>
      <permissions>
        <copyright-statement />
        <copyright-year />
      </permissions>
      <abstract>
        <b>The text of Archimandrite Nicanor is dedicated to Christian reception of the idea of “progress of humankind”. For Archimandrite Nicanor, the purpose of mankind, according to the idea of progress, is the dispensation of the paradise on Earth in separation from religion. The origins of such an anti-Christian doctrine are both materialism and pantheistic idealism. These doctrines are based on the belief in infinite improvement of mankind, whereas the scientific evidence suggests a growing entropy in the material world. The author opposes Christian eschatology to the doctrine of the progress. Christianity focuses on a person’s moral improvement rather than material values.</b>
      </abstract>
      <kwd-group>
        <kwd>Archbishop Nicanor (Brovkovich)</kwd>
        <kwd>philosophy</kwd>
        <kwd>progress</kwd>
        <kwd>Christianity</kwd>
        <kwd>pantheism</kwd>
        <kwd>idealism</kwd>
        <kwd>materialism.</kwd>
      </kwd-group>
      <counts>
        <table-count count="0" />
        <page-count count="0" />
      </counts>
    </article-meta>
  </front>
</article>
