<?xml version='1.0' encoding='UTF-8'?>
<article xmlns:xlink="http://www.w3.org/1999/xlink" dtd-version="1.1">
  <front>
    <journal-meta>
      <journal-id jjournal-id-type="publisher">GRC</journal-id>
      <journal-title-group>
        <journal-title>Gosudarstvo, religiia, tserkov' v Rossii i za rubezhom </journal-title>
        <abbrev-journal-title abbrev-type="nlm-ta" />
      </journal-title-group>
      <issn pub-type="ppub" />
      <issn pub-type="epub" />
    </journal-meta>
    <article-meta>
      <article-id pub-id-type="manuscript" />
      <article-categories>
        <subj-group subj-group-type="article_type">
          <subject>Research Letter</subject>
        </subj-group>
        <subj-group subj-group-type="subject_areas">
          <subject> </subject>
      </subj-group>
      </article-categories>
      <title-group>
        <article-title>Occultism and Romanticism as Two Forms of “Secularized Esotericism” of the 19th – Early 20th Centuries</article-title>
        <alt-title alt-title-type="running" />
      </title-group>
      <contrib-group>
        <contrib contrib-type="author">
          <name>
            <surname>Nosachev</surname>
            <given-names>Pavel</given-names>
          </name>
          <email />
          <role content-type="1" />
          <xref ref-type="aff" rid="aff1" />
        </contrib>
        <aff id="aff1">
          <institution />
          <addr-line content-type="addrline1" />
          <addr-line content-type="city" />
          <addr-line content-type="state" />
          <addr-line content-type="zipcode" />
          <addr-line content-type="country" />
      </aff>
      </contrib-group>
      <pub-date pub-type="epub" />
      <pub-date pub-type="ppub" />
      <elocation-id />
      <history>
        <date data-type="received">
          <day />
          <month />
          <year>2015</year>
      </date>
      </history>
      <permissions>
        <copyright-statement />
        <copyright-year />
      </permissions>
      <abstract>
        <b>Based upon the theories of Western researchers such as W. Hanegraaff, A. Faivre, and E. Asprem, the paper offers an analysis of the relationship between science and “Western esotericism” in the 19th and early 20th century. It discusses the theory of “secularization of Western esotericism” that led to the formation of the two new distinct forms: “romanticism” and “occultism”. The fault line that divides them was the attitude toward modern science. “Occultism” of E. Blavatsky, A. Besant, C. Leadbeater, R. Steiner, A. Saint-Yves d’Alveydre, Papus, A. Stoker, and the Society for Psychical Research, was a form of adaptation of esotericism to new scientific, positivistic worldviews and procedures. By contrast, “romanticism,” represented by the “new alchemy” and “integral traditionalism,” asserted incompatibility of esotericism and science and promoted esoteric knowledge as an irreconcilable alternative to the modern worldview.</b>
      </abstract>
      <kwd-group>
        <kwd>Western esotericism</kwd>
        <kwd>secularization of esotericism</kwd>
        <kwd>“occultism”</kwd>
        <kwd>“romantism”</kwd>
        <kwd>W. Haegraaff</kwd>
        <kwd>A. Faivre</kwd>
        <kwd>E. Asprem</kwd>
        <kwd>theosophy</kwd>
        <kwd>anthroposophy</kwd>
        <kwd>integral traditionalism</kwd>
        <kwd>new alchemy.</kwd>
      </kwd-group>
      <counts>
        <table-count count="0" />
        <page-count count="0" />
      </counts>
    </article-meta>
  </front>
</article>
