<?xml version='1.0' encoding='UTF-8'?>
<article xmlns:xlink="http://www.w3.org/1999/xlink" dtd-version="1.1">
  <front>
    <journal-meta>
      <journal-id jjournal-id-type="publisher">GRC</journal-id>
      <journal-title-group>
        <journal-title>Gosudarstvo, religiia, tserkov' v Rossii i za rubezhom </journal-title>
        <abbrev-journal-title abbrev-type="nlm-ta" />
      </journal-title-group>
      <issn pub-type="ppub" />
      <issn pub-type="epub" />
    </journal-meta>
    <article-meta>
      <article-id pub-id-type="manuscript" />
      <article-categories>
        <subj-group subj-group-type="article_type">
          <subject>Research Letter</subject>
        </subj-group>
        <subj-group subj-group-type="subject_areas">
          <subject> </subject>
      </subj-group>
      </article-categories>
      <title-group>
        <article-title>The “Conflict Thesis” and Scientific Naturalism</article-title>
        <alt-title alt-title-type="running" />
      </title-group>
      <contrib-group>
        <contrib contrib-type="author">
          <name>
            <surname>Lightman</surname>
            <given-names>Bernard</given-names>
          </name>
          <email />
          <role content-type="1" />
          <xref ref-type="aff" rid="aff1" />
        </contrib>
        <aff id="aff1">
          <institution />
          <addr-line content-type="addrline1" />
          <addr-line content-type="city" />
          <addr-line content-type="state" />
          <addr-line content-type="zipcode" />
          <addr-line content-type="country" />
      </aff>
      </contrib-group>
      <pub-date pub-type="epub" />
      <pub-date pub-type="ppub" />
      <elocation-id />
      <history>
        <date data-type="received">
          <day />
          <month />
          <year>2015</year>
      </date>
      </history>
      <permissions>
        <copyright-statement />
        <copyright-year />
      </permissions>
      <abstract>
        <b>The zoologist Thomas Henry Huxley, along with his friends, physicist John Tyndall and evolutionist philosopher Herbert Spencer have been central to all accounts of the history of science-religion relationships in the 19th century. Before 1970s, when the “conflict thesis” widely dominated, these “scientific naturalists” were presented as heroes of science, courageous defenders of the theory of evolution from the assaults of Christian reactionaries. However, from 1970s on, the historians started to question the “conflict thesis”, and a new, “complexity thesis” has been formulated. The real position of Huxley and his colleagues turned out to be unclear in this new historiographic perspective: can we extend the “complexity thesis” to their thought? This paper is trying to find an uneasy answer to this question.</b>
      </abstract>
      <kwd-group>
        <kwd>Thomas Henry Huxley</kwd>
        <kwd>John Tyndall</kwd>
        <kwd>Herbert Spencer</kwd>
        <kwd>evolution</kwd>
        <kwd>conflict thesis</kwd>
        <kwd>complexity thesis</kwd>
        <kwd>natural theology</kwd>
        <kwd>theodicy</kwd>
        <kwd>eschatology</kwd>
        <kwd>James Moore</kwd>
        <kwd>Frank Turner</kwd>
        <kwd>Geoffrey Cantor.</kwd>
      </kwd-group>
      <counts>
        <table-count count="0" />
        <page-count count="0" />
      </counts>
    </article-meta>
  </front>
</article>
