<?xml version='1.0' encoding='UTF-8'?>
<article xmlns:xlink="http://www.w3.org/1999/xlink" dtd-version="1.1">
  <front>
    <journal-meta>
      <journal-id jjournal-id-type="publisher">GRC</journal-id>
      <journal-title-group>
        <journal-title>Gosudarstvo, religiia, tserkov' v Rossii i za rubezhom </journal-title>
        <abbrev-journal-title abbrev-type="nlm-ta" />
      </journal-title-group>
      <issn pub-type="ppub" />
      <issn pub-type="epub" />
    </journal-meta>
    <article-meta>
      <article-id pub-id-type="manuscript" />
      <article-categories>
        <subj-group subj-group-type="article_type">
          <subject>Research Letter</subject>
        </subj-group>
        <subj-group subj-group-type="subject_areas">
          <subject> </subject>
      </subj-group>
      </article-categories>
      <title-group>
        <article-title>Beyond the Conflict Thesis. Edward Drinker Cope and the Neo-Lamarckian “Compromise” in the 19th Century</article-title>
        <alt-title alt-title-type="running" />
      </title-group>
      <contrib-group>
        <contrib contrib-type="author">
          <name>
            <surname>Ceccarelli</surname>
            <given-names>David</given-names>
          </name>
          <email />
          <role content-type="1" />
          <xref ref-type="aff" rid="aff1" />
        </contrib>
        <aff id="aff1">
          <institution />
          <addr-line content-type="addrline1" />
          <addr-line content-type="city" />
          <addr-line content-type="state" />
          <addr-line content-type="zipcode" />
          <addr-line content-type="country" />
      </aff>
      </contrib-group>
      <pub-date pub-type="epub" />
      <pub-date pub-type="ppub" />
      <elocation-id />
      <history>
        <date data-type="received">
          <day />
          <month />
          <year>2015</year>
      </date>
      </history>
      <permissions>
        <copyright-statement />
        <copyright-year />
      </permissions>
      <abstract>
        <b>This essay aims to critically rethink the relation between the historiographical categorizations provided by the “conflict thesis” and the American controversies on evolution by analyzing the construction of biological and theological discourses which featured the works of Edward Drinker Cope, leader of the so-called “American school Neo-Lamarckism”. As an authority in the American scientific community of the second half of the nineteenth century, Cope set forth a new conceptualization of design in nature based upon the active role displayed by organisms during their life. This assumption, in his own words, implied the reintroduction of theism in nature. Such case study, we argue, represents not only a great testimony of the permeable boundaries which characterized the interaction between scientific and extra-scientific discourses in the 19th century. It also seems to undermine the conflict argument as well as the idea that warfare was the norm in the American reception of Darwinism.</b>
      </abstract>
      <kwd-group>
        <kwd>conflict thesis</kwd>
        <kwd>Neo-Lamarckism</kwd>
        <kwd>post-Darwinian controversies</kwd>
        <kwd>Edward Drinker Cope</kwd>
        <kwd>design argument</kwd>
        <kwd>evolution</kwd>
        <kwd>teleology.</kwd>
      </kwd-group>
      <counts>
        <table-count count="0" />
        <page-count count="0" />
      </counts>
    </article-meta>
  </front>
</article>
