<?xml version='1.0' encoding='UTF-8'?>
<article xmlns:xlink="http://www.w3.org/1999/xlink" dtd-version="1.1">
  <front>
    <journal-meta>
      <journal-id jjournal-id-type="publisher">GRC</journal-id>
      <journal-title-group>
        <journal-title>Gosudarstvo, religiia, tserkov' v Rossii i za rubezhom </journal-title>
        <abbrev-journal-title abbrev-type="nlm-ta" />
      </journal-title-group>
      <issn pub-type="ppub" />
      <issn pub-type="epub" />
    </journal-meta>
    <article-meta>
      <article-id pub-id-type="manuscript" />
      <article-categories>
        <subj-group subj-group-type="article_type">
          <subject>Research Letter</subject>
        </subj-group>
        <subj-group subj-group-type="subject_areas">
          <subject> </subject>
      </subj-group>
      </article-categories>
      <title-group>
        <article-title>The Level of Muslim Religiosity in the Middle Volga and Ural Regions According to Soviet Sociological Surveys (1966–1991)</article-title>
        <alt-title alt-title-type="running" />
      </title-group>
      <contrib-group>
        <contrib contrib-type="author">
          <name>
            <surname>Kildeyev</surname>
            <given-names>Mansour</given-names>
          </name>
          <email />
          <role content-type="1" />
          <xref ref-type="aff" rid="aff1" />
        </contrib>
        <aff id="aff1">
          <institution />
          <addr-line content-type="addrline1" />
          <addr-line content-type="city" />
          <addr-line content-type="state" />
          <addr-line content-type="zipcode" />
          <addr-line content-type="country" />
      </aff>
      </contrib-group>
      <pub-date pub-type="epub" />
      <pub-date pub-type="ppub" />
      <elocation-id />
      <history>
        <date data-type="received">
          <day />
          <month />
          <year>2014</year>
      </date>
      </history>
      <permissions>
        <copyright-statement />
        <copyright-year />
      </permissions>
      <abstract>
        <b>This article explores the methods and results of the research of Muslim religiosity in the Middle Volga and Ural regions in the late Soviet Union. The article draws upon the sociological surveys conducted in 1966 – 1991. These surveys revealed some interesting trends that did not correspond to ideological objectives and expectations. The article also demonstrates regional specifics of the Soviet sociological school and its relationship with the ideological authorities. The surveys of religiosity of the Soviet population were, in a sense, a vote of confidence to the official ideology.</b>
      </abstract>
      <kwd-group>
        <kwd>religiosity</kwd>
        <kwd>Islam in the USSR</kwd>
        <kwd>atheism</kwd>
        <kwd>atheistic education</kwd>
        <kwd>social surveys</kwd>
        <kwd>the Council for Religious Affairs.</kwd>
      </kwd-group>
      <counts>
        <table-count count="0" />
        <page-count count="0" />
      </counts>
    </article-meta>
  </front>
</article>
