<?xml version='1.0' encoding='UTF-8'?>
<article xmlns:xlink="http://www.w3.org/1999/xlink" dtd-version="1.1">
  <front>
    <journal-meta>
      <journal-id jjournal-id-type="publisher">State, Religion and Church in Russia and Worldwide</journal-id>
      <journal-title-group>
        <journal-title>Gosudarstvo, religiia, tserkov' v Rossii i za rubezhom</journal-title>
        <abbrev-journal-title abbrev-type="nlm-ta" />
      </journal-title-group>
      <issn pub-type="ppub" />
      <issn pub-type="epub" />
    </journal-meta>
    <article-meta>
      <article-id pub-id-type="manuscript" />
      <article-categories>
        <subj-group subj-group-type="article_type">
          <subject>Research article</subject>
        </subj-group>
        <subj-group subj-group-type="subject_areas" />
      </article-categories>
      <title-group>
        <article-title>Religion and Identity in Buryatia: Competition between Orthodoxy and Buddhism in Late Imperial Russia (On Materials from St. Petersburg Archives)</article-title>
        <alt-title alt-title-type="running" />
      </title-group>
      <contrib-group>
        <contrib contrib-type="author">
          <name>
            <surname />
            <given-names />
          </name>
          <email />
          <role content-type="1" />
          <xref ref-type="aff" rid="aff1" />
        </contrib>
        <aff id="aff1">
          <institution />
          <addr-line content-type="addrline1" />
          <addr-line content-type="city" />
          <addr-line content-type="state" />
          <addr-line content-type="zipcode" />
          <addr-line content-type="country" />
      </aff>
      </contrib-group>
      <pub-date pub-type="epub" />
      <pub-date pub-type="ppub" />
      <elocation-id />
      <history>
        <date data-type="received">
          <day />
          <month />
          <year>2017</year>
      </date>
      </history>
      <permissions>
        <copyright-statement>Russian Presidential Academy of National Economy and Public Administration.</copyright-statement>
        <copyright-year>© 2017</copyright-year>
      </permissions>
      <abstract>
        <b>This paper discusses the political importance of religious identity in the context of competition between Orthodoxy and Buddhism in the Buryat spiritual space in the nineteenth and the beginning of the twentieth century. Christianization of Buryats as well as other non‑Russians in the remote regions of Russia seemed a necessary tool for strengthening the borders of the empire, which were under threat from Qing China. While Christianization of Pre‑Baikal (Western) Buryats‑shamanists was quite successful at least formally, the Trans‑Baikal Buryats remained largely steadfast Buddhists. Considering this fact, the secular authorities built relationships with the Buddhist clergy within the framework of the existing legal regulations. However, the relationship between Orthodoxy and Buddhism was irreconcilable overall in imperial history. The situation worsened at the end of the nineteenth century, when in connection with the Buryat ethnonational movements, Buddhism began to spread among the Western Buryats. This caused serious problems in Irkutsk eparchy, where they believed that only Orthodoxy could ensure loyalty to the monarchy and the Empire. Meanwhile, loyalty to the state, including the deification of the monarch, was an inherent characteristic of Buddhism both abroad and in Russia. In addition to a strong adaptive ability, institutionalized Buddhism in Russia developed adoration and devotion to the Tsar among Buryats through appropriate preaching to believers, thus promoting and strengthening both its own position and the Russian identity of the Buryats.</b>
      </abstract>
      <kwd-group>
        <kwd>Orthodoxy</kwd>
        <kwd>Buddhism</kwd>
        <kwd>religious identity</kwd>
        <kwd>Buryats</kwd>
        <kwd>Russian empire</kwd>
        <kwd>spiritual space</kwd>
        <kwd>baptizing</kwd>
        <kwd>Buddhization</kwd>
        <kwd>ethnonational revival</kwd>
        <kwd>Irkutsk eparchy</kwd>
        <kwd>religious community.</kwd>
      </kwd-group>
      <counts>
        <table-count count="0" />
        <page-count count="0" />
      </counts>
    </article-meta>
  </front>
</article>
