<?xml version='1.0' encoding='UTF-8'?>
<article xmlns:xlink="http://www.w3.org/1999/xlink" dtd-version="1.1">
  <front>
    <journal-meta>
      <journal-id jjournal-id-type="publisher">State, Religion and Church in Russia and Worldwide</journal-id>
      <journal-title-group>
        <journal-title>Gosudarstvo, religiia, tserkov' v Rossii i za rubezhom</journal-title>
        <abbrev-journal-title abbrev-type="nlm-ta" />
      </journal-title-group>
      <issn pub-type="ppub" />
      <issn pub-type="epub" />
    </journal-meta>
    <article-meta>
      <article-id pub-id-type="manuscript" />
      <article-categories>
        <subj-group subj-group-type="article_type">
          <subject>Research article</subject>
        </subj-group>
        <subj-group subj-group-type="subject_areas" />
      </article-categories>
      <title-group>
        <article-title>On the Verge of lèse majesté divine: Patterns of Subversive Behavior in Seventeenth-Century France</article-title>
        <alt-title alt-title-type="running" />
      </title-group>
      <contrib-group>
        <contrib contrib-type="author">
          <name>
            <surname>Neklyudova</surname>
            <given-names>Maria</given-names>
          </name>
          <email />
          <role content-type="1" />
          <xref ref-type="aff" rid="aff1" />
        </contrib>
        <aff id="aff1">
          <institution />
          <addr-line content-type="addrline1" />
          <addr-line content-type="city" />
          <addr-line content-type="state" />
          <addr-line content-type="zipcode" />
          <addr-line content-type="country" />
      </aff>
      </contrib-group>
      <pub-date pub-type="epub" />
      <pub-date pub-type="ppub" />
      <elocation-id />
      <history>
        <date data-type="received">
          <day />
          <month />
          <year>2017</year>
      </date>
      </history>
      <permissions>
        <copyright-statement>Russian Presidential Academy of National Economy and Public Administration.</copyright-statement>
        <copyright-year>© 2017</copyright-year>
      </permissions>
      <abstract>
        <b>The seventeenth‑century crimes of «lèse majesté divine» varied from heresy and apostasy to such petty offences as swearing and cursing. This study focuses on the borderline infringements that involved subversive words and gestures that caught the attention of the authorities, even though they could have been easily overlooked. A priest who made a lame joke about the altar, or a simple worker who played a lute instead of listening to the clerics, was accused of blasphemy and sacrilege. At the same time more outrageous gestures (in terms of our modern sensibility), such as dancing in the church with a dead body, were not punished. It would be easy to dismiss this incongruity as a quirk of the juridical and social system (the dance involved a noblemen and thus was treated diferently). Yet the relative insigniicance of such cases provides useful insights into how blasphemy and sacrilege were perceived by the church and state authorities and by the general population. It would be simplistic to equate this perception with petty vindictiveness or superstition: both motivations should be acknowledged but viewed within the broader context of the Reformation.</b>
      </abstract>
      <kwd-group>
        <kwd>blasphemy</kwd>
        <kwd>sacrilege</kwd>
        <kwd>subversive gestures</kwd>
        <kwd>seventeenth-century French culture.</kwd>
      </kwd-group>
      <counts>
        <table-count count="0" />
        <page-count count="0" />
      </counts>
    </article-meta>
  </front>
</article>
