<?xml version='1.0' encoding='UTF-8'?>
<article xmlns:xlink="http://www.w3.org/1999/xlink" dtd-version="1.1">
  <front>
    <journal-meta>
      <journal-id jjournal-id-type="publisher">GRC</journal-id>
      <journal-title-group>
        <journal-title>Gosudarstvo, religiia, tserkov' v Rossii i za rubezhom </journal-title>
        <abbrev-journal-title abbrev-type="nlm-ta" />
      </journal-title-group>
      <issn pub-type="ppub" />
      <issn pub-type="epub" />
    </journal-meta>
    <article-meta>
      <article-id pub-id-type="manuscript" />
      <article-categories>
        <subj-group subj-group-type="article_type">
          <subject>Research article</subject>
        </subj-group>
        <subj-group subj-group-type="subject_areas">
          <subject> </subject>
      </subj-group>
      </article-categories>
      <title-group>
        <article-title>Kicking, Stripping, and Re-Dressing a Saint in Black: Visions of Public Space in Brazil’s Recent Holy War</article-title>
        <alt-title alt-title-type="running" />
      </title-group>
      <contrib-group>
        <contrib contrib-type="author">
          <name>
            <surname>Johnson</surname>
            <given-names>Paul C.</given-names>
          </name>
          <email />
          <role content-type="1" />
          <xref ref-type="aff" rid="aff1" />
        </contrib>
        <aff id="aff1">
          <institution />
          <addr-line content-type="addrline1" />
          <addr-line content-type="city" />
          <addr-line content-type="state" />
          <addr-line content-type="zipcode" />
          <addr-line content-type="country" />
      </aff>
      </contrib-group>
      <pub-date pub-type="epub" />
      <pub-date pub-type="ppub" />
      <elocation-id />
      <history>
        <date data-type="received">
          <day />
          <month />
          <year>2017</year>
      </date>
      </history>
      <permissions>
        <copyright-statement>Russian Presidential Academy of National Economy and Public Administration.</copyright-statement>
        <copyright-year>© 2017</copyright-year>
      </permissions>
      <abstract>
        <b>This article deals with a particular case of blasphemy that happened in 1995 when a Protestant televangelist insulted one of the most reverend religious symbols of Brazil — Nossa Senhora Aparecid. This was shown on TV as the televangelist’s protest against the presence of Catholicism in the public sphere of Brazil. The author uses this case in order to consider the cult of saints as a symbolic site where issues of nation, history, ideology, public space, and so on, come together. The attack on the image of the saint and the outrage that followed revealed and unmasked many elements of Brazilian «invisible religion,» which until then had remained hidden. This scandal resulted in the paradoxical transformation of the image of the Virgin — this image blended with Afro‑Brazilian tradition and Candomblé, leading to the reconiguration of the whole structure of the public sphere that was deciphered in this image (of the Virgin).</b>
      </abstract>
      <kwd-group>
        <kwd>Brazil</kwd>
        <kwd>religion</kwd>
        <kwd>blasphemy</kwd>
        <kwd>cult of saints</kwd>
        <kwd>Nossa Senhora Aparecid</kwd>
        <kwd>Catholicism</kwd>
        <kwd>Candomblé.</kwd>
      </kwd-group>
      <counts>
        <table-count count="0" />
        <page-count count="0" />
      </counts>
    </article-meta>
  </front>
</article>
