<?xml version='1.0' encoding='UTF-8'?>
<article xmlns:xlink="http://www.w3.org/1999/xlink" dtd-version="1.1">
  <front>
    <journal-meta>
      <journal-id jjournal-id-type="publisher">GRC</journal-id>
      <journal-title-group>
        <journal-title>Gosudarstvo, religiia, tserkov' v Rossii i za rubezhom </journal-title>
        <abbrev-journal-title abbrev-type="nlm-ta" />
      </journal-title-group>
      <issn pub-type="ppub" />
      <issn pub-type="epub" />
    </journal-meta>
    <article-meta>
      <article-id pub-id-type="manuscript" />
      <article-categories>
        <subj-group subj-group-type="article_type">
          <subject>Research article</subject>
        </subj-group>
        <subj-group subj-group-type="subject_areas">
          <subject> </subject>
      </subj-group>
      </article-categories>
      <title-group>
        <article-title>“The Most Sublime and Benevolent Code of Morals Which Has Ever Been Offered to Man”: Debates on The Jefferson Bible</article-title>
        <alt-title alt-title-type="running" />
      </title-group>
      <contrib-group>
        <contrib contrib-type="author">
          <name>
            <surname>Stepanova</surname>
            <given-names>Elena</given-names>
          </name>
          <email />
          <role content-type="1" />
          <xref ref-type="aff" rid="aff1" />
        </contrib>
        <aff id="aff1">
          <institution />
          <addr-line content-type="addrline1" />
          <addr-line content-type="city" />
          <addr-line content-type="state" />
          <addr-line content-type="zipcode" />
          <addr-line content-type="country" />
      </aff>
      </contrib-group>
      <pub-date pub-type="epub" />
      <pub-date pub-type="ppub" />
      <elocation-id />
      <history>
        <date data-type="received">
          <day />
          <month />
          <year>2017</year>
      </date>
      </history>
      <permissions>
        <copyright-statement>Russian Presidential Academy of National Economy and Public Administration.</copyright-statement>
        <copyright-year>© 2017</copyright-year>
      </permissions>
      <abstract>
        <b>The article discusses the origins, content, and meaning of two editions of the New Testament constructed by Thomas Jefferson in 1804 and 1819. He had launched these editions in accordance with his views on the interrelatedness of religion and reason, of the freedom of conscience, and the right to interpret the New Testament through the prism of one’s own life experience. The article analyses the sources of Jefferson’s perception of Christianity, the influence of the thinkers of the European Enlightenment upon him, as well as contemporary scholarly research on The Jefferson Bible. The author indicates that the religious views of Thomas Jefferson remain the subject of a fierce debate, which expresses a variety of positions: from labeling him as an atheist to imaging him as a deeply religious person. The intensity of these discussions proves that the issue of whether Jefferson could be regarded a Christian and in what sense, as well as what he himself meant by that, goes far beyond the specifics of the historical period of the formation of the USA. According to the author, Jefferson’s interpretation of the New Testament is a remarkable example of the conflict between individual and institutional religiosity that manifested itself in the Enlightenment and escalates today. Jefferson’s interpretations prove that there are still no simple answers to the critical inquiry Christianity faced over two centuries ago.</b>
      </abstract>
      <kwd-group>
        <kwd>Thomas Jefferson</kwd>
        <kwd>Christianity</kwd>
        <kwd>New Testament</kwd>
        <kwd>Enlightenment</kwd>
        <kwd>rationalism</kwd>
        <kwd>morality</kwd>
        <kwd>deism</kwd>
        <kwd>interpretation</kwd>
        <kwd>demythologization.</kwd>
      </kwd-group>
      <counts>
        <table-count count="0" />
        <page-count count="0" />
      </counts>
    </article-meta>
  </front>
</article>
