<?xml version='1.0' encoding='UTF-8'?>
<article xmlns:xlink="http://www.w3.org/1999/xlink" dtd-version="1.1">
  <front>
    <journal-meta>
      <journal-id jjournal-id-type="publisher">State, Religion and Church in Russia and Worldwide</journal-id>
      <journal-title-group>
        <journal-title>Gosudarstvo, religiia, tserkov' v Rossii i za rubezhom</journal-title>
        <abbrev-journal-title abbrev-type="nlm-ta" />
      </journal-title-group>
      <issn pub-type="ppub" />
      <issn pub-type="epub" />
    </journal-meta>
    <article-meta>
      <article-id pub-id-type="manuscript" />
      <article-categories>
        <subj-group subj-group-type="article_type">
          <subject>Research article</subject>
        </subj-group>
        <subj-group subj-group-type="subject_areas" />
      </article-categories>
      <title-group>
        <article-title>Integral Traditionalism: Between Politics and Esotericism</article-title>
        <alt-title alt-title-type="running" />
      </title-group>
      <contrib-group>
        <contrib contrib-type="author">
          <name>
            <surname>Nosachev</surname>
            <given-names>Pavel</given-names>
          </name>
          <email />
          <role content-type="1" />
          <xref ref-type="aff" rid="aff1" />
        </contrib>
        <aff id="aff1">
          <institution />
          <addr-line content-type="addrline1" />
          <addr-line content-type="city" />
          <addr-line content-type="state" />
          <addr-line content-type="zipcode" />
          <addr-line content-type="country" />
      </aff>
      </contrib-group>
      <pub-date pub-type="epub" />
      <pub-date pub-type="ppub" />
      <elocation-id />
      <history>
        <date data-type="received">
          <day />
          <month />
          <year>2013</year>
      </date>
      </history>
      <permissions>
        <copyright-statement>Russian Presidential Academy of National Economy and Public Administration.</copyright-statement>
        <copyright-year>© 2013</copyright-year>
      </permissions>
      <abstract>
        <b>This article describes various interpretations of the so called integral traditionalism and its role in the political and religious movements of the 20th century. Looking at political movements and individuals who associated themselves with traditionalism, the author concludes that the integral traditionalism can not work as a political ideology, since its main objectives are otherworldly; in fact, the actual role of these movements in politics was minor. It makes more sense    to consider integral traditionalism as a religious or semireligious ideology, manifested in various forms of social action. In the West, this phenomenon is now approached within the field of the studies in Western esotericism, while in Russia scholars often tend to reduce traditionalism to its purely political forms, which may lead to distortions.</b>
      </abstract>
      <kwd-group>
        <kwd>integral traditionalism</kwd>
        <kwd>R. Guenon</kwd>
        <kwd>J. Evola</kwd>
        <kwd>С. Codreanu</kwd>
        <kwd>Ungern-Sternberg</kwd>
        <kwd>A. Dugin</kwd>
        <kwd>ideology</kwd>
        <kwd>Western esotericism.</kwd>
      </kwd-group>
      <counts>
        <table-count count="0" />
        <page-count count="0" />
      </counts>
    </article-meta>
  </front>
</article>
