<?xml version='1.0' encoding='UTF-8'?>
<article xmlns:xlink="http://www.w3.org/1999/xlink" dtd-version="1.1">
  <front>
    <journal-meta>
      <journal-id jjournal-id-type="publisher">State, Religion and Church in Russia and Worldwide</journal-id>
      <journal-title-group>
        <journal-title>Gosudarstvo, religiia, tserkov' v Rossii i za rubezhom</journal-title>
        <abbrev-journal-title abbrev-type="nlm-ta" />
      </journal-title-group>
      <issn pub-type="ppub" />
      <issn pub-type="epub" />
    </journal-meta>
    <article-meta>
      <article-id pub-id-type="manuscript" />
      <article-categories>
        <subj-group subj-group-type="article_type">
          <subject>Research article</subject>
        </subj-group>
        <subj-group subj-group-type="subject_areas" />
      </article-categories>
      <title-group>
        <article-title>The Reception of Gnostic Ideas in Russian Literature of the Early 20th Century</article-title>
        <alt-title alt-title-type="running" />
      </title-group>
      <contrib-group>
        <contrib contrib-type="author">
          <name>
            <surname>Rychkov</surname>
            <given-names>Alexander</given-names>
          </name>
          <email />
          <role content-type="1" />
          <xref ref-type="aff" rid="aff1" />
        </contrib>
        <aff id="aff1">
          <institution />
          <addr-line content-type="addrline1" />
          <addr-line content-type="city" />
          <addr-line content-type="state" />
          <addr-line content-type="zipcode" />
          <addr-line content-type="country" />
      </aff>
      </contrib-group>
      <pub-date pub-type="epub" />
      <pub-date pub-type="ppub" />
      <elocation-id />
      <history>
        <date data-type="received">
          <day />
          <month />
          <year>2013</year>
      </date>
      </history>
      <permissions>
        <copyright-statement>Russian Presidential Academy of National Economy and Public Administration.</copyright-statement>
        <copyright-year>© 2013</copyright-year>
      </permissions>
      <abstract>
        <b>This article we deals the reception of Gnostic ideas in the works of Russian symbolists of the Silver Age, and provides a critical review of the main works on the topic. It seeks a uniform methodology, as well as clarification of the key terms Gnosis or Gnosticism. The article mostly focuses on the works by Vladimir Soloviev’s followers, which were partly based upon Gnostic teachings and myths. This second generation of Russian symbolists used Soloviev’s teaching of Divine Sophia, not only for creating a literary movement, but also for launching a religious and philosophical project of the formation of a new «spiritual person». This project strongly resembled the mystical experience of the «inner man», described by Gnostics, Eastern Christian Hesychasts, and Western Rosicrucians.</b>
      </abstract>
      <kwd-group>
        <kwd>Vladimir Soloviev</kwd>
        <kwd>Sophia</kwd>
        <kwd>gnosis</kwd>
        <kwd>Gnosticism</kwd>
        <kwd>Russian Symbolism</kwd>
        <kwd>inner man</kwd>
        <kwd>M. Kuzmin</kwd>
        <kwd>Russian literature</kwd>
        <kwd>esoteric tradition.</kwd>
      </kwd-group>
      <counts>
        <table-count count="0" />
        <page-count count="0" />
      </counts>
    </article-meta>
  </front>
</article>
