<?xml version='1.0' encoding='UTF-8'?>
<article xmlns:xlink="http://www.w3.org/1999/xlink" dtd-version="1.1">
  <front>
    <journal-meta>
      <journal-id jjournal-id-type="publisher">GRC</journal-id>
      <journal-title-group>
        <journal-title>Gosudarstvo, religiia, tserkov' v Rossii i za rubezhom </journal-title>
        <abbrev-journal-title abbrev-type="nlm-ta" />
      </journal-title-group>
      <issn pub-type="ppub" />
      <issn pub-type="epub" />
    </journal-meta>
    <article-meta>
      <article-id pub-id-type="manuscript" />
      <article-categories>
        <subj-group subj-group-type="article_type">
          <subject>Research article</subject>
        </subj-group>
        <subj-group subj-group-type="subject_areas">
          <subject> </subject>
      </subj-group>
      </article-categories>
      <title-group>
        <article-title>Specific Features of Contemporary Russian Esoteriology</article-title>
        <alt-title alt-title-type="running" />
      </title-group>
      <contrib-group>
        <contrib contrib-type="author">
          <name>
            <surname>Pakhomov</surname>
            <given-names>Sergey</given-names>
          </name>
          <email />
          <role content-type="1" />
          <xref ref-type="aff" rid="aff1" />
        </contrib>
        <aff id="aff1">
          <institution />
          <addr-line content-type="addrline1" />
          <addr-line content-type="city" />
          <addr-line content-type="state" />
          <addr-line content-type="zipcode" />
          <addr-line content-type="country" />
      </aff>
      </contrib-group>
      <pub-date pub-type="epub" />
      <pub-date pub-type="ppub" />
      <elocation-id />
      <history>
        <date data-type="received">
          <day />
          <month />
          <year>2013</year>
      </date>
      </history>
      <permissions>
        <copyright-statement>Russian Presidential Academy of National Economy and Public Administration.</copyright-statement>
        <copyright-year>© 2013</copyright-year>
      </permissions>
      <abstract>
        <b>Since the fall of the Iron Curtain, all sorts of mystic-esoteric literature poured into Russia, and the growing interest to these themes required serious academic research. The Russian science of esotericism has been developing in two directions, one «particular» (study of particular traditions), and another «general» (understanding the entire phenomenon of esotericism). This article mostly deals with the latter trend, systematizing various interpretations of the term «esotericism»; discussing specific features, functions, and structures of esotericism; classifying its forms and levels; etc. The paper also gives an overview of activities of the major academic community dealing with esotericism in Russia, the Association for the Study of Esotericism and Mysticism (ASEM).</b>
      </abstract>
      <kwd-group>
        <kwd>esotericism</kwd>
        <kwd>study of esotericism in Russia</kwd>
        <kwd>esoteric knowledge</kwd>
        <kwd>methodology</kwd>
        <kwd>ASEM.</kwd>
      </kwd-group>
      <counts>
        <table-count count="0" />
        <page-count count="0" />
      </counts>
    </article-meta>
  </front>
</article>
