<?xml version='1.0' encoding='UTF-8'?>
<article xmlns:xlink="http://www.w3.org/1999/xlink" dtd-version="1.1">
  <front>
    <journal-meta>
      <journal-id jjournal-id-type="publisher">State, Religion and Church in Russia and Worldwide</journal-id>
      <journal-title-group>
        <journal-title>Gosudarstvo, religiia, tserkov' v Rossii i za rubezhom</journal-title>
        <abbrev-journal-title abbrev-type="nlm-ta" />
      </journal-title-group>
      <issn pub-type="ppub" />
      <issn pub-type="epub" />
    </journal-meta>
    <article-meta>
      <article-id pub-id-type="manuscript" />
      <article-categories>
        <subj-group subj-group-type="article_type">
          <subject>Research article</subject>
        </subj-group>
        <subj-group subj-group-type="subject_areas" />
      </article-categories>
      <title-group>
        <article-title>Practical Spirituality and Spiritual Practice of Alchemy</article-title>
        <alt-title alt-title-type="running" />
      </title-group>
      <contrib-group>
        <contrib contrib-type="author">
          <name>
            <surname>Rodichenkov</surname>
            <given-names>Yuri</given-names>
          </name>
          <email />
          <role content-type="1" />
          <xref ref-type="aff" rid="aff1" />
        </contrib>
        <aff id="aff1">
          <institution />
          <addr-line content-type="addrline1" />
          <addr-line content-type="city" />
          <addr-line content-type="state" />
          <addr-line content-type="zipcode" />
          <addr-line content-type="country" />
      </aff>
      </contrib-group>
      <pub-date pub-type="epub" />
      <pub-date pub-type="ppub" />
      <elocation-id />
      <history>
        <date data-type="received">
          <day />
          <month />
          <year>2013</year>
      </date>
      </history>
      <permissions>
        <copyright-statement>Russian Presidential Academy of National Economy and Public Administration.</copyright-statement>
        <copyright-year>© 2013</copyright-year>
      </permissions>
      <abstract>
        <b>The article focuses on the two aspects of alchemical philosophy — spiritual and practical. It overviews the works of all main periods in the history of the Western alchemy, from early Greek authors to the 20th century alchemists. The author deals with spiritual speculations and laboratory practices of most important alchemical philosophers. This includes such names as Zosimos of Panopolis, Robert of Chester, Roger Bacon, Pseudo-Geber, Joannes Rupescissa, Ole Borch, Edward Kelly, and Robert Boyle; then follow some modern alchemists such as Cyliani, Fulcanelli, Frater Albertus, Mark Stavish, and others. Spiritual and practical alchemy of the medieval and later periods is analyzed in terms of its influence on modern science. The article then provides a general approach to the transformation of «modern alchemy» in the 19th-20th centuries.</b>
      </abstract>
      <kwd-group>
        <kwd>alchemy</kwd>
        <kwd>alchemical philosophy</kwd>
        <kwd>spiritual and practical alchemy</kwd>
        <kwd>alchemical treatise</kwd>
        <kwd>modern alchemy.</kwd>
      </kwd-group>
      <counts>
        <table-count count="0" />
        <page-count count="0" />
      </counts>
    </article-meta>
  </front>
</article>
