<?xml version='1.0' encoding='UTF-8'?>
<article xmlns:xlink="http://www.w3.org/1999/xlink" dtd-version="1.1">
  <front>
    <journal-meta>
      <journal-id jjournal-id-type="publisher">State, Religion and Church in Russia and Worldwide</journal-id>
      <journal-title-group>
        <journal-title>Gosudarstvo, religiia, tserkov' v Rossii i za rubezhom</journal-title>
        <abbrev-journal-title abbrev-type="nlm-ta" />
      </journal-title-group>
      <issn pub-type="ppub" />
      <issn pub-type="epub" />
    </journal-meta>
    <article-meta>
      <article-id pub-id-type="manuscript" />
      <article-categories>
        <subj-group subj-group-type="article_type">
          <subject>Research article</subject>
        </subj-group>
        <subj-group subj-group-type="subject_areas" />
      </article-categories>
      <title-group>
        <article-title>Esotericism and Worldview of the Russian Freemasonry of the 18th — 19th Centuries: Toward a Conceptualization</article-title>
        <alt-title alt-title-type="running" />
      </title-group>
      <contrib-group>
        <contrib contrib-type="author">
          <name>
            <surname>Khalturin</surname>
            <given-names>Yuriy</given-names>
          </name>
          <email />
          <role content-type="1" />
          <xref ref-type="aff" rid="aff1" />
        </contrib>
        <aff id="aff1">
          <institution />
          <addr-line content-type="addrline1" />
          <addr-line content-type="city" />
          <addr-line content-type="state" />
          <addr-line content-type="zipcode" />
          <addr-line content-type="country" />
      </aff>
      </contrib-group>
      <pub-date pub-type="epub" />
      <pub-date pub-type="ppub" />
      <elocation-id />
      <history>
        <date data-type="received">
          <day />
          <month />
          <year>2013</year>
      </date>
      </history>
      <permissions>
        <copyright-statement>Russian Presidential Academy of National Economy and Public Administration.</copyright-statement>
        <copyright-year>© 2013</copyright-year>
      </permissions>
      <abstract>
        <b>The article provides conceptualization of the worldview of Russian Freemasons of the 18th-19th centuries. Instead of the concept «Christian mysticism», which the author believes to be highly problematic, he uses the theory of «Western esotericism as a form of thought» by Antoine Faivre, applying it to the study of archival materials from the Masonic funds of the Russian State Library’s Manuscript Department. This new conceptualization allows, firstly, to explain contradictions in the Masonic worldview; secondly, through reconstructing this worldview as an integral system, provide a key for understanding some enigmatic Masonic texts; thirdly, to evaluate a proper place of the Russian Freemasonry and its role as the «third pillar» of the Russian culture along with Orthodox Christianity and Enlightenment rationalism.</b>
      </abstract>
      <kwd-group>
        <kwd>Freemasonry</kwd>
        <kwd>Rosicrucianism</kwd>
        <kwd>esotericism</kwd>
        <kwd>principle of correspondences</kwd>
        <kwd>living nature</kwd>
        <kwd>mediation</kwd>
        <kwd>transmutation</kwd>
        <kwd>practice of concordance.</kwd>
      </kwd-group>
      <counts>
        <table-count count="0" />
        <page-count count="0" />
      </counts>
    </article-meta>
  </front>
</article>
