<?xml version='1.0' encoding='UTF-8'?>
<article xmlns:xlink="http://www.w3.org/1999/xlink" dtd-version="1.1">
  <front>
    <journal-meta>
      <journal-id jjournal-id-type="publisher">State, Religion and Church in Russia and Worldwide</journal-id>
      <journal-title-group>
        <journal-title>Gosudarstvo, religiia, tserkov' v Rossii i za rubezhom</journal-title>
        <abbrev-journal-title abbrev-type="nlm-ta" />
      </journal-title-group>
      <issn pub-type="ppub" />
      <issn pub-type="epub" />
    </journal-meta>
    <article-meta>
      <article-id pub-id-type="manuscript" />
      <article-categories>
        <subj-group subj-group-type="article_type">
          <subject>Research article</subject>
        </subj-group>
        <subj-group subj-group-type="subject_areas" />
      </article-categories>
      <title-group>
        <article-title>The New Age of Kabbalah. Contemporary Kabbalah, New Age and Postmodern Spirituality</article-title>
        <alt-title alt-title-type="running" />
      </title-group>
      <contrib-group>
        <contrib contrib-type="author">
          <name>
            <surname>Huss</surname>
            <given-names>Boaz</given-names>
          </name>
          <email />
          <role content-type="1" />
          <xref ref-type="aff" rid="aff1" />
        </contrib>
        <aff id="aff1">
          <institution />
          <addr-line content-type="addrline1" />
          <addr-line content-type="city" />
          <addr-line content-type="state" />
          <addr-line content-type="zipcode" />
          <addr-line content-type="country" />
      </aff>
      </contrib-group>
      <pub-date pub-type="epub" />
      <pub-date pub-type="ppub" />
      <elocation-id />
      <history>
        <date data-type="received">
          <day />
          <month />
          <year>2013</year>
      </date>
      </history>
      <permissions>
        <copyright-statement>Russian Presidential Academy of National Economy and Public Administration.</copyright-statement>
        <copyright-year>© 2013</copyright-year>
      </permissions>
      <abstract>
        <b>In recent years, a remarkable revival of interest in Kabbalah and Jewish mysticism has taken place in Israel, the United States and other Western countries. This revival, which includes a resurgence of Kabbalistic and Hassidic doctrines and practices, coincided with the emergence of the New Age and other related spiritual and new religious movements in the last decades of the twentieth century. New Age themes appear in various contemporary Kabbalistic and Neohassidic groups, and there are significant similarities between them and other recent spiritual and religious revival movements. This article demonstrates that central characteristics of the new spiritual culture appear not only in new Kabbalah and Neohassidic groups that explicitly use New Age themes, but also among more traditional forms of Jewish mysticism. These shared characteristics can be explained not so much by direct influences, but rather by the nature of both phenomena and the postmodern context as a whole. This article claims that the new «postmodern spirituality» reflects the    cultural logic of late global capitalism and responds to the new social conditions in the postmodern era.</b>
      </abstract>
      <kwd-group>
        <kwd>Kabbalah</kwd>
        <kwd>Neohasidism</kwd>
        <kwd>New Age</kwd>
        <kwd>postmodernism</kwd>
        <kwd>spirituality</kwd>
        <kwd>esotericism</kwd>
        <kwd>mysticism</kwd>
        <kwd>popular culture</kwd>
        <kwd>late capitalism</kwd>
        <kwd>new religious movements.</kwd>
      </kwd-group>
      <counts>
        <table-count count="0" />
        <page-count count="0" />
      </counts>
    </article-meta>
  </front>
</article>
