<?xml version='1.0' encoding='UTF-8'?>
<article xmlns:xlink="http://www.w3.org/1999/xlink" dtd-version="1.1">
  <front>
    <journal-meta>
      <journal-id jjournal-id-type="publisher">State, Religion and Church in Russia and Worldwide</journal-id>
      <journal-title-group>
        <journal-title>Gosudarstvo, religiia, tserkov' v Rossii i za rubezhom</journal-title>
        <abbrev-journal-title abbrev-type="nlm-ta" />
      </journal-title-group>
      <issn pub-type="ppub" />
      <issn pub-type="epub" />
    </journal-meta>
    <article-meta>
      <article-id pub-id-type="manuscript" />
      <article-categories>
        <subj-group subj-group-type="article_type">
          <subject>Research article</subject>
        </subj-group>
        <subj-group subj-group-type="subject_areas" />
      </article-categories>
      <title-group>
        <article-title>From Charm to Ritual: Transformations of «Magic» in the Post-Soviet Space</article-title>
        <alt-title alt-title-type="running" />
      </title-group>
      <contrib-group>
        <contrib contrib-type="author">
          <name>
            <surname>Zorya</surname>
            <given-names>Kateryna</given-names>
          </name>
          <email />
          <role content-type="1" />
          <xref ref-type="aff" rid="aff1" />
        </contrib>
        <aff id="aff1">
          <institution />
          <addr-line content-type="addrline1" />
          <addr-line content-type="city" />
          <addr-line content-type="state" />
          <addr-line content-type="zipcode" />
          <addr-line content-type="country" />
      </aff>
      </contrib-group>
      <pub-date pub-type="epub" />
      <pub-date pub-type="ppub" />
      <elocation-id />
      <history>
        <date data-type="received">
          <day />
          <month />
          <year>2013</year>
      </date>
      </history>
      <permissions>
        <copyright-statement>Russian Presidential Academy of National Economy and Public Administration.</copyright-statement>
        <copyright-year>© 2013</copyright-year>
      </permissions>
      <abstract>
        <b>The article examines the changing definitions of magic in the humanities and shows how many of these definitions are falsified. It proposes to view magic as an umbrella term, the use of which depends on cultural context, and thus the best approach the study of magic would be to define its boundaries for each particular culture separately, and to carefully examine whether a particular phenomenon belongs to «occulture» in each specific context. The article then turns to the interpretations of magic in the post-Soviet space, finding, in particular, how «magician» evolved from being a person of knowledge to becoming a person of power, and how once negatively charged terms, borrowed from the Western occulture, were redefined with positive meanings.</b>
      </abstract>
      <kwd-group>
        <kwd>folk magic</kwd>
        <kwd>magician</kwd>
        <kwd>witchcraft</kwd>
        <kwd>ceremonial magic</kwd>
        <kwd>anthropology</kwd>
        <kwd>occulture</kwd>
        <kwd>folk Christianity</kwd>
        <kwd>Carlos Castaneda.</kwd>
      </kwd-group>
      <counts>
        <table-count count="0" />
        <page-count count="0" />
      </counts>
    </article-meta>
  </front>
</article>
