<?xml version='1.0' encoding='UTF-8'?>
<article xmlns:xlink="http://www.w3.org/1999/xlink" dtd-version="1.1">
  <front>
    <journal-meta>
      <journal-id jjournal-id-type="publisher">GRC</journal-id>
      <journal-title-group>
        <journal-title>Gosudarstvo, religiia, tserkov' v Rossii i za rubezhom </journal-title>
        <abbrev-journal-title abbrev-type="nlm-ta" />
      </journal-title-group>
      <issn pub-type="ppub" />
      <issn pub-type="epub" />
    </journal-meta>
    <article-meta>
      <article-id pub-id-type="manuscript" />
      <article-categories>
        <subj-group subj-group-type="article_type">
          <subject>Research article</subject>
        </subj-group>
        <subj-group subj-group-type="subject_areas">
          <subject> </subject>
      </subj-group>
      </article-categories>
      <title-group>
        <article-title>Constructing Holy Spaces in Multicultural Milieu: the Case of “Zajde Bašće” Shrine in Nish (Serbia)</article-title>
        <alt-title alt-title-type="running" />
      </title-group>
      <contrib-group>
        <contrib contrib-type="author">
          <name>
            <surname>Trofimova</surname>
            <given-names>Ksenia</given-names>
          </name>
          <email />
          <role content-type="1" />
          <xref ref-type="aff" rid="aff1" />
        </contrib>
        <aff id="aff1">
          <institution />
          <addr-line content-type="addrline1" />
          <addr-line content-type="city" />
          <addr-line content-type="state" />
          <addr-line content-type="zipcode" />
          <addr-line content-type="country" />
      </aff>
      </contrib-group>
      <pub-date pub-type="epub" />
      <pub-date pub-type="ppub" />
      <elocation-id />
      <history>
        <date data-type="received">
          <day />
          <month />
          <year>2014</year>
      </date>
      </history>
      <permissions>
        <copyright-statement>Russian Presidential Academy of National Economy and Public Administration.</copyright-statement>
        <copyright-year>© 2014</copyright-year>
      </permissions>
      <abstract>
        <b>The culture of neighborhood with all its details that make up the cultural mosaic of the Balkans is manifested at the level of popular religiosity, in particular, in the cases of mixed pilgrimages and popular shrines with shared practices. Such interaction between communities belonging to different cultural and religious traditions may assume various forms and patterns. This paper focuses on one such example, a holy site of mixed devotion by Muslims and Christians, the shrine Zajde Bašće in Nish, which keeps the traditional practice of ziyarat in the changing social and cultural environment. The main role in maintaining this tradition is played by the local Roma minority. Recently the shrine went through certain changes: the common old narrative about the Muslim nature of the cult was complemented by another one, with a clear multicultural emphasis. The study of narratives, the site’s architectonics and the co-practices of visitors help to understand the correlation between competing discourses and draw patterns of interreligious interaction.</b>
      </abstract>
      <kwd-group>
        <kwd>shared shrines</kwd>
        <kwd>pilgrimage</kwd>
        <kwd>Christianity</kwd>
        <kwd>Islam</kwd>
        <kwd>popular religiosity</kwd>
        <kwd>Balkans</kwd>
        <kwd>Roma.</kwd>
      </kwd-group>
      <counts>
        <table-count count="0" />
        <page-count count="0" />
      </counts>
    </article-meta>
  </front>
</article>
