<?xml version='1.0' encoding='UTF-8'?>
<article xmlns:xlink="http://www.w3.org/1999/xlink" dtd-version="1.1">
  <front>
    <journal-meta>
      <journal-id jjournal-id-type="publisher">State, Religion and Church in Russia and Worldwide</journal-id>
      <journal-title-group>
        <journal-title>Gosudarstvo, religiia, tserkov' v Rossii i za rubezhom</journal-title>
        <abbrev-journal-title abbrev-type="nlm-ta" />
      </journal-title-group>
      <issn pub-type="ppub" />
      <issn pub-type="epub" />
    </journal-meta>
    <article-meta>
      <article-id pub-id-type="manuscript" />
      <article-categories>
        <subj-group subj-group-type="article_type">
          <subject>Research article</subject>
        </subj-group>
        <subj-group subj-group-type="subject_areas" />
      </article-categories>
      <title-group>
        <article-title>Bosnia and Herzegovina: Rethinking the Relationship between Confessional, Ethnic and National Identities (Focus on Bosniaks / Muslims)</article-title>
        <alt-title alt-title-type="running" />
      </title-group>
      <contrib-group>
        <contrib contrib-type="author">
          <name>
            <surname>Abazovic</surname>
            <given-names>Dino</given-names>
          </name>
          <email />
          <role content-type="1" />
          <xref ref-type="aff" rid="aff1" />
        </contrib>
        <aff id="aff1">
          <institution />
          <addr-line content-type="addrline1" />
          <addr-line content-type="city" />
          <addr-line content-type="state" />
          <addr-line content-type="zipcode" />
          <addr-line content-type="country" />
      </aff>
      </contrib-group>
      <pub-date pub-type="epub" />
      <pub-date pub-type="ppub" />
      <elocation-id />
      <history>
        <date data-type="received">
          <day />
          <month />
          <year>2014</year>
      </date>
      </history>
      <permissions>
        <copyright-statement>Russian Presidential Academy of National Economy and Public Administration.</copyright-statement>
        <copyright-year>© 2014</copyright-year>
      </permissions>
      <abstract>
        <b>This paper offers an analysis of the actual relations between religion and politics, that is, ethno-political use of the confessional identities in the contemporary Bosnia and Herzegovina. The special focus is on Bosnian Muslims (Bosniaks) with their special identity acquired through long historical developments. The most recent social and political processes were dominated by the institutionalisation of ethno-confessional identities. The global trend of revitalised role of religion in public domain has been also felt in Bosnia and Herzegovina, although it was expressed in a special local way, in relation to historical determinants.</b>
      </abstract>
      <kwd-group>
        <kwd>confessions</kwd>
        <kwd>religious identity</kwd>
        <kwd>ethnicity</kwd>
        <kwd>nationality</kwd>
        <kwd>ethno-politics</kwd>
        <kwd>Muslims</kwd>
        <kwd>Bosnia and Herzegovina.</kwd>
      </kwd-group>
      <counts>
        <table-count count="0" />
        <page-count count="0" />
      </counts>
    </article-meta>
  </front>
</article>
