<?xml version='1.0' encoding='UTF-8'?>
<article xmlns:xlink="http://www.w3.org/1999/xlink" dtd-version="1.1">
  <front>
    <journal-meta>
      <journal-id jjournal-id-type="publisher">State, Religion and Church in Russia and Worldwide</journal-id>
      <journal-title-group>
        <journal-title>Gosudarstvo, religiia, tserkov' v Rossii i za rubezhom</journal-title>
        <abbrev-journal-title abbrev-type="nlm-ta" />
      </journal-title-group>
      <issn pub-type="ppub" />
      <issn pub-type="epub" />
    </journal-meta>
    <article-meta>
      <article-id pub-id-type="manuscript" />
      <article-categories>
        <subj-group subj-group-type="article_type">
          <subject>Research article</subject>
        </subj-group>
        <subj-group subj-group-type="subject_areas" />
      </article-categories>
      <title-group>
        <article-title>Death Space and Ethno-Cultural Mosaics of Prizren (Kosovo / Serbia)</article-title>
        <alt-title alt-title-type="running" />
      </title-group>
      <contrib-group>
        <contrib contrib-type="author">
          <name>
            <surname>Ermolin</surname>
            <given-names>Denis</given-names>
          </name>
          <email />
          <role content-type="1" />
          <xref ref-type="aff" rid="aff1" />
        </contrib>
        <aff id="aff1">
          <institution />
          <addr-line content-type="addrline1" />
          <addr-line content-type="city" />
          <addr-line content-type="state" />
          <addr-line content-type="zipcode" />
          <addr-line content-type="country" />
      </aff>
      </contrib-group>
      <pub-date pub-type="epub" />
      <pub-date pub-type="ppub" />
      <elocation-id />
      <history>
        <date data-type="received">
          <day />
          <month />
          <year>2014</year>
      </date>
      </history>
      <permissions>
        <copyright-statement>Russian Presidential Academy of National Economy and Public Administration.</copyright-statement>
        <copyright-year>© 2014</copyright-year>
      </permissions>
      <abstract>
        <b>The article explores the visual and verbal means that help to represent different identities in the semantic field of death in a contemporary Balkan city, which consists of street necrologies, tombstones and cemetery premises. The research is focused on the city of Prizren situated in the partially-recognized Republic of Kosovo. The data were collected during fieldwork expeditions in 2010 – 2013. The hypothesis is that the sacred space of death in city landscape, comparing to rural setting, is more open to innovation, and therefore the current social processes are better reflected, thus new articulated forms of identity representation and expression are developed. Historical cemeteries, as well as cemeteries of ethnic and confessional minorities, function as sites of memory and play an important role in the construction of current cultural landscape and historical map of Kosovo.</b>
      </abstract>
      <kwd-group>
        <kwd>Kosovo</kwd>
        <kwd>Serbia</kwd>
        <kwd>Prizren</kwd>
        <kwd>urban cemeteries</kwd>
        <kwd>necrologies</kwd>
        <kwd>death space</kwd>
        <kwd>identities</kwd>
        <kwd>multiculturalism</kwd>
        <kwd>multiconfessional situation.</kwd>
      </kwd-group>
      <counts>
        <table-count count="0" />
        <page-count count="0" />
      </counts>
    </article-meta>
  </front>
</article>
