<?xml version='1.0' encoding='UTF-8'?>
<article xmlns:xlink="http://www.w3.org/1999/xlink" dtd-version="1.1">
  <front>
    <journal-meta>
      <journal-id jjournal-id-type="publisher">State, Religion and Church in Russia and Worldwide</journal-id>
      <journal-title-group>
        <journal-title>Gosudarstvo, religiia, tserkov' v Rossii i za rubezhom</journal-title>
        <abbrev-journal-title abbrev-type="nlm-ta" />
      </journal-title-group>
      <issn pub-type="ppub" />
      <issn pub-type="epub" />
    </journal-meta>
    <article-meta>
      <article-id pub-id-type="manuscript" />
      <article-categories>
        <subj-group subj-group-type="article_type">
          <subject>Research article</subject>
        </subj-group>
        <subj-group subj-group-type="subject_areas" />
      </article-categories>
      <title-group>
        <article-title>Contemporary Religious Transformations in Multicultural Environment: Neo-Protestant Communities in Vojvodina (Serbia)</article-title>
        <alt-title alt-title-type="running" />
      </title-group>
      <contrib-group>
        <contrib contrib-type="author">
          <name>
            <surname>Đurić-Milovanović</surname>
            <given-names>Aleksandra</given-names>
          </name>
          <email />
          <role content-type="1" />
          <xref ref-type="aff" rid="aff1" />
        </contrib>
        <aff id="aff1">
          <institution />
          <addr-line content-type="addrline1" />
          <addr-line content-type="city" />
          <addr-line content-type="state" />
          <addr-line content-type="zipcode" />
          <addr-line content-type="country" />
      </aff>
      </contrib-group>
      <pub-date pub-type="epub" />
      <pub-date pub-type="ppub" />
      <elocation-id />
      <history>
        <date data-type="received">
          <day />
          <month />
          <year>2014</year>
      </date>
      </history>
      <permissions>
        <copyright-statement>Russian Presidential Academy of National Economy and Public Administration.</copyright-statement>
        <copyright-year>© 2014</copyright-year>
      </permissions>
      <abstract>
        <b>During the last decades religion has faced significant changes and the number of new religions increased in post-communist countries of Eastern and Central Europe. In Serbia, these changes led to new legal frameworks for both traditional churches and new religious communities. Although neo-Protestant communities were founded in the late 19th and the beginning of 20th centuries, they could be classified as «new religions» since they became more visible after the fall of communism. Neo-Protestants have spread their teachings in ethnically and confessional heterogeneous environments, such as the northern Serbian province of Vojvodina, and especially among ethnic minorities. Unlike mostly homogenous traditional communities in Serbia, neo-Protestants emphasize the principle of trans-ethnicity and trans-nationalism. This paper shows the dynamics of neo-Protestant communities in the region as well as changes that occurred in religious identities of the converts. The paper also indicates how religious transformations lead to diversification within a community that seems mono-ethnic and mono-confessional.</b>
      </abstract>
      <kwd-group>
        <kwd>neo-Protestantism</kwd>
        <kwd>evangelization</kwd>
        <kwd>conversion</kwd>
        <kwd>multi-ethnic environments</kwd>
        <kwd>Vojvodina.</kwd>
      </kwd-group>
      <counts>
        <table-count count="0" />
        <page-count count="0" />
      </counts>
    </article-meta>
  </front>
</article>
