<?xml version='1.0' encoding='UTF-8'?>
<article xmlns:xlink="http://www.w3.org/1999/xlink" dtd-version="1.1">
  <front>
    <journal-meta>
      <journal-id jjournal-id-type="publisher">GRC</journal-id>
      <journal-title-group>
        <journal-title>Gosudarstvo, religiia, tserkov' v Rossii i za rubezhom </journal-title>
        <abbrev-journal-title abbrev-type="nlm-ta" />
      </journal-title-group>
      <issn pub-type="ppub" />
      <issn pub-type="epub" />
    </journal-meta>
    <article-meta>
      <article-id pub-id-type="manuscript" />
      <article-categories>
        <subj-group subj-group-type="article_type">
          <subject>Research article</subject>
        </subj-group>
        <subj-group subj-group-type="subject_areas">
          <subject> </subject>
      </subj-group>
      </article-categories>
      <title-group>
        <article-title>The Choreography of Cohabitation: Contemporary Sharing of Shrines in Macedonia</article-title>
        <alt-title alt-title-type="running" />
      </title-group>
      <contrib-group>
        <contrib contrib-type="author">
          <name>
            <surname>Bowman</surname>
            <given-names>Glenn</given-names>
          </name>
          <email />
          <role content-type="1" />
          <xref ref-type="aff" rid="aff1" />
        </contrib>
        <aff id="aff1">
          <institution />
          <addr-line content-type="addrline1" />
          <addr-line content-type="city" />
          <addr-line content-type="state" />
          <addr-line content-type="zipcode" />
          <addr-line content-type="country" />
      </aff>
      </contrib-group>
      <pub-date pub-type="epub" />
      <pub-date pub-type="ppub" />
      <elocation-id />
      <history>
        <date data-type="received">
          <day />
          <month />
          <year>2014</year>
      </date>
      </history>
      <permissions>
        <copyright-statement>Russian Presidential Academy of National Economy and Public Administration.</copyright-statement>
        <copyright-year>© 2014</copyright-year>
      </permissions>
      <abstract>
        <b>This paper aims to contribute some contemporary fieldwork insights from Macedonia to discussions on the coexistence of Muslims (both Sunni and Sufi) and Orthodox Christians around sacred sites. While recent developments have led to the dominance of ‘clash of civilisations’ discourse in such situations, I here use detailed studies of the three sites where intercommunal mixing occurs to evidence a range of different modalities of interaction, spanning a spectrum from overt antagonistic intolerance through non-conflictual cohabitation to forms of sharing close to syncretistic practice. The paper investigates the elements of the social fields engaged by these communities that prompt hostility, permit coexistence, and promote identification, and inquires whether the more benign forms of interaction currently manifest in Macedonia are atavistic in settings increasingly marked by ethno-nationalism and fundamentalism.</b>
      </abstract>
      <kwd-group>
        <kwd>shrines</kwd>
        <kwd>sharing</kwd>
        <kwd>mixing</kwd>
        <kwd>Muslim</kwd>
        <kwd>Sufi</kwd>
        <kwd>Orthodox Christian</kwd>
        <kwd>ritual</kwd>
        <kwd>practice</kwd>
        <kwd>tolerance</kwd>
        <kwd>antagonism.</kwd>
      </kwd-group>
      <counts>
        <table-count count="0" />
        <page-count count="0" />
      </counts>
    </article-meta>
  </front>
</article>
