<?xml version='1.0' encoding='UTF-8'?>
<article xmlns:xlink="http://www.w3.org/1999/xlink" dtd-version="1.1">
  <front>
    <journal-meta>
      <journal-id jjournal-id-type="publisher">GRC</journal-id>
      <journal-title-group>
        <journal-title>Gosudarstvo, religiia, tserkov' v Rossii i za rubezhom </journal-title>
        <abbrev-journal-title abbrev-type="nlm-ta" />
      </journal-title-group>
      <issn pub-type="ppub" />
      <issn pub-type="epub" />
    </journal-meta>
    <article-meta>
      <article-id pub-id-type="manuscript" />
      <article-categories>
        <subj-group subj-group-type="article_type">
          <subject>Research Letter</subject>
        </subj-group>
        <subj-group subj-group-type="subject_areas">
          <subject> </subject>
      </subj-group>
      </article-categories>
      <title-group>
        <article-title>Islamic Revival as a Search for New Forms of Political Representation</article-title>
        <alt-title alt-title-type="running" />
      </title-group>
      <contrib-group>
        <contrib contrib-type="author">
          <name>
            <surname>Jemal</surname>
            <given-names>Orkhan</given-names>
          </name>
          <email />
          <role content-type="1" />
          <xref ref-type="aff" rid="aff1" />
        </contrib>
        <aff id="aff1">
          <institution />
          <addr-line content-type="addrline1" />
          <addr-line content-type="city" />
          <addr-line content-type="state" />
          <addr-line content-type="zipcode" />
          <addr-line content-type="country" />
      </aff>
      </contrib-group>
      <pub-date pub-type="epub" />
      <pub-date pub-type="ppub" />
      <elocation-id />
      <history>
        <date data-type="received">
          <day />
          <month />
          <year>2017</year>
      </date>
      </history>
      <permissions>
        <copyright-statement />
        <copyright-year />
      </permissions>
      <abstract>
        <b>The main idea that Orkhun Jamal expresses in his interview is that the current stage of Islamic revival is not the desire to move back to the past or denial of progress. But as a result of social progress leading to the marginalization of a huge portion of the Islamic religious community due to the loss of political representation after the Islamic caliphate was destroyed, the search for the new forms of such representation is in progress. This search takes place in different forms, and it is accompanied by violence as it presupposes radical political shifts. The same thing occurred in the other similar situations, for example in the course of the Protestant Reformation, and in implementation of the communist project. Orkhan did not connect the current situation in Islam with migration from Muslim states to the West (he explained the problems that arose here by the crisis of Europe itself). At the same time, he thinks that one of the forms of Islamic expansion should be the development of a model of life for everyone (including non-Muslims) that is characterized by serious moral superiority compared to the current Western way of life.</b>
      </abstract>
      <kwd-group>
        <kwd>Islamism</kwd>
        <kwd>caliphate</kwd>
        <kwd>political representation</kwd>
        <kwd>Islamic way of development</kwd>
        <kwd>Arabic spring</kwd>
        <kwd>Islamic terrorism.</kwd>
      </kwd-group>
      <counts>
        <table-count count="0" />
        <page-count count="0" />
      </counts>
    </article-meta>
  </front>
</article>
