<?xml version='1.0' encoding='UTF-8'?>
<article xmlns:xlink="http://www.w3.org/1999/xlink" dtd-version="1.1">
  <front>
    <journal-meta>
      <journal-id jjournal-id-type="publisher">GRC</journal-id>
      <journal-title-group>
        <journal-title>Gosudarstvo, religiia, tserkov' v Rossii i za rubezhom </journal-title>
        <abbrev-journal-title abbrev-type="nlm-ta" />
      </journal-title-group>
      <issn pub-type="ppub" />
      <issn pub-type="epub" />
    </journal-meta>
    <article-meta>
      <article-id pub-id-type="manuscript" />
      <article-categories>
        <subj-group subj-group-type="article_type">
          <subject>Research Letter</subject>
        </subj-group>
        <subj-group subj-group-type="subject_areas">
          <subject> </subject>
      </subj-group>
      </article-categories>
      <title-group>
        <article-title>Islamic Law in the Situation of Rivalry of Different Legal Systems: The Case of the North Caucasus</article-title>
        <alt-title alt-title-type="running" />
      </title-group>
      <contrib-group>
        <contrib contrib-type="author">
          <name>
            <surname>Kazenin</surname>
            <given-names>Konstantin</given-names>
          </name>
          <email />
          <role content-type="1" />
          <xref ref-type="aff" rid="aff1" />
        </contrib>
        <aff id="aff1">
          <institution />
          <addr-line content-type="addrline1" />
          <addr-line content-type="city" />
          <addr-line content-type="state" />
          <addr-line content-type="zipcode" />
          <addr-line content-type="country" />
      </aff>
      </contrib-group>
      <pub-date pub-type="epub" />
      <pub-date pub-type="ppub" />
      <elocation-id />
      <history>
        <date data-type="received">
          <day />
          <month />
          <year>2017</year>
      </date>
      </history>
      <permissions>
        <copyright-statement />
        <copyright-year />
      </permissions>
      <abstract>
        <b>The goal of this article is to provide a general overview of current research concerning the use of religious norms as an instrument of social regulation in the North Caucasus. The use of Islamic legal norms is an example of legal pluralism, i.e., parallel coexistence of different legal systems or their separate legal norms. The author gives a detailed analysis of two aspects of the use of religious norms to resolve conflicts in the eastern part of the North Caucasus. He considers alternatives to the use of these norms and also social factors that motivate residents to resort to these norms. The choice of the eastern part of the North Caucasus (Dagestan, Chechnya, Ingushetia) as a research area is determined by the fact that legal pluralism is much more widespread there than in the west of the North Caucasus.</b>
      </abstract>
      <kwd-group>
        <kwd>legal pluralism</kwd>
        <kwd>Northern Caucasus</kwd>
        <kwd>Dagestan</kwd>
        <kwd>Chechnya</kwd>
        <kwd>Islam</kwd>
        <kwd>Islamic law.</kwd>
      </kwd-group>
      <counts>
        <table-count count="0" />
        <page-count count="0" />
      </counts>
    </article-meta>
  </front>
</article>
