<?xml version='1.0' encoding='UTF-8'?>
<article xmlns:xlink="http://www.w3.org/1999/xlink" dtd-version="1.1">
  <front>
    <journal-meta>
      <journal-id jjournal-id-type="publisher">GRC</journal-id>
      <journal-title-group>
        <journal-title>Gosudarstvo, religiia, tserkov' v Rossii i za rubezhom </journal-title>
        <abbrev-journal-title abbrev-type="nlm-ta" />
      </journal-title-group>
      <issn pub-type="ppub" />
      <issn pub-type="epub" />
    </journal-meta>
    <article-meta>
      <article-id pub-id-type="manuscript" />
      <article-categories>
        <subj-group subj-group-type="article_type">
          <subject>Research Letter</subject>
        </subj-group>
        <subj-group subj-group-type="subject_areas">
          <subject> </subject>
      </subj-group>
      </article-categories>
      <title-group>
        <article-title>The Image of the Sun in Georges Bataille’s Philosophy of the Sacred</article-title>
        <alt-title alt-title-type="running" />
      </title-group>
      <contrib-group>
        <contrib contrib-type="author">
          <name>
            <surname>Zygmont</surname>
            <given-names>Alexey</given-names>
          </name>
          <email />
          <role content-type="1" />
          <xref ref-type="aff" rid="aff1" />
        </contrib>
        <aff id="aff1">
          <institution />
          <addr-line content-type="addrline1" />
          <addr-line content-type="city" />
          <addr-line content-type="state" />
          <addr-line content-type="zipcode" />
          <addr-line content-type="country" />
      </aff>
      </contrib-group>
      <pub-date pub-type="epub" />
      <pub-date pub-type="ppub" />
      <elocation-id />
      <history>
        <date data-type="received">
          <day />
          <month />
          <year>2017</year>
      </date>
      </history>
      <permissions>
        <copyright-statement />
        <copyright-year />
      </permissions>
      <abstract>
        <b>This article considers the image of the sun in Georges Bataille’s philosophy and its position in relation to his theory of the sacred. The author puts forward the hypothesis that the sun as a conceptual metaphor accumulates meanings, notions, and intuitions that are later attributed to the sacred and are finally inscribed in its composition. Among the probable points of intersection the following concepts are considered: the ambivalence of the sacred, loss of subjectivity as religion’s main point, the unreal, the monstrous, the opposition of heterogeneous/homogeneous, violence, death, etc. The conclusion is drawn that the sun expresses the human being’s violent transition to another state, which could be associated with the opposite side of reality, i.e. with the sacred. The author also analyzes the role of this image in Bataille’s epistemology, which interprets cognition as religious ecstasy and the destruction of the subject-object relation with its object in favor of identification with it. Toward the end of the article the image of the sun’s place in the philosopher’s later work is considered, and it is concluded that it is inscribed in the structure of the sacred via the concepts of sacrifice and expenditure.</b>
      </abstract>
      <kwd-group>
        <kwd>Georges Bataille</kwd>
        <kwd>sun</kwd>
        <kwd>sacred</kwd>
        <kwd>sacrifice</kwd>
        <kwd>violence</kwd>
        <kwd>unreal</kwd>
        <kwd>heterogeneous</kwd>
        <kwd>expenditure.</kwd>
      </kwd-group>
      <counts>
        <table-count count="0" />
        <page-count count="0" />
      </counts>
    </article-meta>
  </front>
</article>
