<?xml version='1.0' encoding='UTF-8'?>
<article xmlns:xlink="http://www.w3.org/1999/xlink" dtd-version="1.1">
  <front>
    <journal-meta>
      <journal-id jjournal-id-type="publisher">GRC</journal-id>
      <journal-title-group>
        <journal-title>Gosudarstvo, religiia, tserkov' v Rossii i za rubezhom </journal-title>
        <abbrev-journal-title abbrev-type="nlm-ta" />
      </journal-title-group>
      <issn pub-type="ppub" />
      <issn pub-type="epub" />
    </journal-meta>
    <article-meta>
      <article-id pub-id-type="manuscript" />
      <article-categories>
        <subj-group subj-group-type="article_type">
          <subject>Research Letter</subject>
        </subj-group>
        <subj-group subj-group-type="subject_areas">
          <subject> </subject>
      </subj-group>
      </article-categories>
      <title-group>
        <article-title>Islamic Reformation: The Heuristic Value of the Approach</article-title>
        <alt-title alt-title-type="running" />
      </title-group>
      <contrib-group>
        <contrib contrib-type="author">
          <name>
            <surname>Starodubrovskaya</surname>
            <given-names>Irina</given-names>
          </name>
          <email />
          <role content-type="1" />
          <xref ref-type="aff" rid="aff1" />
        </contrib>
        <aff id="aff1">
          <institution />
          <addr-line content-type="addrline1" />
          <addr-line content-type="city" />
          <addr-line content-type="state" />
          <addr-line content-type="zipcode" />
          <addr-line content-type="country" />
      </aff>
      </contrib-group>
      <pub-date pub-type="epub" />
      <pub-date pub-type="ppub" />
      <elocation-id />
      <history>
        <date data-type="received">
          <day />
          <month />
          <year>2017</year>
      </date>
      </history>
      <permissions>
        <copyright-statement />
        <copyright-year />
      </permissions>
      <abstract>
        <b>This article explores the analytical value of Islamic reformation as a conceptual framework for the analysis of the current situation in the Islamic world. Different attitudes toward this concept are compared, resulting in the conclusion that any valid assessment requires a definition of reformation as a religious and social process that can exist outside the specific period of the Protestant Reformation. Delineation of the general characteristics of reformation makes it possible to demonstrate that current tendencies in the Islamic world are similar to those occurring during the Reformation and that Islamic fundamentalists are the driving force of this new reformation. This means that it is incorrect to assess their values and their influence as archaic, reactionary, or fascist. The worldview of Islamic fundamentalists contains both modernizing and anti-modernizing features, and some elements of their influence on society are of a modernizing nature.</b>
      </abstract>
      <kwd-group>
        <kwd>Reformation</kwd>
        <kwd>Islamic fundamentalism</kwd>
        <kwd>protestant ethic</kwd>
        <kwd>modernization</kwd>
        <kwd>individualism</kwd>
        <kwd>generation conflict.</kwd>
      </kwd-group>
      <counts>
        <table-count count="0" />
        <page-count count="0" />
      </counts>
    </article-meta>
  </front>
</article>
