<?xml version='1.0' encoding='UTF-8'?>
<article xmlns:xlink="http://www.w3.org/1999/xlink" dtd-version="1.1">
  <front>
    <journal-meta>
      <journal-id jjournal-id-type="publisher">GRC</journal-id>
      <journal-title-group>
        <journal-title>Gosudarstvo, religiia, tserkov' v Rossii i za rubezhom </journal-title>
        <abbrev-journal-title abbrev-type="nlm-ta" />
      </journal-title-group>
      <issn pub-type="ppub" />
      <issn pub-type="epub" />
    </journal-meta>
    <article-meta>
      <article-id pub-id-type="manuscript" />
      <article-categories>
        <subj-group subj-group-type="article_type">
          <subject>Research Letter</subject>
        </subj-group>
        <subj-group subj-group-type="subject_areas">
          <subject> </subject>
      </subj-group>
      </article-categories>
      <title-group>
        <article-title>Jadidism as a Paradigm for Studying Islam in the Russian Empire</article-title>
        <alt-title alt-title-type="running" />
      </title-group>
      <contrib-group>
        <contrib contrib-type="author">
          <name>
            <surname>Bustanov</surname>
            <given-names>Alfrid</given-names>
          </name>
          <email />
          <role content-type="1" />
          <xref ref-type="aff" rid="aff1" />
        </contrib>
        <contrib contrib-type="author">
          <name>
            <surname>Dorodnykh</surname>
            <given-names>Daria</given-names>
          </name>
          <email />
          <role content-type="2" />
          <xref ref-type="aff" rid="aff2" />
        </contrib>
        <aff id="aff1">
          <institution />
          <addr-line content-type="addrline1" />
          <addr-line content-type="city" />
          <addr-line content-type="state" />
          <addr-line content-type="zipcode" />
          <addr-line content-type="country" />
        </aff>
        <aff id="aff2">
          <institution />
          <addr-line content-type="addrline1" />
          <addr-line content-type="city" />
          <addr-line content-type="state" />
          <addr-line content-type="zipcode" />
          <addr-line content-type="country" />
      </aff>
      </contrib-group>
      <pub-date pub-type="epub" />
      <pub-date pub-type="ppub" />
      <elocation-id />
      <history>
        <date data-type="received">
          <day />
          <month />
          <year>2017</year>
      </date>
      </history>
      <permissions>
        <copyright-statement />
        <copyright-year />
      </permissions>
      <abstract>
        <b>This article is devoted to problematizing the research focus of academic literature on Islamic reformers in the Russian empire. Studies of the late imperial period typically devote the majority of their attention to modernization. Jadidists-reformers are considered as key protagonists and engines of history. A typical narrative about Jadidists includes several elements: political activity, reforms in education, the flourishing of journalism, the renewal of religion and the “women’s question.” In this article we consider Jadidism as a story about backwardness and progress, which is uncritically reproduced in academic literature. Relying on recollections of Gubdulla Bubi, we offer a reconsideration of the framework that is generally used to describe the intellectual history of Muslims in Russia. We classify Bubi’s narrative as language-ideology and place it within the framework of our own “imperial project”. We do so in order to offer an alternative to Jadidim as an explanatory model.</b>
      </abstract>
      <kwd-group>
        <kwd>Islam in Russian empire</kwd>
        <kwd>Islamic modernism</kwd>
        <kwd>Jadidism</kwd>
        <kwd>imperial project.</kwd>
      </kwd-group>
      <counts>
        <table-count count="0" />
        <page-count count="0" />
      </counts>
    </article-meta>
  </front>
</article>
