<?xml version='1.0' encoding='UTF-8'?>
<article xmlns:xlink="http://www.w3.org/1999/xlink" dtd-version="1.1">
  <front>
    <journal-meta>
      <journal-id jjournal-id-type="publisher">GRC</journal-id>
      <journal-title-group>
        <journal-title>Gosudarstvo, religiia, tserkov' v Rossii i za rubezhom </journal-title>
        <abbrev-journal-title abbrev-type="nlm-ta" />
      </journal-title-group>
      <issn pub-type="ppub" />
      <issn pub-type="epub" />
    </journal-meta>
    <article-meta>
      <article-id pub-id-type="manuscript" />
      <article-categories>
        <subj-group subj-group-type="article_type">
          <subject>Research Letter</subject>
        </subj-group>
        <subj-group subj-group-type="subject_areas">
          <subject> </subject>
      </subj-group>
      </article-categories>
      <title-group>
        <article-title>The Ideology of Russian-Language Jihadism before ISIS: Its Soviet Reception as the Origin of Post-Soviet Radicalism</article-title>
        <alt-title alt-title-type="running" />
      </title-group>
      <contrib-group>
        <contrib contrib-type="author">
          <name>
            <surname>Garaev</surname>
            <given-names>Danis</given-names>
          </name>
          <email />
          <role content-type="1" />
          <xref ref-type="aff" rid="aff1" />
        </contrib>
        <aff id="aff1">
          <institution />
          <addr-line content-type="addrline1" />
          <addr-line content-type="city" />
          <addr-line content-type="state" />
          <addr-line content-type="zipcode" />
          <addr-line content-type="country" />
      </aff>
      </contrib-group>
      <pub-date pub-type="epub" />
      <pub-date pub-type="ppub" />
      <elocation-id />
      <history>
        <date data-type="received">
          <day />
          <month />
          <year>2017</year>
      </date>
      </history>
      <permissions>
        <copyright-statement />
        <copyright-year />
      </permissions>
      <abstract>
        <b>This article is devoted to the origin and development of the propagandist ideology of Russian-language Jihadism, which is linked with the events in the Middle East over the last few years. It develops the idea that the jihadism in Russia should be considered not so much in the context of the Islamic issue or as a result of the influence of foreign countries, but rather as an example of post-Soviet radicalism, formed on a native ideological and intellectual base. The article states that this meaningfully diverse ideology originated under the influence of Soviet and post-Soviet intellectual traditions, which made this ideology so effective in the Russian context.</b>
      </abstract>
      <kwd-group>
        <kwd>jihad</kwd>
        <kwd>post-socialism</kwd>
        <kwd>radicalism</kwd>
        <kwd>Islam</kwd>
        <kwd>jihadism.</kwd>
      </kwd-group>
      <counts>
        <table-count count="0" />
        <page-count count="0" />
      </counts>
    </article-meta>
  </front>
</article>
