<?xml version='1.0' encoding='UTF-8'?>
<article xmlns:xlink="http://www.w3.org/1999/xlink" dtd-version="1.1">
  <front>
    <journal-meta>
      <journal-id jjournal-id-type="publisher">GRC</journal-id>
      <journal-title-group>
        <journal-title>Gosudarstvo, religiia, tserkov' v Rossii i za rubezhom </journal-title>
        <abbrev-journal-title abbrev-type="nlm-ta" />
      </journal-title-group>
      <issn pub-type="ppub" />
      <issn pub-type="epub" />
    </journal-meta>
    <article-meta>
      <article-id pub-id-type="manuscript" />
      <article-categories>
        <subj-group subj-group-type="article_type">
          <subject>Research Letter</subject>
        </subj-group>
        <subj-group subj-group-type="subject_areas">
          <subject> </subject>
      </subj-group>
      </article-categories>
      <title-group>
        <article-title>Toward the Sociology of Esoteric Culture</article-title>
        <alt-title alt-title-type="running" />
      </title-group>
      <contrib-group>
        <contrib contrib-type="author">
          <name>
            <surname>Tiryakian</surname>
            <given-names>Edward Ashod</given-names>
          </name>
          <email />
          <role content-type="1" />
          <xref ref-type="aff" rid="aff1" />
        </contrib>
        <aff id="aff1">
          <institution />
          <addr-line content-type="addrline1" />
          <addr-line content-type="city" />
          <addr-line content-type="state" />
          <addr-line content-type="zipcode" />
          <addr-line content-type="country" />
      </aff>
      </contrib-group>
      <pub-date pub-type="epub" />
      <pub-date pub-type="ppub" />
      <elocation-id />
      <history>
        <date data-type="received">
          <day />
          <month />
          <year>2013</year>
      </date>
      </history>
      <permissions>
        <copyright-statement />
        <copyright-year />
      </permissions>
      <abstract>
        <b>The point of departure of this paper is an examination of the sociological literature on the recent occult revival in modern societies. This phenomenon, which clashes with the image of secularization, is particularly notable among the youth of the counterculture. To further sociological analysis, a conceptualization of esoteric culture is proposed. It is further argued that esoteric culture has played a significant role in Western cultural change, in such areas as artistic    expressions, political ideas, and even scientific thought. Esoteric culture is thus treated as a source of ideational innovations in Western modernization.</b>
      </abstract>
      <kwd-group>
        <kwd>modernization</kwd>
        <kwd>secularization</kwd>
        <kwd>societal change</kwd>
        <kwd>esotericism</kwd>
        <kwd>occult</kwd>
        <kwd>esoteric culture</kwd>
        <kwd>exoteric culture</kwd>
        <kwd>occult revival</kwd>
        <kwd>counterculture</kwd>
        <kwd>occult establishment</kwd>
        <kwd>occult underground.</kwd>
      </kwd-group>
      <counts>
        <table-count count="0" />
        <page-count count="0" />
      </counts>
    </article-meta>
  </front>
</article>
