<?xml version='1.0' encoding='UTF-8'?>
<article xmlns:xlink="http://www.w3.org/1999/xlink" dtd-version="1.1">
  <front>
    <journal-meta>
      <journal-id jjournal-id-type="publisher">GRC</journal-id>
      <journal-title-group>
        <journal-title>Gosudarstvo, religiia, tserkov' v Rossii i za rubezhom </journal-title>
        <abbrev-journal-title abbrev-type="nlm-ta" />
      </journal-title-group>
      <issn pub-type="ppub" />
      <issn pub-type="epub" />
    </journal-meta>
    <article-meta>
      <article-id pub-id-type="manuscript" />
      <article-categories>
        <subj-group subj-group-type="article_type">
          <subject>Research Letter</subject>
        </subj-group>
        <subj-group subj-group-type="subject_areas">
          <subject> </subject>
      </subj-group>
      </article-categories>
      <title-group>
        <article-title>Mapping Imagination on the Borders of Science: Quest for Universal Unity at the Turn of the 19th — 20th Centuries</article-title>
        <alt-title alt-title-type="running" />
      </title-group>
      <contrib-group>
        <contrib contrib-type="author">
          <name>
            <surname>Razdyakonov</surname>
            <given-names>Vladislav</given-names>
          </name>
          <email />
          <role content-type="1" />
          <xref ref-type="aff" rid="aff1" />
        </contrib>
        <aff id="aff1">
          <institution />
          <addr-line content-type="addrline1" />
          <addr-line content-type="city" />
          <addr-line content-type="state" />
          <addr-line content-type="zipcode" />
          <addr-line content-type="country" />
      </aff>
      </contrib-group>
      <pub-date pub-type="epub" />
      <pub-date pub-type="ppub" />
      <elocation-id />
      <history>
        <date data-type="received">
          <day />
          <month />
          <year>2013</year>
      </date>
      </history>
      <permissions>
        <copyright-statement />
        <copyright-year />
      </permissions>
      <abstract>
        <b>Drawing upon latest studies in the history of parascience, this review article demonstrates crucial differences between its main branches at the turn of the 19th century. The author calls for a careful approach in using «presentist» historical methodology and highlights the motivations of both scientists and those labeled «stepchildren of science», who tried to find universal principles regulating the processes in the world of nature. The degree in which scientific ideas correlate with personal value biases may be used as a possible criterion for demarcating the boundary between scientific and parascientific discourses.            Oppenheim, J. P. (1985) The Other World. Spiritualism and Psychical Research in England, 1850 – 1912. Cambridge: Cambridge University Press. — 503 p.            Wolffram, H. (2009) The Stepchildren of Science. Psychical Research and Parapsychology in Germany. Amsterdam — New York: Rodopi. — 342 p.            Lachapelle, S. (2011) Investigating Supernatural. From Spiritism and Occultism to Psychical Research and Metaphysics in France, 1853 – 1931. Baltimore: The Johns Hopkins University Press. — 198 p.</b>
      </abstract>
      <kwd-group>
        <kwd>parascience</kwd>
        <kwd>history of science</kwd>
        <kwd>parapsychology</kwd>
        <kwd>modern spiritualism</kwd>
        <kwd>Occultism.</kwd>
      </kwd-group>
      <counts>
        <table-count count="0" />
        <page-count count="0" />
      </counts>
    </article-meta>
  </front>
</article>
