<?xml version='1.0' encoding='UTF-8'?>
<article xmlns:xlink="http://www.w3.org/1999/xlink" dtd-version="1.1">
  <front>
    <journal-meta>
      <journal-id jjournal-id-type="publisher">GRC</journal-id>
      <journal-title-group>
        <journal-title>Gosudarstvo, religiia, tserkov' v Rossii i za rubezhom </journal-title>
        <abbrev-journal-title abbrev-type="nlm-ta" />
      </journal-title-group>
      <issn pub-type="ppub" />
      <issn pub-type="epub" />
    </journal-meta>
    <article-meta>
      <article-id pub-id-type="manuscript" />
      <article-categories>
        <subj-group subj-group-type="article_type">
          <subject>Research Letter</subject>
        </subj-group>
        <subj-group subj-group-type="subject_areas">
          <subject> </subject>
      </subj-group>
      </article-categories>
      <title-group>
        <article-title>What Is Esoteric? Methods in the Study of Western Esotericism</article-title>
        <alt-title alt-title-type="running" />
      </title-group>
      <contrib-group>
        <contrib contrib-type="author">
          <name>
            <surname>Versluis</surname>
            <given-names>Arthur</given-names>
          </name>
          <email />
          <role content-type="1" />
          <xref ref-type="aff" rid="aff1" />
        </contrib>
        <aff id="aff1">
          <institution />
          <addr-line content-type="addrline1" />
          <addr-line content-type="city" />
          <addr-line content-type="state" />
          <addr-line content-type="zipcode" />
          <addr-line content-type="country" />
      </aff>
      </contrib-group>
      <pub-date pub-type="epub" />
      <pub-date pub-type="ppub" />
      <elocation-id />
      <history>
        <date data-type="received">
          <day />
          <month />
          <year>2013</year>
      </date>
      </history>
      <permissions>
        <copyright-statement />
        <copyright-year />
      </permissions>
      <abstract>
        <b>In this article the author analyzes contemporary approaches to the study of esotericism. The article includes an overview of the influential methodologies of A. Faivre and W. Hanegraaff, complemented by the author’s original approach that he calls «sympathetic empiricism». The author focuses on extreme cases: pro-esotericism and anti-esotericism, reductionism and traditionalism. From the author’s point of view, a truly academic approach would find a median position between these extremes, combining the benefits of emic and etic approaches. The author also deals with the problem of definition of esotericism, developing his original concept, where «gnosis» is used as a definitive quality common to all esoteric currents.</b>
      </abstract>
      <kwd-group>
        <kwd>esotericism</kwd>
        <kwd>sympathetic empiricism</kwd>
        <kwd>reductionism in the study of religion</kwd>
        <kwd>perennialism</kwd>
        <kwd>traditionalism</kwd>
        <kwd>gnosis.</kwd>
      </kwd-group>
      <counts>
        <table-count count="0" />
        <page-count count="0" />
      </counts>
    </article-meta>
  </front>
</article>
