<?xml version='1.0' encoding='UTF-8'?>
<article xmlns:xlink="http://www.w3.org/1999/xlink" dtd-version="1.1">
  <front>
    <journal-meta>
      <journal-id jjournal-id-type="publisher">GRC</journal-id>
      <journal-title-group>
        <journal-title>Gosudarstvo, religiia, tserkov' v Rossii i za rubezhom </journal-title>
        <abbrev-journal-title abbrev-type="nlm-ta" />
      </journal-title-group>
      <issn pub-type="ppub" />
      <issn pub-type="epub" />
    </journal-meta>
    <article-meta>
      <article-id pub-id-type="manuscript" />
      <article-categories>
        <subj-group subj-group-type="article_type">
          <subject>Research Letter</subject>
        </subj-group>
        <subj-group subj-group-type="subject_areas">
          <subject> </subject>
      </subj-group>
      </article-categories>
      <title-group>
        <article-title>The Origins of Gerald Gardner’s Views on Witchcraft</article-title>
        <alt-title alt-title-type="running" />
      </title-group>
      <contrib-group>
        <contrib contrib-type="author">
          <name>
            <surname>Panin</surname>
            <given-names>Stanislav</given-names>
          </name>
          <email />
          <role content-type="1" />
          <xref ref-type="aff" rid="aff1" />
        </contrib>
        <aff id="aff1">
          <institution />
          <addr-line content-type="addrline1" />
          <addr-line content-type="city" />
          <addr-line content-type="state" />
          <addr-line content-type="zipcode" />
          <addr-line content-type="country" />
      </aff>
      </contrib-group>
      <pub-date pub-type="epub" />
      <pub-date pub-type="ppub" />
      <elocation-id />
      <history>
        <date data-type="received">
          <day />
          <month />
          <year>2013</year>
      </date>
      </history>
      <permissions>
        <copyright-statement />
        <copyright-year />
      </permissions>
      <abstract>
        <b>Wicca is one of the most popular forms of Western esotericism and a fast-growing new religious movement, both in the West and in Russia. This popularity requires the careful study of Wicca’s original teachings and practices. In Russia the topic is understudied and sometimes ignored in religious studies. The article’s objective is to introduce recent researches on Wicca to Russian academic audience and to critically analyze them. The article includes a general overview of recent studies of the fundamental principles of the Wiccan doctrine. The author summarizes the early history of Wicca, the sources of Gerald Gardner’s ideas and his relationships to other esoteric groups.</b>
      </abstract>
      <kwd-group>
        <kwd>Wicca</kwd>
        <kwd>neopaganism</kwd>
        <kwd>Western esotericism</kwd>
        <kwd>new religious movements</kwd>
        <kwd>Gardner.</kwd>
      </kwd-group>
      <counts>
        <table-count count="0" />
        <page-count count="0" />
      </counts>
    </article-meta>
  </front>
</article>
