<?xml version='1.0' encoding='UTF-8'?>
<article xmlns:xlink="http://www.w3.org/1999/xlink" dtd-version="1.1">
  <front>
    <journal-meta>
      <journal-id jjournal-id-type="publisher">GRC</journal-id>
      <journal-title-group>
        <journal-title>Gosudarstvo, religiia, tserkov' v Rossii i za rubezhom </journal-title>
        <abbrev-journal-title abbrev-type="nlm-ta" />
      </journal-title-group>
      <issn pub-type="ppub" />
      <issn pub-type="epub" />
    </journal-meta>
    <article-meta>
      <article-id pub-id-type="manuscript" />
      <article-categories>
        <subj-group subj-group-type="article_type">
          <subject>Research Letter</subject>
        </subj-group>
        <subj-group subj-group-type="subject_areas">
          <subject> </subject>
      </subj-group>
      </article-categories>
      <title-group>
        <article-title>Religion in the Third Reich Youth Propaganda</article-title>
        <alt-title alt-title-type="running" />
      </title-group>
      <contrib-group>
        <contrib contrib-type="author">
          <name>
            <surname>Vermishev</surname>
            <given-names>Georgy</given-names>
          </name>
          <email />
          <role content-type="1" />
          <xref ref-type="aff" rid="aff1" />
        </contrib>
        <aff id="aff1">
          <institution />
          <addr-line content-type="addrline1" />
          <addr-line content-type="city" />
          <addr-line content-type="state" />
          <addr-line content-type="zipcode" />
          <addr-line content-type="country" />
      </aff>
      </contrib-group>
      <pub-date pub-type="epub" />
      <pub-date pub-type="ppub" />
      <elocation-id />
      <history>
        <date data-type="received">
          <day />
          <month />
          <year>2014</year>
      </date>
      </history>
      <permissions>
        <copyright-statement />
        <copyright-year />
      </permissions>
      <abstract>
        <b>The article explores the place of religion in the public propaganda of the Third Reich, with a special emphasis on youth policy in the 1930s. It shows that the Nazi attitudes towards religious institutions remained highly ambiguous. On the one hand, they sought to create a new mytho-ritual system based on traditional Germanic beliefs. On the other hand, the state sought legitimation from Christian institutions, as illustrated by the Concordat with the Roman Catholic Church and the establishment of the «National Reich Church» for the Protestants. In addition, the article shows that the formation of the Nazi ideology was not only the consequence of the social and political crisis of the Weimar Republic, but also resulted from the crisis of the secular culture.</b>
      </abstract>
      <kwd-group>
        <kwd>Third Reich</kwd>
        <kwd>Nazism</kwd>
        <kwd>ideology</kwd>
        <kwd>church-state relations</kwd>
        <kwd>youth policy.</kwd>
      </kwd-group>
      <counts>
        <table-count count="0" />
        <page-count count="0" />
      </counts>
    </article-meta>
  </front>
</article>
