<?xml version='1.0' encoding='UTF-8'?>
<article xmlns:xlink="http://www.w3.org/1999/xlink" dtd-version="1.1">
  <front>
    <journal-meta>
      <journal-id jjournal-id-type="publisher">GRC</journal-id>
      <journal-title-group>
        <journal-title>Gosudarstvo, religiia, tserkov' v Rossii i za rubezhom </journal-title>
        <abbrev-journal-title abbrev-type="nlm-ta" />
      </journal-title-group>
      <issn pub-type="ppub" />
      <issn pub-type="epub" />
    </journal-meta>
    <article-meta>
      <article-id pub-id-type="manuscript" />
      <article-categories>
        <subj-group subj-group-type="article_type">
          <subject>Research Letter</subject>
        </subj-group>
        <subj-group subj-group-type="subject_areas">
          <subject> </subject>
      </subj-group>
      </article-categories>
      <title-group>
        <article-title>Mixed Pilgrimage in Serbia: the Case of Two Sanctuaries (Đunis and Tekije)</article-title>
        <alt-title alt-title-type="running" />
      </title-group>
      <contrib-group>
        <contrib contrib-type="author">
          <name>
            <surname>Radisavljević-Ćiparizović</surname>
            <given-names>Dragana</given-names>
          </name>
          <email />
          <role content-type="1" />
          <xref ref-type="aff" rid="aff1" />
        </contrib>
        <aff id="aff1">
          <institution />
          <addr-line content-type="addrline1" />
          <addr-line content-type="city" />
          <addr-line content-type="state" />
          <addr-line content-type="zipcode" />
          <addr-line content-type="country" />
      </aff>
      </contrib-group>
      <pub-date pub-type="epub" />
      <pub-date pub-type="ppub" />
      <elocation-id />
      <history>
        <date data-type="received">
          <day />
          <month />
          <year>2014</year>
      </date>
      </history>
      <permissions>
        <copyright-statement />
        <copyright-year />
      </permissions>
      <abstract>
        <b>This paper first defines the term folk religion. Mixed pilgrimage is theoretically viewed through the prism of earlier research. Then the paper presents case studies of two Christian shrines, one Orthodox and one Roman Catholic, in Serbia, which were traditional targets of pilgrimage by Roma Muslims in large numbers. This research tested the theoretical paradigm of communitas and the concept of «antagonistic tolerance». The results of the fieldwork show that the motives of pilgrims are similar and universal. While Roma Muslims and Christian pilgrims do not come up with a communitas, they do not get into conflict either. In the meanwhile, at the sanctuary, the relationship between Christian clergy and the Muslims represents an example of «antagonistic tolerance».</b>
      </abstract>
      <kwd-group>
        <kwd>mixed pilgrimage</kwd>
        <kwd>folk religiosity</kwd>
        <kwd>church religiosity</kwd>
        <kwd>Serbia.</kwd>
      </kwd-group>
      <counts>
        <table-count count="0" />
        <page-count count="0" />
      </counts>
    </article-meta>
  </front>
</article>
