<?xml version='1.0' encoding='UTF-8'?>
<article xmlns:xlink="http://www.w3.org/1999/xlink" dtd-version="1.1">
  <front>
    <journal-meta>
      <journal-id jjournal-id-type="publisher">GRC</journal-id>
      <journal-title-group>
        <journal-title>Gosudarstvo, religiia, tserkov' v Rossii i za rubezhom </journal-title>
        <abbrev-journal-title abbrev-type="nlm-ta" />
      </journal-title-group>
      <issn pub-type="ppub" />
      <issn pub-type="epub" />
    </journal-meta>
    <article-meta>
      <article-id pub-id-type="manuscript" />
      <article-categories>
        <subj-group subj-group-type="article_type">
          <subject>Research article</subject>
        </subj-group>
        <subj-group subj-group-type="subject_areas">
          <subject> </subject>
      </subj-group>
      </article-categories>
      <title-group>
        <article-title>What Kind of Religious Persons Were Invited to the USSR, and Who Was Allowed to Go Abroad (1943–1985)</article-title>
        <alt-title alt-title-type="running" />
      </title-group>
      <contrib-group>
        <contrib contrib-type="author">
          <name>
            <surname>Pivovarov</surname>
            <given-names>Nikita</given-names>
          </name>
          <email />
          <role content-type="1" />
          <xref ref-type="aff" rid="aff1" />
        </contrib>
        <aff id="aff1">
          <institution />
          <addr-line content-type="addrline1" />
          <addr-line content-type="city" />
          <addr-line content-type="state" />
          <addr-line content-type="zipcode" />
          <addr-line content-type="country" />
      </aff>
      </contrib-group>
      <pub-date pub-type="epub" />
      <pub-date pub-type="ppub" />
      <elocation-id />
      <history>
        <date data-type="received">
          <day />
          <month />
          <year>2017</year>
      </date>
      </history>
      <permissions>
        <copyright-statement>Russian Presidential Academy of National Economy and Public Administration.</copyright-statement>
        <copyright-year>© 2017</copyright-year>
      </permissions>
      <abstract>
        <b>The article explores the history of oicial “religious” travels to and from the USSR in the period of 1943 to 1985. The main sources are the documents of the Central Committee of the Communist Party. The study analyzes how the trips were prepared and realized, how and why were people from various religious confessions sent abroad and invited to the Soviet Union, and other related issues. The author distinguishes the following types of oicial missions: diplomatic, recreational, educational, religious‑functional, and pilgrimage. There were three key political objectives —  propaganda, information and recruitment. These trips played an important role as they established a systematic form of communication, which sometimes served as alternative to oicial diplomacy.</b>
      </abstract>
      <kwd-group>
        <kwd>Central Committee of the Communist Party of the Soviet Union</kwd>
        <kwd>the Council for Religious Affairs</kwd>
        <kwd>the Council for the Affairs of the Russian Orthodox Church</kwd>
        <kwd>Moscow Patriarchate</kwd>
        <kwd>Soviet diplomacy.</kwd>
      </kwd-group>
      <counts>
        <table-count count="0" />
        <page-count count="0" />
      </counts>
    </article-meta>
  </front>
</article>
