<?xml version='1.0' encoding='UTF-8'?>
<article xmlns:xlink="http://www.w3.org/1999/xlink" dtd-version="1.1">
  <front>
    <journal-meta>
      <journal-id jjournal-id-type="publisher">State, Religion and Church in Russia and Worldwide</journal-id>
      <journal-title-group>
        <journal-title>Gosudarstvo, religiia, tserkov' v Rossii i za rubezhom</journal-title>
        <abbrev-journal-title abbrev-type="nlm-ta" />
      </journal-title-group>
      <issn pub-type="ppub" />
      <issn pub-type="epub" />
    </journal-meta>
    <article-meta>
      <article-id pub-id-type="manuscript" />
      <article-categories>
        <subj-group subj-group-type="article_type">
          <subject>Research article</subject>
        </subj-group>
        <subj-group subj-group-type="subject_areas" />
      </article-categories>
      <title-group>
        <article-title>“Orthodox Factor” in Soviet Diplomacy: International Communications of the Moscow Patriarchate in the mid-1940s</article-title>
        <alt-title alt-title-type="running" />
      </title-group>
      <contrib-group>
        <contrib contrib-type="author">
          <name>
            <surname>Kail'</surname>
            <given-names>Maksim</given-names>
          </name>
          <email />
          <role content-type="1" />
          <xref ref-type="aff" rid="aff1" />
        </contrib>
        <aff id="aff1">
          <institution />
          <addr-line content-type="addrline1" />
          <addr-line content-type="city" />
          <addr-line content-type="state" />
          <addr-line content-type="zipcode" />
          <addr-line content-type="country" />
      </aff>
      </contrib-group>
      <pub-date pub-type="epub" />
      <pub-date pub-type="ppub" />
      <elocation-id />
      <history>
        <date data-type="received">
          <day />
          <month />
          <year>2017</year>
      </date>
      </history>
      <permissions>
        <copyright-statement>Russian Presidential Academy of National Economy and Public Administration.</copyright-statement>
        <copyright-year>© 2017</copyright-year>
      </permissions>
      <abstract>
        <b>This article analyses materials of the Council for the Afairs of the Russian Orthodox Church, the oicial correspondence, and the personal cases of the bishops in order to understand the models and practices of diplomatic work of the Moscow Patriarchate in the post‑war USSR. The author discusses how the priority of diferent “areas of activities” was created, how the foreign visits of Church delegations were organized, and how the government managed the cases of those priests who wished to repatriate from abroad. The author comes to the following conclusion: in post‑war period the interests of the state and the Church coincided: the state wanted to use the Church as a factor of international politics, and the Church strived to regain its international status among other Orthodox Churches as well as to bring back Russian émigré communities under its jurisdiction.</b>
      </abstract>
      <kwd-group>
        <kwd>Council for the Affairs of the Russian Orthodox Church</kwd>
        <kwd>Moscow Patriarchate</kwd>
        <kwd>international politics</kwd>
        <kwd>diplomacy</kwd>
        <kwd>Patriarch Alexii I</kwd>
        <kwd>Georgii Karpov</kwd>
        <kwd>Bishop Innocenty (Sokal’).</kwd>
      </kwd-group>
      <counts>
        <table-count count="0" />
        <page-count count="0" />
      </counts>
    </article-meta>
  </front>
</article>
