<?xml version='1.0' encoding='UTF-8'?>
<article xmlns:xlink="http://www.w3.org/1999/xlink" dtd-version="1.1">
  <front>
    <journal-meta>
      <journal-id jjournal-id-type="publisher">State, Religion and Church in Russia and Worldwide</journal-id>
      <journal-title-group>
        <journal-title>Gosudarstvo, religiia, tserkov' v Rossii i za rubezhom</journal-title>
        <abbrev-journal-title abbrev-type="nlm-ta" />
      </journal-title-group>
      <issn pub-type="ppub" />
      <issn pub-type="epub" />
    </journal-meta>
    <article-meta>
      <article-id pub-id-type="manuscript" />
      <article-categories>
        <subj-group subj-group-type="article_type">
          <subject>Research article</subject>
        </subj-group>
        <subj-group subj-group-type="subject_areas" />
      </article-categories>
      <title-group>
        <article-title>The Issue of Declaring Bishop Vladimir Kotliarov, Moscow Patriarchate Representative to the Patriarch of Antioch and All the East, Persona Non Grata in 1966</article-title>
        <alt-title alt-title-type="running" />
      </title-group>
      <contrib-group>
        <contrib contrib-type="author">
          <name>
            <surname>Chumachenko</surname>
            <given-names>Tatiana</given-names>
          </name>
          <email />
          <role content-type="1" />
          <xref ref-type="aff" rid="aff1" />
        </contrib>
        <aff id="aff1">
          <institution />
          <addr-line content-type="addrline1" />
          <addr-line content-type="city" />
          <addr-line content-type="state" />
          <addr-line content-type="zipcode" />
          <addr-line content-type="country" />
      </aff>
      </contrib-group>
      <pub-date pub-type="epub" />
      <pub-date pub-type="ppub" />
      <elocation-id />
      <history>
        <date data-type="received">
          <day />
          <month />
          <year>2017</year>
      </date>
      </history>
      <permissions>
        <copyright-statement>Russian Presidential Academy of National Economy and Public Administration.</copyright-statement>
        <copyright-year>© 2017</copyright-year>
      </permissions>
      <abstract>
        <b>The article analyses the history of relations between Russian and Antioch Orthodox Churches in the 20th century. The focus is on Bishop (Kotliarov) of Podolsk, the Moscow Patriarchate representative to the Patriarch of Antioch and all the East in 1965 – 1966. The article draws upon unpublished documents from the State Archive of the Russian Federation, some of which are still classiied, and shows extreme conditions of the bishop’s ministry in the context of political rivalry between the USSR and the USA in the Middle East. The representative of the Moscow Patriarchate became “hostage” of internal political  situation in Syria and of the oicial post‑war policy of engaging the Russian Church as an instrument of of Soviet foreign policy. The unprecedented action against the representative of the Moscow Patriarchate prompted some Church leaders to raise the issue of the Church’s greater autonomy on international arena.</b>
      </abstract>
      <kwd-group>
        <kwd>Russian Orthodox Church</kwd>
        <kwd>Patriarchate of Antioch</kwd>
        <kwd>Bishop Vladimir (Kotliarov)</kwd>
        <kwd>Middle East..</kwd>
      </kwd-group>
      <counts>
        <table-count count="0" />
        <page-count count="0" />
      </counts>
    </article-meta>
  </front>
</article>
