<?xml version='1.0' encoding='UTF-8'?>
<article xmlns:xlink="http://www.w3.org/1999/xlink" dtd-version="1.1">
  <front>
    <journal-meta>
      <journal-id jjournal-id-type="publisher">GRC</journal-id>
      <journal-title-group>
        <journal-title>Gosudarstvo, religiia, tserkov' v Rossii i za rubezhom </journal-title>
        <abbrev-journal-title abbrev-type="nlm-ta" />
      </journal-title-group>
      <issn pub-type="ppub" />
      <issn pub-type="epub" />
    </journal-meta>
    <article-meta>
      <article-id pub-id-type="manuscript" />
      <article-categories>
        <subj-group subj-group-type="article_type">
          <subject>Research article</subject>
        </subj-group>
        <subj-group subj-group-type="subject_areas">
          <subject> </subject>
      </subj-group>
      </article-categories>
      <title-group>
        <article-title>The Issue of Autocephaly of the Polish Orthodox Church in the Early Years of the Cold War</article-title>
        <alt-title alt-title-type="running" />
      </title-group>
      <contrib-group>
        <contrib contrib-type="author">
          <name>
            <surname>Vishivanyuk</surname>
            <given-names>Anna</given-names>
          </name>
          <email />
          <role content-type="1" />
          <xref ref-type="aff" rid="aff1" />
        </contrib>
        <aff id="aff1">
          <institution />
          <addr-line content-type="addrline1" />
          <addr-line content-type="city" />
          <addr-line content-type="state" />
          <addr-line content-type="zipcode" />
          <addr-line content-type="country" />
      </aff>
      </contrib-group>
      <pub-date pub-type="epub" />
      <pub-date pub-type="ppub" />
      <elocation-id />
      <history>
        <date data-type="received">
          <day />
          <month />
          <year>2017</year>
      </date>
      </history>
      <permissions>
        <copyright-statement>Russian Presidential Academy of National Economy and Public Administration.</copyright-statement>
        <copyright-year>© 2017</copyright-year>
      </permissions>
      <abstract>
        <b>The question of the status of the Polish Orthodox Church had important political significance in the postwar years. The governments of the USSR and Poland were addressing the issue with great attention. The beginning of the Cold War strongly inluenced the decision of granting autocephaly to the Polish Orthodox Church. The article describes how this foreign policy factor afected the communications of the Soviet and Polish oicials in the matter of the autocephaly.</b>
      </abstract>
      <kwd-group>
        <kwd>Cold War</kwd>
        <kwd>Soviet Union</kwd>
        <kwd>Polish Republic</kwd>
        <kwd>Polish Orthodox Church</kwd>
        <kwd>Council for the Affairs of Russian Orthodox Church</kwd>
        <kwd>autocephaly</kwd>
        <kwd>Metropolitan Dionysius (Valedynskyi).</kwd>
      </kwd-group>
      <counts>
        <table-count count="0" />
        <page-count count="0" />
      </counts>
    </article-meta>
  </front>
</article>
