<?xml version='1.0' encoding='UTF-8'?>
<article xmlns:xlink="http://www.w3.org/1999/xlink" dtd-version="1.1">
  <front>
    <journal-meta>
      <journal-id jjournal-id-type="publisher">State, Religion and Church in Russia and Worldwide</journal-id>
      <journal-title-group>
        <journal-title>Gosudarstvo, religiia, tserkov' v Rossii i za rubezhom</journal-title>
        <abbrev-journal-title abbrev-type="nlm-ta" />
      </journal-title-group>
      <issn pub-type="ppub" />
      <issn pub-type="epub" />
    </journal-meta>
    <article-meta>
      <article-id pub-id-type="manuscript" />
      <article-categories>
        <subj-group subj-group-type="article_type">
          <subject>Research article</subject>
        </subj-group>
        <subj-group subj-group-type="subject_areas" />
      </article-categories>
      <title-group>
        <article-title>Was There a Third Way? World Council of Churches in the Period of Cold War</article-title>
        <alt-title alt-title-type="running" />
      </title-group>
      <contrib-group>
        <contrib contrib-type="author">
          <name>
            <surname>Kunter</surname>
            <given-names>Katarina</given-names>
          </name>
          <email />
          <role content-type="1" />
          <xref ref-type="aff" rid="aff1" />
        </contrib>
        <aff id="aff1">
          <institution />
          <addr-line content-type="addrline1" />
          <addr-line content-type="city" />
          <addr-line content-type="state" />
          <addr-line content-type="zipcode" />
          <addr-line content-type="country" />
      </aff>
      </contrib-group>
      <pub-date pub-type="epub" />
      <pub-date pub-type="ppub" />
      <elocation-id />
      <history>
        <date data-type="received">
          <day />
          <month />
          <year>2017</year>
      </date>
      </history>
      <permissions>
        <copyright-statement>Russian Presidential Academy of National Economy and Public Administration.</copyright-statement>
        <copyright-year>© 2017</copyright-year>
      </permissions>
      <abstract>
        <b>The World Council of Churches, as well as the ecumenical movement as a whole, were severely criticized after the fall of the “Iron curtain”. On the one hand, this organization was accused of loyal politics towards the socialist countries and neglecting the restrictions of religious freedoms. On the other hand, it was accused of active participation in the loss of theological identity of Churches with ancient traditions. This article analyses the development of the World Council of Churches, the change of its theological and social doctrines in the context of ideological opposition between two political blocks, active processes of decolonization in the South and secularization in the West. The author ofers an analysis from inside —  this helps to understand the values of its leaders, the logic of their actions, the mechanisms of planning and decision‑making. Gradual shift of attention of  the World Council of Churches in the 1960s to the Third World led to the shift of the theological paradigm of ecumenical movement: now it was more about theology of liberation and emphasis on the image of the “Church for the poor”. This shift created more opportunities for dialogue with representatives of Churches from the socialist camp.</b>
      </abstract>
      <kwd-group>
        <kwd>World Council of Churches</kwd>
        <kwd>Cold War</kwd>
        <kwd>ecumenical Christianity</kwd>
        <kwd>religious freedom</kwd>
        <kwd>social rights.</kwd>
      </kwd-group>
      <counts>
        <table-count count="0" />
        <page-count count="0" />
      </counts>
    </article-meta>
  </front>
</article>
