<?xml version='1.0' encoding='UTF-8'?>
<article xmlns:xlink="http://www.w3.org/1999/xlink" dtd-version="1.1">
  <front>
    <journal-meta>
      <journal-id jjournal-id-type="publisher">GRC</journal-id>
      <journal-title-group>
        <journal-title>Gosudarstvo, religiia, tserkov' v Rossii i za rubezhom </journal-title>
        <abbrev-journal-title abbrev-type="nlm-ta" />
      </journal-title-group>
      <issn pub-type="ppub" />
      <issn pub-type="epub" />
    </journal-meta>
    <article-meta>
      <article-id pub-id-type="manuscript" />
      <article-categories>
        <subj-group subj-group-type="article_type">
          <subject>Research Letter</subject>
        </subj-group>
        <subj-group subj-group-type="subject_areas">
          <subject> </subject>
      </subj-group>
      </article-categories>
      <title-group>
        <article-title>Roger Bacon’s Classifications of Religions</article-title>
        <alt-title alt-title-type="running" />
      </title-group>
      <contrib-group>
        <contrib contrib-type="author">
          <name>
            <surname>Appolonov</surname>
            <given-names>Alexey</given-names>
          </name>
          <email />
          <role content-type="1" />
          <xref ref-type="aff" rid="aff1" />
        </contrib>
        <aff id="aff1">
          <institution />
          <addr-line content-type="addrline1" />
          <addr-line content-type="city" />
          <addr-line content-type="state" />
          <addr-line content-type="zipcode" />
          <addr-line content-type="country" />
      </aff>
      </contrib-group>
      <pub-date pub-type="epub" />
      <pub-date pub-type="ppub" />
      <elocation-id />
      <history>
        <date data-type="received">
          <day />
          <month />
          <year>2012</year>
      </date>
      </history>
      <permissions>
        <copyright-statement />
        <copyright-year />
      </permissions>
      <abstract>
        <b>Although western medieval thinkers in general had a little interest in non-Christian religious traditions, one can find a sort of comparative study of religions already in the 13th century. As a rule, the purpose of such studies was to prove the superiority of Christianity over other religions, and the means used were often the instruments of ‘natural human reason’. Works of Roger Bacon (1214/22–ca. 1292) is the most striking example of this approach. Bacon does not appeal to the text of the Bible while he compares one religion with another on the basis of their compliance with the requirements of ‘moral philosophy’ (Bacon’s original version of natural theology). The article reconstructs three Bacon’s classifications of religions, describes their place with- in the framework of his ‘moral philosophy’, and shows their relationship with his scientific ideas.</b>
      </abstract>
      <kwd-group>
        <kwd>Roger Bacon</kwd>
        <kwd>Middle Ages</kwd>
        <kwd>natural theology</kwd>
        <kwd>history of religion</kwd>
        <kwd>comparative study of religions.</kwd>
      </kwd-group>
      <counts>
        <table-count count="0" />
        <page-count count="0" />
      </counts>
    </article-meta>
  </front>
</article>
