<?xml version='1.0' encoding='UTF-8'?>
<article xmlns:xlink="http://www.w3.org/1999/xlink" dtd-version="1.1">
  <front>
    <journal-meta>
      <journal-id jjournal-id-type="publisher">GRC</journal-id>
      <journal-title-group>
        <journal-title>Gosudarstvo, religiia, tserkov' v Rossii i za rubezhom </journal-title>
        <abbrev-journal-title abbrev-type="nlm-ta" />
      </journal-title-group>
      <issn pub-type="ppub" />
      <issn pub-type="epub" />
    </journal-meta>
    <article-meta>
      <article-id pub-id-type="manuscript" />
      <article-categories>
        <subj-group subj-group-type="article_type">
          <subject>Research Letter</subject>
        </subj-group>
        <subj-group subj-group-type="subject_areas">
          <subject> </subject>
      </subj-group>
      </article-categories>
      <title-group>
        <article-title>From Secular Modernity to ‘Multiple Modernities’: Social Theory on the Relations Between Religion and Modernity</article-title>
        <alt-title alt-title-type="running" />
      </title-group>
      <contrib-group>
        <contrib contrib-type="author">
          <name>
            <surname>Uzlaner</surname>
            <given-names>Dmitry</given-names>
          </name>
          <email />
          <role content-type="1" />
          <xref ref-type="aff" rid="aff1" />
        </contrib>
        <aff id="aff1">
          <institution />
          <addr-line content-type="addrline1" />
          <addr-line content-type="city" />
          <addr-line content-type="state" />
          <addr-line content-type="zipcode" />
          <addr-line content-type="country" />
      </aff>
      </contrib-group>
      <pub-date pub-type="epub" />
      <pub-date pub-type="ppub" />
      <elocation-id />
      <history>
        <date data-type="received">
          <day />
          <month />
          <year>2012</year>
      </date>
      </history>
      <permissions>
        <copyright-statement />
        <copyright-year />
      </permissions>
      <abstract>
        <b>The author analyzes different views on the relations between religion and modernity, which appear in the social theory of the 20th–21st centuries. The paper provides critical analysis and assessment of secularization theories which claimed incompatibility between religion and modernity. Finally, the article deals with a relatively new contribution made by the concept of ‘multiple modernities’ elab- orated by Shmuel Eisenstadt. This concept both softens and shades the findings of the secularization theorists.</b>
      </abstract>
      <kwd-group>
        <kwd>Modernity</kwd>
        <kwd>multiple modernities</kwd>
        <kwd>Shmuel Eisenstadt</kwd>
        <kwd>secularization</kwd>
        <kwd>modernization</kwd>
        <kwd>secularism</kwd>
        <kwd>social theory.</kwd>
      </kwd-group>
      <counts>
        <table-count count="0" />
        <page-count count="0" />
      </counts>
    </article-meta>
  </front>
</article>
