<?xml version='1.0' encoding='UTF-8'?>
<article xmlns:xlink="http://www.w3.org/1999/xlink" dtd-version="1.1">
  <front>
    <journal-meta>
      <journal-id jjournal-id-type="publisher">GRC</journal-id>
      <journal-title-group>
        <journal-title>Gosudarstvo, religiia, tserkov' v Rossii i za rubezhom </journal-title>
        <abbrev-journal-title abbrev-type="nlm-ta" />
      </journal-title-group>
      <issn pub-type="ppub" />
      <issn pub-type="epub" />
    </journal-meta>
    <article-meta>
      <article-id pub-id-type="manuscript" />
      <article-categories>
        <subj-group subj-group-type="article_type">
          <subject>Research article</subject>
        </subj-group>
        <subj-group subj-group-type="subject_areas">
          <subject> </subject>
      </subj-group>
      </article-categories>
      <title-group>
        <article-title>The Concept of Transculturation as a Theoretical Frame of “Science and Religion” Discourse</article-title>
        <alt-title alt-title-type="running" />
      </title-group>
      <contrib-group>
        <contrib contrib-type="author">
          <name>
            <surname>Pigalev</surname>
            <given-names>Alexander</given-names>
          </name>
          <email />
          <role content-type="1" />
          <xref ref-type="aff" rid="aff1" />
        </contrib>
        <aff id="aff1">
          <institution />
          <addr-line content-type="addrline1" />
          <addr-line content-type="city" />
          <addr-line content-type="state" />
          <addr-line content-type="zipcode" />
          <addr-line content-type="country" />
      </aff>
      </contrib-group>
      <pub-date pub-type="epub" />
      <pub-date pub-type="ppub" />
      <elocation-id />
      <history>
        <date data-type="received">
          <day />
          <month />
          <year>2015</year>
      </date>
      </history>
      <permissions>
        <copyright-statement>Russian Presidential Academy of National Economy and Public Administration.</copyright-statement>
        <copyright-year>© 2015</copyright-year>
      </permissions>
      <abstract>
        <b>The purpose of the paper is to examine philosophical aspects of the conflict relationship between religion and science within the development of Modernity as a civilization project that claims universality. Both this claim and the universality of scientific knowledge were put under question in contemporary culture. The notions of “transculturation” and “transcultural contact zone” are applied to the investigation of the global expansion of Modernity. The existing approaches to the understanding of the influence of Gnosticism and nominalism on the ideology of Modernity are compared and assessed. The so-called “nominalistic revolution” that was of great importance to the formation of early European science was also connected with the emergence of the contact points between religion and science thus creating zone of their future confrontation. The paper additionally draws upon specific Russian context.</b>
      </abstract>
      <kwd-group>
        <kwd>religion</kwd>
        <kwd>science</kwd>
        <kwd>religion and science in Russian context</kwd>
        <kwd>Modernity</kwd>
        <kwd>modernization</kwd>
        <kwd>Gnosticism</kwd>
        <kwd>nominalism</kwd>
        <kwd>transculturation</kwd>
        <kwd>transcultural contact zone.</kwd>
      </kwd-group>
      <counts>
        <table-count count="0" />
        <page-count count="0" />
      </counts>
    </article-meta>
  </front>
</article>
