<?xml version='1.0' encoding='UTF-8'?>
<article xmlns:xlink="http://www.w3.org/1999/xlink" dtd-version="1.1">
  <front>
    <journal-meta>
      <journal-id jjournal-id-type="publisher">GRC</journal-id>
      <journal-title-group>
        <journal-title>Gosudarstvo, religiia, tserkov' v Rossii i za rubezhom </journal-title>
        <abbrev-journal-title abbrev-type="nlm-ta" />
      </journal-title-group>
      <issn pub-type="ppub" />
      <issn pub-type="epub" />
    </journal-meta>
    <article-meta>
      <article-id pub-id-type="manuscript" />
      <article-categories>
        <subj-group subj-group-type="article_type">
          <subject>Research article</subject>
        </subj-group>
        <subj-group subj-group-type="subject_areas">
          <subject> </subject>
      </subj-group>
      </article-categories>
      <title-group>
        <article-title>Archbishop Niсanor (Brovkovich) about the Progress and the End of World History</article-title>
        <alt-title alt-title-type="running" />
      </title-group>
      <contrib-group>
        <contrib contrib-type="author">
          <name>
            <surname>Soloviev</surname>
            <given-names>Artem</given-names>
          </name>
          <email />
          <role content-type="1" />
          <xref ref-type="aff" rid="aff1" />
        </contrib>
        <aff id="aff1">
          <institution />
          <addr-line content-type="addrline1" />
          <addr-line content-type="city" />
          <addr-line content-type="state" />
          <addr-line content-type="zipcode" />
          <addr-line content-type="country" />
      </aff>
      </contrib-group>
      <pub-date pub-type="epub" />
      <pub-date pub-type="ppub" />
      <elocation-id />
      <history>
        <date data-type="received">
          <day />
          <month />
          <year>2015</year>
      </date>
      </history>
      <permissions>
        <copyright-statement>Russian Presidential Academy of National Economy and Public Administration.</copyright-statement>
        <copyright-year>© 2015</copyright-year>
      </permissions>
      <abstract>
        <b>The paper deals with nineteenth century Russian Orthodox Archbishop Nicanor (Brovkovich) (1826–1890) and his views on social and technical progress. Sources include Nicanor’s sermon for the New Year of 1860, sermon at the blessing of the train station at Odessa in 1884, selected pages from his treatise “Positivistic Philosophy and Metaphysical Reality”, a draft of Nikanor’s Odessa sermon that is found in the archbishop’s personal archive, and other sermons and archival materials. The paper shows how Nicanor attempted to respond to the challenge of progress, discovering both meaningful and negative aspects in it.</b>
      </abstract>
      <kwd-group>
        <kwd>Archbishop Nicanor (Brovkovich)</kwd>
        <kwd>critique of progress</kwd>
        <kwd>Positivistic Philosophy and Metaphysical Reality</kwd>
        <kwd>archival fund of Archbishop Nicаnor (Brovkovich)</kwd>
        <kwd>pantheism</kwd>
        <kwd>idealism</kwd>
        <kwd>materialism.</kwd>
      </kwd-group>
      <counts>
        <table-count count="0" />
        <page-count count="0" />
      </counts>
    </article-meta>
  </front>
</article>
