<?xml version='1.0' encoding='UTF-8'?>
<article xmlns:xlink="http://www.w3.org/1999/xlink" dtd-version="1.1">
  <front>
    <journal-meta>
      <journal-id jjournal-id-type="publisher">State, Religion and Church in Russia and Worldwide</journal-id>
      <journal-title-group>
        <journal-title>Gosudarstvo, religiia, tserkov' v Rossii i za rubezhom</journal-title>
        <abbrev-journal-title abbrev-type="nlm-ta" />
      </journal-title-group>
      <issn pub-type="ppub" />
      <issn pub-type="epub" />
    </journal-meta>
    <article-meta>
      <article-id pub-id-type="manuscript" />
      <article-categories>
        <subj-group subj-group-type="article_type">
          <subject>Research article</subject>
        </subj-group>
        <subj-group subj-group-type="subject_areas" />
      </article-categories>
      <title-group>
        <article-title>The Constitutional Theocracy of Lubsan-Samdan Tsydenov: an Attempt to Establish a Buddhist State in Transbaikalia (1918–1922)</article-title>
        <alt-title alt-title-type="running" />
      </title-group>
      <contrib-group>
        <contrib contrib-type="author">
          <name>
            <surname>Tsyrempilov</surname>
            <given-names>Nikolay</given-names>
          </name>
          <email />
          <role content-type="1" />
          <xref ref-type="aff" rid="aff1" />
        </contrib>
        <aff id="aff1">
          <institution />
          <addr-line content-type="addrline1" />
          <addr-line content-type="city" />
          <addr-line content-type="state" />
          <addr-line content-type="zipcode" />
          <addr-line content-type="country" />
      </aff>
      </contrib-group>
      <pub-date pub-type="epub" />
      <pub-date pub-type="ppub" />
      <elocation-id />
      <history>
        <date data-type="received">
          <day />
          <month />
          <year>2015</year>
      </date>
      </history>
      <permissions>
        <copyright-statement>Russian Presidential Academy of National Economy and Public Administration.</copyright-statement>
        <copyright-year>© 2015</copyright-year>
      </permissions>
      <abstract>
        <b>The paper examines causes and circumstances of the establishment of a Buddhist theocratic state by Lubsan-Samdan Tsydenov, an outstanding figure of Buryat Buddhism. Drawing upon some hitherto unedited Tibetan, Mongolian and Russian sources, the paper undertakes a detailed reconstruction of the events in Siberian Transbaikalia in the period of the Russian Civil War. An analysis of the personal notes by Tsydenov and the text of the Constitution of Kudun Buddhist state shows that “Kudun theocracy” was a syncretic fusion of the traditional Buddhist understanding of the Buddhist “Dharmic state” and modernist conceptions of republicanism and constitutional democracy. The Kudun theocracy should also be interpreted as a response of the Buddhist circles to the attempts of the Buryat secular nationalists to build the Buryat statehood based upon the idea of national self-determination. The Kudun project shows that Buddhism could serve as a foundation for state-building at the age of the early 20th century Russian political crisis.</b>
      </abstract>
      <kwd-group>
        <kwd>Buddhism</kwd>
        <kwd>theocracy</kwd>
        <kwd>Russia</kwd>
        <kwd>Civil War</kwd>
        <kwd>Buryatia</kwd>
        <kwd>Lubsan-Samdan Tsydenov</kwd>
        <kwd>constitution</kwd>
        <kwd>Modernity.</kwd>
      </kwd-group>
      <counts>
        <table-count count="0" />
        <page-count count="0" />
      </counts>
    </article-meta>
  </front>
</article>
