<?xml version='1.0' encoding='UTF-8'?>
<article xmlns:xlink="http://www.w3.org/1999/xlink" dtd-version="1.1">
  <front>
    <journal-meta>
      <journal-id jjournal-id-type="publisher">State, Religion and Church in Russia and Worldwide</journal-id>
      <journal-title-group>
        <journal-title>Gosudarstvo, religiia, tserkov' v Rossii i za rubezhom</journal-title>
        <abbrev-journal-title abbrev-type="nlm-ta" />
      </journal-title-group>
      <issn pub-type="ppub" />
      <issn pub-type="epub" />
    </journal-meta>
    <article-meta>
      <article-id pub-id-type="manuscript" />
      <article-categories>
        <subj-group subj-group-type="article_type">
          <subject>Research article</subject>
        </subj-group>
        <subj-group subj-group-type="subject_areas" />
      </article-categories>
      <title-group>
        <article-title>Italy as a Secular State: Historical and Legal Sketch</article-title>
        <alt-title alt-title-type="running" />
      </title-group>
      <contrib-group>
        <contrib contrib-type="author">
          <name>
            <surname>Pibaev</surname>
            <given-names>Igor</given-names>
          </name>
          <email />
          <role content-type="1" />
          <xref ref-type="aff" rid="aff1" />
        </contrib>
        <aff id="aff1">
          <institution />
          <addr-line content-type="addrline1" />
          <addr-line content-type="city" />
          <addr-line content-type="state" />
          <addr-line content-type="zipcode" />
          <addr-line content-type="country" />
      </aff>
      </contrib-group>
      <pub-date pub-type="epub" />
      <pub-date pub-type="ppub" />
      <elocation-id />
      <history>
        <date data-type="received">
          <day />
          <month />
          <year>2015</year>
      </date>
      </history>
      <permissions>
        <copyright-statement>Russian Presidential Academy of National Economy and Public Administration.</copyright-statement>
        <copyright-year>© 2015</copyright-year>
      </permissions>
      <abstract>
        <b>The article deals with main stages of the formation of secular state in Italy. These included: the period of existence of a multitude of Italian states (until 1870); the period of the “Vatican issue” (from 1870 to 1929); a period between 1929 and 1984, before the revision of the Lateran agreements; and from 1984 to the present. The elimination of the temporal power of the Pope first incited hatred of the majority of Catholics, but gradually, mostly due to the moderate policy of the Government, the relationship with the Church became less tense. The Lateran Treaty in 1929 created the Vatican City State and restored some of the earlier lost Church privileges. The real changes towards secularism became possible only since 1984, after the revision of the 1929 Lateran Concordat. Still, according to 1984 agreements, in spite of the principle of equality of all religions, the Catholic Church retains special treatment.</b>
      </abstract>
      <kwd-group>
        <kwd>Italy</kwd>
        <kwd>Concordat</kwd>
        <kwd>Lateran Treaty</kwd>
        <kwd>Catholic church</kwd>
        <kwd>secular state</kwd>
        <kwd>freedom of conscience</kwd>
        <kwd>religion</kwd>
        <kwd>secularism</kwd>
        <kwd>law.</kwd>
      </kwd-group>
      <counts>
        <table-count count="0" />
        <page-count count="0" />
      </counts>
    </article-meta>
  </front>
</article>
