<?xml version='1.0' encoding='UTF-8'?>
<article xmlns:xlink="http://www.w3.org/1999/xlink" dtd-version="1.1">
  <front>
    <journal-meta>
      <journal-id jjournal-id-type="publisher">GRC</journal-id>
      <journal-title-group>
        <journal-title>Gosudarstvo, religiia, tserkov' v Rossii i za rubezhom </journal-title>
        <abbrev-journal-title abbrev-type="nlm-ta" />
      </journal-title-group>
      <issn pub-type="ppub" />
      <issn pub-type="epub" />
    </journal-meta>
    <article-meta>
      <article-id pub-id-type="manuscript" />
      <article-categories>
        <subj-group subj-group-type="article_type">
          <subject>Research article</subject>
        </subj-group>
        <subj-group subj-group-type="subject_areas">
          <subject> </subject>
      </subj-group>
      </article-categories>
      <title-group>
        <article-title>Religio Augustini: Augustine and Spirituality in the Augustinian Order</article-title>
        <alt-title alt-title-type="running" />
      </title-group>
      <contrib-group>
        <contrib contrib-type="author">
          <name>
            <surname>Karpov</surname>
            <given-names>Kirill</given-names>
          </name>
          <email />
          <role content-type="1" />
          <xref ref-type="aff" rid="aff1" />
        </contrib>
        <aff id="aff1">
          <institution />
          <addr-line content-type="addrline1" />
          <addr-line content-type="city" />
          <addr-line content-type="state" />
          <addr-line content-type="zipcode" />
          <addr-line content-type="country" />
      </aff>
      </contrib-group>
      <pub-date pub-type="epub" />
      <pub-date pub-type="ppub" />
      <elocation-id />
      <history>
        <date data-type="received">
          <day />
          <month />
          <year>2015</year>
      </date>
      </history>
      <permissions>
        <copyright-statement>Russian Presidential Academy of National Economy and Public Administration.</copyright-statement>
        <copyright-year>© 2015</copyright-year>
      </permissions>
      <abstract>
        <b>The article reveals the social ideal that helped to form the self-identity of the Augustinian Order. This self-identity was bound with the notion of the Augustine’s religion (“religio Augustini”). The notion firstly appeared in the context of political controversy between Pope John XXII and Louis of Bavaria. Augustine of Ancona put religio Augustini in the context of a more broad term micro-religion (religio particularis) as opposed to macro-religion (Christianity). He also formed criteria for comparison of different micro-religions (Dominican, Franciscan, Benedictine, Cistercian, Augustinian) thus opening the door for further development of a particular “Augustine’s religion”. The latter is based upon the idea of perfect life, an ideal for Augustinian hermits, which is also presented as an ideal of apostolic life.</b>
      </abstract>
      <kwd-group>
        <kwd>religion</kwd>
        <kwd>Christianity</kwd>
        <kwd>Augustine religion</kwd>
        <kwd>Augustine of Ancona</kwd>
        <kwd>Jordan of Quedlinburg</kwd>
        <kwd>particular religion</kwd>
        <kwd>Augustinian Order</kwd>
        <kwd>perfect life</kwd>
        <kwd>active life</kwd>
        <kwd>contemplative life.</kwd>
      </kwd-group>
      <counts>
        <table-count count="0" />
        <page-count count="0" />
      </counts>
    </article-meta>
  </front>
</article>
