<?xml version='1.0' encoding='UTF-8'?>
<article xmlns:xlink="http://www.w3.org/1999/xlink" dtd-version="1.1">
  <front>
    <journal-meta>
      <journal-id jjournal-id-type="publisher">State, Religion and Church in Russia and Worldwide</journal-id>
      <journal-title-group>
        <journal-title>Gosudarstvo, religiia, tserkov' v Rossii i za rubezhom</journal-title>
        <abbrev-journal-title abbrev-type="nlm-ta" />
      </journal-title-group>
      <issn pub-type="ppub" />
      <issn pub-type="epub" />
    </journal-meta>
    <article-meta>
      <article-id pub-id-type="manuscript" />
      <article-categories>
        <subj-group subj-group-type="article_type">
          <subject>Research article</subject>
        </subj-group>
        <subj-group subj-group-type="subject_areas" />
      </article-categories>
      <title-group>
        <article-title>Creation, Evolution, and the Boundaries of Science: The Debate in the United States</article-title>
        <alt-title alt-title-type="running" />
      </title-group>
      <contrib-group>
        <contrib contrib-type="author">
          <name>
            <surname>Larson</surname>
            <given-names>Edward J.</given-names>
          </name>
          <email />
          <role content-type="1" />
          <xref ref-type="aff" rid="aff1" />
        </contrib>
        <contrib contrib-type="author">
          <name>
            <surname>Numbers</surname>
            <given-names>Ronald L.</given-names>
          </name>
          <email />
          <role content-type="2" />
          <xref ref-type="aff" rid="aff2" />
        </contrib>
        <aff id="aff1">
          <institution />
          <addr-line content-type="addrline1" />
          <addr-line content-type="city" />
          <addr-line content-type="state" />
          <addr-line content-type="zipcode" />
          <addr-line content-type="country" />
        </aff>
        <aff id="aff2">
          <institution />
          <addr-line content-type="addrline1" />
          <addr-line content-type="city" />
          <addr-line content-type="state" />
          <addr-line content-type="zipcode" />
          <addr-line content-type="country" />
      </aff>
      </contrib-group>
      <pub-date pub-type="epub" />
      <pub-date pub-type="ppub" />
      <elocation-id />
      <history>
        <date data-type="received">
          <day />
          <month />
          <year>2015</year>
      </date>
      </history>
      <permissions>
        <copyright-statement>Russian Presidential Academy of National Economy and Public Administration.</copyright-statement>
        <copyright-year>© 2015</copyright-year>
      </permissions>
      <abstract>
        <b>This article draws on the debates over evolution in the UnitedS tates to explore efforts to define and defend the boundaries of science. When the first organized opposition to evolution appeared in the early 1920s, antievolutionists insisted that evolution should not be taught because its speculaitve nature placed it outside the boundaries of science. By the last quarter of the century, however, they had largely abandoned that position in favor of arguing that creationism and intelligent design should themselves be regarded as science. This dramatic shift reflected a major reinterpretation of the U.S. Constitution, especially the First Amendment, which states, “Congress shall make no law respecting an establishment of religion”. Until after World War II the U.S. Supreme Court limited the application of this provision to the federal government. That practice began to change in the late 1940s, when the Court began applying First Amendment restrictions against the establishment of religion to the individual states and public school districts by way of the 14th Amendment; by the early 1960s it was asserting a goal of “neutrality” with regard to religion in public education. Because teaching “bad science” does not violate the Constitution, opponents of creationism have embraced the tactic of demonstrating that creation-science and Intelligent Design are essentially religious doctrines — and thus that teaching them in public schools is unconstitutional.</b>
      </abstract>
      <kwd-group>
        <kwd>science</kwd>
        <kwd>religion</kwd>
        <kwd>demarcation</kwd>
        <kwd>Scopes trial</kwd>
        <kwd>William Jennings Bryan</kwd>
        <kwd>evolution</kwd>
        <kwd>First Amendment to U.S. Constitution</kwd>
        <kwd>Epperson trial</kwd>
        <kwd>young-earth creationism</kwd>
        <kwd>McLean v. Arkansas</kwd>
        <kwd>Michael Ruse</kwd>
        <kwd>Edwards v. Aguillard</kwd>
        <kwd>Karl Popper</kwd>
        <kwd>Intelligent Design</kwd>
        <kwd>Tammy Kitzmiller et al. v. Dover Area School District.</kwd>
      </kwd-group>
      <counts>
        <table-count count="0" />
        <page-count count="0" />
      </counts>
    </article-meta>
  </front>
</article>
