<?xml version='1.0' encoding='UTF-8'?>
<article xmlns:xlink="http://www.w3.org/1999/xlink" dtd-version="1.1">
  <front>
    <journal-meta>
      <journal-id jjournal-id-type="publisher">State, Religion and Church in Russia and Worldwide</journal-id>
      <journal-title-group>
        <journal-title>Gosudarstvo, religiia, tserkov' v Rossii i za rubezhom</journal-title>
        <abbrev-journal-title abbrev-type="nlm-ta" />
      </journal-title-group>
      <issn pub-type="ppub" />
      <issn pub-type="epub" />
    </journal-meta>
    <article-meta>
      <article-id pub-id-type="manuscript" />
      <article-categories>
        <subj-group subj-group-type="article_type">
          <subject>Research article</subject>
        </subj-group>
        <subj-group subj-group-type="subject_areas" />
      </article-categories>
      <title-group>
        <article-title>Kant’s Philosophy and the Idea of Renovation of the Science in Esoteric Literature in the Second Half of the 19th and the Beginning of the 20th Century</article-title>
        <alt-title alt-title-type="running" />
      </title-group>
      <contrib-group>
        <contrib contrib-type="author">
          <name>
            <surname>Panin</surname>
            <given-names>Stanislav</given-names>
          </name>
          <email />
          <role content-type="1" />
          <xref ref-type="aff" rid="aff1" />
        </contrib>
        <aff id="aff1">
          <institution />
          <addr-line content-type="addrline1" />
          <addr-line content-type="city" />
          <addr-line content-type="state" />
          <addr-line content-type="zipcode" />
          <addr-line content-type="country" />
      </aff>
      </contrib-group>
      <pub-date pub-type="epub" />
      <pub-date pub-type="ppub" />
      <elocation-id />
      <history>
        <date data-type="received">
          <day />
          <month />
          <year>2015</year>
      </date>
      </history>
      <permissions>
        <copyright-statement>Russian Presidential Academy of National Economy and Public Administration.</copyright-statement>
        <copyright-year>© 2015</copyright-year>
      </permissions>
      <abstract>
        <b>This article analyzes how esotericists of the 19th and the beginning of the 20th century used Kant’s philosophy to support their own ideas about the necessity of radical transformation of science. Works of C. du Prel and P.D. Ouspensky, two prominent esotericists of that time, are in the focus of the study. Based on the analysis of their works, the article highlights several common ideas such as the critique of positivism; referring to psychology and idealistic philosophy as the basis of the proposed renovation of science; linking radical reform of science to the further development of humankind. An interest to Kant’s philosophy was in accordance with Kant’s own ideas that were influenced by esoteric literature, particularly, by E. Swedenborg: Kant’s works could therefore be interpreted in esoteric manner. An idea of strict distinction of phenomenal and noumenal realms was particularly important for both du Prel and Ouspensky. From their point of view, one can bridge this gap by means of unusual experience that can be achieved in altered states of consciousness.</b>
      </abstract>
      <kwd-group>
        <kwd>Carl du Prel</kwd>
        <kwd>transcendental psychology</kwd>
        <kwd>P. D. Ouspensky</kwd>
        <kwd>tertium organum</kwd>
        <kwd>Western esotericism.</kwd>
      </kwd-group>
      <counts>
        <table-count count="0" />
        <page-count count="0" />
      </counts>
    </article-meta>
  </front>
</article>
