<?xml version='1.0' encoding='UTF-8'?>
<article xmlns:xlink="http://www.w3.org/1999/xlink" dtd-version="1.1">
  <front>
    <journal-meta>
      <journal-id jjournal-id-type="publisher">GRC</journal-id>
      <journal-title-group>
        <journal-title>Gosudarstvo, religiia, tserkov' v Rossii i za rubezhom </journal-title>
        <abbrev-journal-title abbrev-type="nlm-ta" />
      </journal-title-group>
      <issn pub-type="ppub" />
      <issn pub-type="epub" />
    </journal-meta>
    <article-meta>
      <article-id pub-id-type="manuscript" />
      <article-categories>
        <subj-group subj-group-type="article_type">
          <subject>Research article</subject>
        </subj-group>
        <subj-group subj-group-type="subject_areas">
          <subject> </subject>
      </subj-group>
      </article-categories>
      <title-group>
        <article-title>“Science”, “Religion” and Spiritualist Epistemology: Transformation of Classical Science at the End of the 19th Century</article-title>
        <alt-title alt-title-type="running" />
      </title-group>
      <contrib-group>
        <contrib contrib-type="author">
          <name>
            <surname>Razdyakonov</surname>
            <given-names>Vladislav</given-names>
          </name>
          <email />
          <role content-type="1" />
          <xref ref-type="aff" rid="aff1" />
        </contrib>
        <aff id="aff1">
          <institution />
          <addr-line content-type="addrline1" />
          <addr-line content-type="city" />
          <addr-line content-type="state" />
          <addr-line content-type="zipcode" />
          <addr-line content-type="country" />
      </aff>
      </contrib-group>
      <pub-date pub-type="epub" />
      <pub-date pub-type="ppub" />
      <elocation-id />
      <history>
        <date data-type="received">
          <day />
          <month />
          <year>2015</year>
      </date>
      </history>
      <permissions>
        <copyright-statement>Russian Presidential Academy of National Economy and Public Administration.</copyright-statement>
        <copyright-year>© 2015</copyright-year>
      </permissions>
      <abstract>
        <b>Experimental spiritualism as fringe science played significant role in Europe’s intellectual life of the late 19th century. Its adherents considered science and religion problematique crucial for developing the right methods of scientific research. The article consists of four parts: (1) theoretical, which overviews subject-object relations in current theory of classical/non-classical epistemology; (2) historical, which investigates the opposition of “science” and “religion” as different spheres of human experience in Modernity, and proposes a “reality principle” as the main principle of both classical epistemology and theology; (3) typological, which presents a typology of different epistemological models in Russian spiritualism based on archival materials of it’s main adherents; (4) analytical, which deals with experimental spiritualism as fringe science, emerging during a paradigm shift from classical to non-classical science.</b>
      </abstract>
      <kwd-group>
        <kwd>spiritualism</kwd>
        <kwd>spiritism</kwd>
        <kwd>science and religion</kwd>
        <kwd>history of science</kwd>
        <kwd>A.N. Aksakov</kwd>
        <kwd>N.P. Wagner</kwd>
        <kwd>A.M. Butlerov</kwd>
        <kwd>classical science</kwd>
        <kwd>non-classical science.</kwd>
      </kwd-group>
      <counts>
        <table-count count="0" />
        <page-count count="0" />
      </counts>
    </article-meta>
  </front>
</article>
