<?xml version='1.0' encoding='UTF-8'?>
<article xmlns:xlink="http://www.w3.org/1999/xlink" dtd-version="1.1">
  <front>
    <journal-meta>
      <journal-id jjournal-id-type="publisher">GRC</journal-id>
      <journal-title-group>
        <journal-title>Gosudarstvo, religiia, tserkov' v Rossii i za rubezhom </journal-title>
        <abbrev-journal-title abbrev-type="nlm-ta" />
      </journal-title-group>
      <issn pub-type="ppub" />
      <issn pub-type="epub" />
    </journal-meta>
    <article-meta>
      <article-id pub-id-type="manuscript" />
      <article-categories>
        <subj-group subj-group-type="article_type">
          <subject>Research article</subject>
        </subj-group>
        <subj-group subj-group-type="subject_areas">
          <subject> </subject>
      </subj-group>
      </article-categories>
      <title-group>
        <article-title>"In a Very Elegant Gothic Style": A History of the Catholic Tradition in the Middle Urals from Late 1600s until the Late 1930s</article-title>
        <alt-title alt-title-type="running" />
      </title-group>
      <contrib-group>
        <contrib contrib-type="author">
          <name>
            <surname>Glavatskaya</surname>
            <given-names>Elena</given-names>
          </name>
          <email />
          <role content-type="1" />
          <xref ref-type="aff" rid="aff1" />
        </contrib>
        <aff id="aff1">
          <institution />
          <addr-line content-type="addrline1" />
          <addr-line content-type="city" />
          <addr-line content-type="state" />
          <addr-line content-type="zipcode" />
          <addr-line content-type="country" />
      </aff>
      </contrib-group>
      <pub-date pub-type="epub" />
      <pub-date pub-type="ppub" />
      <elocation-id />
      <history>
        <date data-type="received">
          <day />
          <month />
          <year>2015</year>
      </date>
      </history>
      <permissions>
        <copyright-statement>Russian Presidential Academy of National Economy and Public Administration.</copyright-statement>
        <copyright-year>© 2015</copyright-year>
      </permissions>
      <abstract>
        <b>The paper shows the evolution of Catholicism in the Middle Urals over more than two centuries. The study is based on archival sources and statistical records that allow a reconstruction of the Catholic population dynamics as well as the process of Church institutionalization. The paper covers three periods of Catholic presence in the region: formation, institutionalization, and establishment, with an evolution from ethno-religious isolation to integration in the local cultural landscape. After the Revolution, the Catholics were subject, along with other religions, to rigid state policy, while practices were forced out to the private sphere. The Catholic Church institutions contributed to the preservation of the ethnic identity of the population historically associated with European, especially Polish, culture. They played a role in social protection for the most vulnerable population groups. Among other things, the data prove a particular role of religion in socially critical conditions.</b>
      </abstract>
      <kwd-group>
        <kwd>Roman Catholic Church in Russia</kwd>
        <kwd>Catholicism</kwd>
        <kwd>Catholic population of the Urals</kwd>
        <kwd>exiled Catholics</kwd>
        <kwd>POWs Catholics</kwd>
        <kwd>Polish Catholic communities</kwd>
        <kwd>historical religious landscape of the Urals.</kwd>
      </kwd-group>
      <counts>
        <table-count count="0" />
        <page-count count="0" />
      </counts>
    </article-meta>
  </front>
</article>
