<?xml version='1.0' encoding='UTF-8'?>
<article xmlns:xlink="http://www.w3.org/1999/xlink" dtd-version="1.1">
  <front>
    <journal-meta>
      <journal-id jjournal-id-type="publisher">State, Religion and Church in Russia and Worldwide</journal-id>
      <journal-title-group>
        <journal-title>Gosudarstvo, religiia, tserkov' v Rossii i za rubezhom</journal-title>
        <abbrev-journal-title abbrev-type="nlm-ta" />
      </journal-title-group>
      <issn pub-type="ppub" />
      <issn pub-type="epub" />
    </journal-meta>
    <article-meta>
      <article-id pub-id-type="manuscript" />
      <article-categories>
        <subj-group subj-group-type="article_type">
          <subject>Research article</subject>
        </subj-group>
        <subj-group subj-group-type="subject_areas" />
      </article-categories>
      <title-group>
        <article-title>The Vows of Socialism: A Transformation of Religious Holidays in Rural Nechernozemye in mid-1940s — early 1960s</article-title>
        <alt-title alt-title-type="running" />
      </title-group>
      <contrib-group>
        <contrib contrib-type="author">
          <name>
            <surname>Kometchikov</surname>
            <given-names>Igor</given-names>
          </name>
          <email />
          <role content-type="1" />
          <xref ref-type="aff" rid="aff1" />
        </contrib>
        <aff id="aff1">
          <institution />
          <addr-line content-type="addrline1" />
          <addr-line content-type="city" />
          <addr-line content-type="state" />
          <addr-line content-type="zipcode" />
          <addr-line content-type="country" />
      </aff>
      </contrib-group>
      <pub-date pub-type="epub" />
      <pub-date pub-type="ppub" />
      <elocation-id />
      <history>
        <date data-type="received">
          <day />
          <month />
          <year>2015</year>
      </date>
      </history>
      <permissions>
        <copyright-statement>Russian Presidential Academy of National Economy and Public Administration.</copyright-statement>
        <copyright-year>© 2015</copyright-year>
      </permissions>
      <abstract>
        <b>Celebrating religious holidays was in the core of religiosity of rural Central Russia. Before the Revolution, the holidays contained a tension between the strict following of church calendar and the specific local sacral rhythm and collective memory. The paper explores the changes in the Soviet times, in particular in the postwar period until the early 1960s, when the tradition underwent a deep transformation. The paper draws upon the documents of the state Council of the Russian Orthodox Church, Party and local institutions, Komsomol, as well as the ethnographic data. By arbitrarily moving the borders of legality in the religious field, the authorities modified the tradition: the holidays were accepted within fewer registered churches while restricting other practices. This led to the interruption of the local memory of sacred places, and thus the former organic link between liturgical and mundane practices was broken. The festive date was recast as a secular pastime. The crisis of the tradition of holidays was completely secularized and transformed the entire peasant culture.</b>
      </abstract>
      <kwd-group>
        <kwd>the rural Central Nechernozemye</kwd>
        <kwd>religious holidays</kwd>
        <kwd>religiosity</kwd>
        <kwd>Russian Orthodox Church</kwd>
        <kwd>spiritual culture of peasants</kwd>
        <kwd>Soviet antireligious policy</kwd>
        <kwd>secularization of leisure.</kwd>
      </kwd-group>
      <counts>
        <table-count count="0" />
        <page-count count="0" />
      </counts>
    </article-meta>
  </front>
</article>
