<?xml version='1.0' encoding='UTF-8'?>
<article xmlns:xlink="http://www.w3.org/1999/xlink" dtd-version="1.1">
  <front>
    <journal-meta>
      <journal-id jjournal-id-type="publisher">State, Religion and Church in Russia and Worldwide</journal-id>
      <journal-title-group>
        <journal-title>Gosudarstvo, religiia, tserkov' v Rossii i za rubezhom</journal-title>
        <abbrev-journal-title abbrev-type="nlm-ta" />
      </journal-title-group>
      <issn pub-type="ppub" />
      <issn pub-type="epub" />
    </journal-meta>
    <article-meta>
      <article-id pub-id-type="manuscript" />
      <article-categories>
        <subj-group subj-group-type="article_type">
          <subject>Research article</subject>
        </subj-group>
        <subj-group subj-group-type="subject_areas" />
      </article-categories>
      <title-group>
        <article-title>Syriac Poetry in the Mongol Time: From Monastery Cells to Royal Tents</article-title>
        <alt-title alt-title-type="running" />
      </title-group>
      <contrib-group>
        <contrib contrib-type="author">
          <name>
            <surname>Pritula</surname>
            <given-names>Anton</given-names>
          </name>
          <email />
          <role content-type="1" />
          <xref ref-type="aff" rid="aff1" />
        </contrib>
        <aff id="aff1">
          <institution />
          <addr-line content-type="addrline1" />
          <addr-line content-type="city" />
          <addr-line content-type="state" />
          <addr-line content-type="zipcode" />
          <addr-line content-type="country" />
      </aff>
      </contrib-group>
      <pub-date pub-type="epub" />
      <pub-date pub-type="ppub" />
      <elocation-id />
      <history>
        <date data-type="received">
          <day />
          <month />
          <year>2015</year>
      </date>
      </history>
      <permissions>
        <copyright-statement>Russian Presidential Academy of National Economy and Public Administration.</copyright-statement>
        <copyright-year>© 2015</copyright-year>
      </permissions>
      <abstract>
        <b>The Syriac poetry of the 11–14th centuries (so-called Syriac Renaissance) has been studied very poorly so far. One of the reasons is a traditional approach of the scholars, who treated this poetry as secondary to the strongly developed Islamic literature. The reason for changing of its character was the final fall of the Caliphate (1258) and the emergence of a new state in the area of Iran and Iraq with the Mongol dynasty, headed by Ilkhans (Hulaguids). The tolerance and sympathies of the rulers towards Christianity allowed the Syriac tradition to reach the royal palace, which also influenced the poetic style. In the article, an attempt is made to show how the poetry reflected political and social life of that period. Besides, it is argued that it had its original features, which were the result of the synthesis of its own traditions and the achievements of the Islamic culture. One of the creators of this new style was Gregory Bar ʿEbrōyō (1226–1286), a famous West-Syrian philosopher and scientist. His aesthetics was further developed by his East-Syrian contemporary Khāmīs bar Qardaḥē of Arbela, who used sophisticated rhythm and rhyme schemes to achieve a stronger effect on the royal court elite.</b>
      </abstract>
      <kwd-group>
        <kwd>Syriac Poetry</kwd>
        <kwd>Eastern Christianity</kwd>
        <kwd>medieval literature</kwd>
        <kwd>Mongol invasion</kwd>
        <kwd>Islamic literature</kwd>
        <kwd>royal court poetry</kwd>
        <kwd>mysticism.</kwd>
      </kwd-group>
      <counts>
        <table-count count="0" />
        <page-count count="0" />
      </counts>
    </article-meta>
  </front>
</article>
