<?xml version='1.0' encoding='UTF-8'?>
<article xmlns:xlink="http://www.w3.org/1999/xlink" dtd-version="1.1">
  <front>
    <journal-meta>
      <journal-id jjournal-id-type="publisher">State, Religion and Church in Russia and Worldwide</journal-id>
      <journal-title-group>
        <journal-title>Gosudarstvo, religiia, tserkov' v Rossii i za rubezhom</journal-title>
        <abbrev-journal-title abbrev-type="nlm-ta" />
      </journal-title-group>
      <issn pub-type="ppub" />
      <issn pub-type="epub" />
    </journal-meta>
    <article-meta>
      <article-id pub-id-type="manuscript" />
      <article-categories>
        <subj-group subj-group-type="article_type">
          <subject>Research article</subject>
        </subj-group>
        <subj-group subj-group-type="subject_areas" />
      </article-categories>
      <title-group>
        <article-title>Maronite, Melkite, or Jacobite? Investigating the Confessional Affiliation of ʿAbd al-Masīḥ ibn Nāʿima al-Ḥimṣī, the Arab Christian Translator of Plotinus</article-title>
        <alt-title alt-title-type="running" />
      </title-group>
      <contrib-group>
        <contrib contrib-type="author">
          <name>
            <surname>Treiger</surname>
            <given-names>Alexander</given-names>
          </name>
          <email />
          <role content-type="1" />
          <xref ref-type="aff" rid="aff1" />
        </contrib>
        <aff id="aff1">
          <institution />
          <addr-line content-type="addrline1" />
          <addr-line content-type="city" />
          <addr-line content-type="state" />
          <addr-line content-type="zipcode" />
          <addr-line content-type="country" />
      </aff>
      </contrib-group>
      <pub-date pub-type="epub" />
      <pub-date pub-type="ppub" />
      <elocation-id />
      <history>
        <date data-type="received">
          <day />
          <month />
          <year>2015</year>
      </date>
      </history>
      <permissions>
        <copyright-statement>Russian Presidential Academy of National Economy and Public Administration.</copyright-statement>
        <copyright-year>© 2015</copyright-year>
      </permissions>
      <abstract>
        <b>The present study attempts to determine the confessional background of the ninth-century Arab Christian translator of Plotinus, ʿAbd al-Masīḥ ibn Nāʿima al-Ḥimṣī. Three scenarios are examined: that he was a Maronite, a Melkite, or a Jacobite. Given that we have, unfortunately, no primary sources that contextualize al-Ḥimṣī within his Christian environment, any answer to this question must remain tentative. Nonetheless, it appears likely that al-Ḥimṣī was a Chalcedonian (either a Maronite/monothelete or a Melkite/dyothelete) and not a Jacobite, and that he had some connection to Syrian or Palestinian Origenism. It is as part of this probable Origenist background that he became exposed to Greek Neoplatonism and gained access to a Greek manuscript of Plotinus. If he was a Melkite, it seems likely that he received his philosophical and theological education and was trained as a translator in one of the monasteries of Palestine—such as the monastery of Mar Saba, which was a cutting-edge multilingual translation centre at the time, or the monastery of Mar Khariton. If he was a Maronite, he must have had ties to the likely Origenist milieu of the monastery of Mar Maron in western Syria.</b>
      </abstract>
      <kwd-group>
        <kwd>Middle Eastern Christianity</kwd>
        <kwd>Melkites</kwd>
        <kwd>Maronites</kwd>
        <kwd>Jacobites</kwd>
        <kwd>Origenism</kwd>
        <kwd>Plotinus</kwd>
        <kwd>Neoplatonism</kwd>
        <kwd>Palestinian monasteries</kwd>
        <kwd>Graeco-Arabic translation movement</kwd>
        <kwd>al-Kindī</kwd>
        <kwd>Muslim philosophy.</kwd>
      </kwd-group>
      <counts>
        <table-count count="0" />
        <page-count count="0" />
      </counts>
    </article-meta>
  </front>
</article>
