<?xml version='1.0' encoding='UTF-8'?>
<article xmlns:xlink="http://www.w3.org/1999/xlink" dtd-version="1.1">
  <front>
    <journal-meta>
      <journal-id jjournal-id-type="publisher">GRC</journal-id>
      <journal-title-group>
        <journal-title>Gosudarstvo, religiia, tserkov' v Rossii i za rubezhom </journal-title>
        <abbrev-journal-title abbrev-type="nlm-ta" />
      </journal-title-group>
      <issn pub-type="ppub" />
      <issn pub-type="epub" />
    </journal-meta>
    <article-meta>
      <article-id pub-id-type="manuscript" />
      <article-categories>
        <subj-group subj-group-type="article_type">
          <subject>Research Letter</subject>
        </subj-group>
        <subj-group subj-group-type="subject_areas">
          <subject> </subject>
      </subj-group>
      </article-categories>
      <title-group>
        <article-title>The Historical Roots and the Correlation of Confessional and Ethnic Elements within Mennonite Identity in the USSR</article-title>
        <alt-title alt-title-type="running" />
      </title-group>
      <contrib-group>
        <contrib contrib-type="author">
          <name>
            <surname>Dyck</surname>
            <given-names>Johannes</given-names>
          </name>
          <email />
          <role content-type="1" />
          <xref ref-type="aff" rid="aff1" />
        </contrib>
        <aff id="aff1">
          <institution />
          <addr-line content-type="addrline1" />
          <addr-line content-type="city" />
          <addr-line content-type="state" />
          <addr-line content-type="zipcode" />
          <addr-line content-type="country" />
      </aff>
      </contrib-group>
      <pub-date pub-type="epub" />
      <pub-date pub-type="ppub" />
      <elocation-id />
      <history>
        <date data-type="received">
          <day />
          <month />
          <year>2014</year>
      </date>
      </history>
      <permissions>
        <copyright-statement />
        <copyright-year />
      </permissions>
      <abstract>
        <b>The article examines historical roots and dynamics of Mennonite identity in USSR using the concept of an ethno-confessionality, introduced to Soviet religious studies by Alexei N. Ipatov. As a result of secularization, in the beginning of the 20th century a part of Mennonites gave up religion but continued to regard themselves Mennonites by culture, and Mennonite identity ceased to be strictly religious. During the Civil War, the confessional identity lost its traditional core — obligatory nonresistance. Ethnic assimilation and loss of German language have been forced by the deportation of 1941 and special settlement. The number of Mennonite identity carriers significantly dropped due to the bitter struggle with religion. Many Mennonites joined the Evangelical Christian-Baptists producing a further erosion of identity. After decline of religious persecutions, reproduction of Mennonite identity could take place in rare Mennonite congregations and families. As a result, Mennonite identity did not disappear but significantly changed.</b>
      </abstract>
      <kwd-group>
        <kwd>identity</kwd>
        <kwd>Mennonites</kwd>
        <kwd>Germans</kwd>
        <kwd>ethno-confessional community</kwd>
        <kwd>Evangelical Christian-Baptists</kwd>
        <kwd>deportation.</kwd>
      </kwd-group>
      <counts>
        <table-count count="0" />
        <page-count count="0" />
      </counts>
    </article-meta>
  </front>
</article>
