<?xml version='1.0' encoding='UTF-8'?>
<article xmlns:xlink="http://www.w3.org/1999/xlink" dtd-version="1.1">
  <front>
    <journal-meta>
      <journal-id jjournal-id-type="publisher">GRC</journal-id>
      <journal-title-group>
        <journal-title>Gosudarstvo, religiia, tserkov' v Rossii i za rubezhom </journal-title>
        <abbrev-journal-title abbrev-type="nlm-ta" />
      </journal-title-group>
      <issn pub-type="ppub" />
      <issn pub-type="epub" />
    </journal-meta>
    <article-meta>
      <article-id pub-id-type="manuscript" />
      <article-categories>
        <subj-group subj-group-type="article_type">
          <subject>Research Letter</subject>
        </subj-group>
        <subj-group subj-group-type="subject_areas">
          <subject> </subject>
      </subj-group>
      </article-categories>
      <title-group>
        <article-title>The Figure of Metropolitan Ignatius in the Construction of Identity and Historical Memory of the Azov Greeks</article-title>
        <alt-title alt-title-type="running" />
      </title-group>
      <contrib-group>
        <contrib contrib-type="author">
          <name>
            <surname>Arabadzhy</surname>
            <given-names>Svitlana</given-names>
          </name>
          <email />
          <role content-type="1" />
          <xref ref-type="aff" rid="aff1" />
        </contrib>
        <contrib contrib-type="author">
          <name>
            <surname>Pakhomenko</surname>
            <given-names>Serhij</given-names>
          </name>
          <email />
          <role content-type="2" />
          <xref ref-type="aff" rid="aff2" />
        </contrib>
        <aff id="aff1">
          <institution />
          <addr-line content-type="addrline1" />
          <addr-line content-type="city" />
          <addr-line content-type="state" />
          <addr-line content-type="zipcode" />
          <addr-line content-type="country" />
        </aff>
        <aff id="aff2">
          <institution />
          <addr-line content-type="addrline1" />
          <addr-line content-type="city" />
          <addr-line content-type="state" />
          <addr-line content-type="zipcode" />
          <addr-line content-type="country" />
      </aff>
      </contrib-group>
      <pub-date pub-type="epub" />
      <pub-date pub-type="ppub" />
      <elocation-id />
      <history>
        <date data-type="received">
          <day />
          <month />
          <year>2014</year>
      </date>
      </history>
      <permissions>
        <copyright-statement />
        <copyright-year />
      </permissions>
      <abstract>
        <b>The article examines the transformation of the image of Metropolitan Ignatius in historiography and its use for constructing ethnic identity and historical memory of the Greeks of Ukrainian Northern Azov Sea region. The article analyzes historical and local historical literature and periodicals of the imperial, Soviet and post-Soviet periods. The analysis showed that the imperatives of modeling the image of the Metropolitan varied according to the political situation and the dominant ideology. The article concentrates on current commemorative practices that contribute to the formation of apologetic image of metropolitan and his cult, especially after Ignatius’ canonization by the Ukrainian Orthodox Church (Moscow Patriarchate). The figure of Ignatius serves for ethnic consolidation and complementarity in the context of an alien ethnic environment.</b>
      </abstract>
      <kwd-group>
        <kwd>metropolitan Ignatius</kwd>
        <kwd>the Greeks</kwd>
        <kwd>identity</kwd>
        <kwd>historical memory</kwd>
        <kwd>historiography</kwd>
        <kwd>commemorative practices</kwd>
        <kwd>Ukrainian Northern Azov Sea region.</kwd>
      </kwd-group>
      <counts>
        <table-count count="0" />
        <page-count count="0" />
      </counts>
    </article-meta>
  </front>
</article>
