<?xml version='1.0' encoding='UTF-8'?>
<article xmlns:xlink="http://www.w3.org/1999/xlink" dtd-version="1.1">
  <front>
    <journal-meta>
      <journal-id jjournal-id-type="publisher">GRC</journal-id>
      <journal-title-group>
        <journal-title>Gosudarstvo, religiia, tserkov' v Rossii i za rubezhom </journal-title>
        <abbrev-journal-title abbrev-type="nlm-ta" />
      </journal-title-group>
      <issn pub-type="ppub" />
      <issn pub-type="epub" />
    </journal-meta>
    <article-meta>
      <article-id pub-id-type="manuscript" />
      <article-categories>
        <subj-group subj-group-type="article_type">
          <subject>Research Letter</subject>
        </subj-group>
        <subj-group subj-group-type="subject_areas">
          <subject> </subject>
      </subj-group>
      </article-categories>
      <title-group>
        <article-title>Religion and Nation in Serbia, Bulgaria and Romania: Three Eastern Orthodox Models</article-title>
        <alt-title alt-title-type="running" />
      </title-group>
      <contrib-group>
        <contrib contrib-type="author">
          <name>
            <surname>Buchenau</surname>
            <given-names>Klaus</given-names>
          </name>
          <email />
          <role content-type="1" />
          <xref ref-type="aff" rid="aff1" />
        </contrib>
        <aff id="aff1">
          <institution />
          <addr-line content-type="addrline1" />
          <addr-line content-type="city" />
          <addr-line content-type="state" />
          <addr-line content-type="zipcode" />
          <addr-line content-type="country" />
      </aff>
      </contrib-group>
      <pub-date pub-type="epub" />
      <pub-date pub-type="ppub" />
      <elocation-id />
      <history>
        <date data-type="received">
          <day />
          <month />
          <year>2014</year>
      </date>
      </history>
      <permissions>
        <copyright-statement />
        <copyright-year />
      </permissions>
      <abstract>
        <b>According to many analysts, there is a general affinity between Eastern Orthodoxy and nationalism, especially in Southeastern Europe. The present article aims to draw a more differentiated picture and shows that in Bulgaria, Romania and Serbia religious nationalism developed with different intensity and along different paths. Among the three countries compared, Bulgaria has the weakest tradition of Orthodox sacralization of both nation and politics. This feature is rooted in the fact that Orthodoxy in Bulgarian history has frequently functioned as a frame of transnational belonging to the «Orthodox world» or as an instrument of Greek dominance, but also in its institutional weaknesses. In Romania, the influence of the Orthodox Church in society has been traditionally stronger than in Bulgaria or Serbia — a difference which can be traced back to the lower burden of Ottoman rule and a stronger historical continuity of Orthodox learning in the Danube Principalities. Here, intense Orthodox influence in society caused the secular elites to integrate elements of Orthodoxy into the national program. The Serbian case is the most contradictory one: it reveals a heavy disparity between a modest level of church influence on everyday life with a pervasive presence of national symbolism, due to the fact of Serbia’s being at the perennial geopolitical fault line and therefore in permanent conflicts with non-Orthodox powers.</b>
      </abstract>
      <kwd-group>
        <kwd>Orthodox Church</kwd>
        <kwd>nation</kwd>
        <kwd>nationalism</kwd>
        <kwd>sacralization of nation</kwd>
        <kwd>Serbia</kwd>
        <kwd>Bulgaria</kwd>
        <kwd>Romania</kwd>
        <kwd>history.</kwd>
      </kwd-group>
      <counts>
        <table-count count="0" />
        <page-count count="0" />
      </counts>
    </article-meta>
  </front>
</article>
