<?xml version='1.0' encoding='UTF-8'?>
<article xmlns:xlink="http://www.w3.org/1999/xlink" dtd-version="1.1">
  <front>
    <journal-meta>
      <journal-id jjournal-id-type="publisher">GRC</journal-id>
      <journal-title-group>
        <journal-title>Gosudarstvo, religiia, tserkov' v Rossii i za rubezhom </journal-title>
        <abbrev-journal-title abbrev-type="nlm-ta" />
      </journal-title-group>
      <issn pub-type="ppub" />
      <issn pub-type="epub" />
    </journal-meta>
    <article-meta>
      <article-id pub-id-type="manuscript" />
      <article-categories>
        <subj-group subj-group-type="article_type">
          <subject>Research Letter</subject>
        </subj-group>
        <subj-group subj-group-type="subject_areas">
          <subject> </subject>
      </subj-group>
      </article-categories>
      <title-group>
        <article-title>Ukrainization within the Orthodox Church in the Interwar Poland</article-title>
        <alt-title alt-title-type="running" />
      </title-group>
      <contrib-group>
        <contrib contrib-type="author">
          <name>
            <surname>Vishivanuk</surname>
            <given-names>Anna</given-names>
          </name>
          <email />
          <role content-type="1" />
          <xref ref-type="aff" rid="aff1" />
        </contrib>
        <aff id="aff1">
          <institution />
          <addr-line content-type="addrline1" />
          <addr-line content-type="city" />
          <addr-line content-type="state" />
          <addr-line content-type="zipcode" />
          <addr-line content-type="country" />
      </aff>
      </contrib-group>
      <pub-date pub-type="epub" />
      <pub-date pub-type="ppub" />
      <elocation-id />
      <history>
        <date data-type="received">
          <day />
          <month />
          <year>2014</year>
      </date>
      </history>
      <permissions>
        <copyright-statement />
        <copyright-year />
      </permissions>
      <abstract>
        <b>In 1920-1930s the West Ukrainian areas, Galicia and Volhynia, incorporated into the independent Poland (the Second Rzeczpospolita) according to the 1921 Riga peace treaty, became the centre of the Ukrainian national movement. However the political activity of the Ukrainian nationalists was strongly limited by the Polish government. One of the few organizations of the Ukrainian people, capable to maintain social activity, was the Church. In Galicia the Ukrainian Greek Catholic Church traditionally supported the Ukrainian national movement. By contrast, in Volhynia, where the Ukrainians belonged to the Orthodox Church in Poland, the population was generally apolitical and showed no interest in the Ukrainian nationalism. This paper explores the dynamic of growing Ukrainization efforts within the Church, starting with individual initiatives of using the Ukrainian language in worship and ending up with appearance of bishops who promoted the idea of Ukraine’s political and ecclesiastical independence.</b>
      </abstract>
      <kwd-group>
        <kwd>Orthodox Church in Poland</kwd>
        <kwd>Ukrainization</kwd>
        <kwd>autocephaly</kwd>
        <kwd>Ukrainian national minority</kwd>
        <kwd>Ukrainian national movement</kwd>
        <kwd>Polish assimilation</kwd>
        <kwd>Catholicization.</kwd>
      </kwd-group>
      <counts>
        <table-count count="0" />
        <page-count count="0" />
      </counts>
    </article-meta>
  </front>
</article>
