<?xml version='1.0' encoding='UTF-8'?>
<article xmlns:xlink="http://www.w3.org/1999/xlink" dtd-version="1.1">
  <front>
    <journal-meta>
      <journal-id jjournal-id-type="publisher">GRC</journal-id>
      <journal-title-group>
        <journal-title>Gosudarstvo, religiia, tserkov' v Rossii i za rubezhom </journal-title>
        <abbrev-journal-title abbrev-type="nlm-ta" />
      </journal-title-group>
      <issn pub-type="ppub" />
      <issn pub-type="epub" />
    </journal-meta>
    <article-meta>
      <article-id pub-id-type="manuscript" />
      <article-categories>
        <subj-group subj-group-type="article_type">
          <subject>Research Letter</subject>
        </subj-group>
        <subj-group subj-group-type="subject_areas">
          <subject> </subject>
      </subj-group>
      </article-categories>
      <title-group>
        <article-title>The Scientific Legacy of Evgeny Torchinov and His Typology of Religions</article-title>
        <alt-title alt-title-type="running" />
      </title-group>
      <contrib-group>
        <contrib contrib-type="author">
          <name>
            <surname>Pakhomov</surname>
            <given-names>Sergey</given-names>
          </name>
          <email />
          <role content-type="1" />
          <xref ref-type="aff" rid="aff1" />
        </contrib>
        <contrib contrib-type="author">
          <name>
            <surname>Rakhmanin</surname>
            <given-names>Alexey</given-names>
          </name>
          <email />
          <role content-type="2" />
          <xref ref-type="aff" rid="aff2" />
        </contrib>
        <contrib contrib-type="author">
          <name>
            <surname>Svetlov</surname>
            <given-names>Roman</given-names>
          </name>
          <email />
          <role content-type="3" />
          <xref ref-type="aff" rid="aff3" />
        </contrib>
        <aff id="aff1">
          <institution />
          <addr-line content-type="addrline1" />
          <addr-line content-type="city" />
          <addr-line content-type="state" />
          <addr-line content-type="zipcode" />
          <addr-line content-type="country" />
        </aff>
        <aff id="aff2">
          <institution />
          <addr-line content-type="addrline1" />
          <addr-line content-type="city" />
          <addr-line content-type="state" />
          <addr-line content-type="zipcode" />
          <addr-line content-type="country" />
        </aff>
        <aff id="aff3">
          <institution />
          <addr-line content-type="addrline1" />
          <addr-line content-type="city" />
          <addr-line content-type="state" />
          <addr-line content-type="zipcode" />
          <addr-line content-type="country" />
      </aff>
      </contrib-group>
      <pub-date pub-type="epub" />
      <pub-date pub-type="ppub" />
      <elocation-id />
      <history>
        <date data-type="received">
          <day />
          <month />
          <year>2013</year>
      </date>
      </history>
      <permissions>
        <copyright-statement />
        <copyright-year />
      </permissions>
      <abstract>
        <b>Ten years passed after the death of outstanding Russian sinologist and religious studies scholar Evgeny Torchinov. In this paper the authors conceptualize his life and career and his academic    methodology. Monograph «Religions of the World: Experience of the Transcendence: Transpersonal States and Psychotechnique» (1997) takes a unique place in the legacy of Torchinov. Here he introduces a new conception based on transpersonal psychology of Stanislaw Grof. The perinatal and transpersonal experiences are the foundation of religion and religious experience. Torchinov offers an intuitive understanding of deep religious feelings by means of experimental science. Torchinov's model is not a way of interpretation of religion as such, but of specific parts of religious traditions. The benefits of his ideas are in limited, quite concise areas of its applicability. Torchinov believed that his concept is replacing reductionist views, essentially sociological ones.</b>
      </abstract>
      <kwd-group>
        <kwd>E. Torchinov</kwd>
        <kwd>religious studies</kwd>
        <kwd>transpersonal psychology</kwd>
        <kwd>religious experience</kwd>
        <kwd>Oriental studies.</kwd>
      </kwd-group>
      <counts>
        <table-count count="0" />
        <page-count count="0" />
      </counts>
    </article-meta>
  </front>
</article>
