<?xml version='1.0' encoding='UTF-8'?>
<article xmlns:xlink="http://www.w3.org/1999/xlink" dtd-version="1.1">
  <front>
    <journal-meta>
      <journal-id jjournal-id-type="publisher">GRC</journal-id>
      <journal-title-group>
        <journal-title>Gosudarstvo, religiia, tserkov' v Rossii i za rubezhom </journal-title>
        <abbrev-journal-title abbrev-type="nlm-ta" />
      </journal-title-group>
      <issn pub-type="ppub" />
      <issn pub-type="epub" />
    </journal-meta>
    <article-meta>
      <article-id pub-id-type="manuscript" />
      <article-categories>
        <subj-group subj-group-type="article_type">
          <subject>Research Letter</subject>
        </subj-group>
        <subj-group subj-group-type="subject_areas">
          <subject> </subject>
      </subj-group>
      </article-categories>
      <title-group>
        <article-title>"To distinguish between the negative and the positive in religion…"</article-title>
        <alt-title alt-title-type="running" />
      </title-group>
      <contrib-group>
        <contrib contrib-type="author">
          <name>
            <surname>Boer</surname>
            <given-names>Roland</given-names>
          </name>
          <email />
          <role content-type="1" />
          <xref ref-type="aff" rid="aff1" />
        </contrib>
        <aff id="aff1">
          <institution />
          <addr-line content-type="addrline1" />
          <addr-line content-type="city" />
          <addr-line content-type="state" />
          <addr-line content-type="zipcode" />
          <addr-line content-type="country" />
      </aff>
      </contrib-group>
      <pub-date pub-type="epub" />
      <pub-date pub-type="ppub" />
      <elocation-id />
      <history>
        <date data-type="received">
          <day />
          <month />
          <year>2013</year>
      </date>
      </history>
      <permissions>
        <copyright-statement />
        <copyright-year />
      </permissions>
      <abstract>
        <b>This is an interview by Roland Boer, one of the coeditors of a new SAGE journal "Critical Research on Religion" (first two issues published in 2013). Boer talks about editorial policy and research    focus of the new publication. The title contains reference to Frankfurt School with its attempt to integrate Marxism, psychoanalysis and feminism into empirical social studies. The field also includes postcolonial, post-structuralist and gender studies. The editorial board of the new journal will also follow a certain agenda in dealing with religion, trying to distinguish between some "deficiencies" of religious phenomena and a potential "harm" they can produce from those elements of religion that contribute to the progress and fullness of human condition.</b>
      </abstract>
      <kwd-group>
        <kwd>religion</kwd>
        <kwd>religious studies</kwd>
        <kwd>social theory</kwd>
        <kwd>ideology</kwd>
        <kwd>progress</kwd>
        <kwd>Frankfurt school</kwd>
        <kwd>critical theory.</kwd>
      </kwd-group>
      <counts>
        <table-count count="0" />
        <page-count count="0" />
      </counts>
    </article-meta>
  </front>
</article>
