<?xml version='1.0' encoding='UTF-8'?>
<article xmlns:xlink="http://www.w3.org/1999/xlink" dtd-version="1.1">
  <front>
    <journal-meta>
      <journal-id jjournal-id-type="publisher">GRC</journal-id>
      <journal-title-group>
        <journal-title>Gosudarstvo, religiia, tserkov' v Rossii i za rubezhom </journal-title>
        <abbrev-journal-title abbrev-type="nlm-ta" />
      </journal-title-group>
      <issn pub-type="ppub" />
      <issn pub-type="epub" />
    </journal-meta>
    <article-meta>
      <article-id pub-id-type="manuscript" />
      <article-categories>
        <subj-group subj-group-type="article_type">
          <subject>Research article</subject>
        </subj-group>
        <subj-group subj-group-type="subject_areas">
          <subject> </subject>
      </subj-group>
      </article-categories>
      <title-group>
        <article-title>Policing the Sublime: A Critique of the Sociology of Religion</article-title>
        <alt-title alt-title-type="running" />
      </title-group>
      <contrib-group>
        <contrib contrib-type="author">
          <name>
            <surname>Milbank</surname>
            <given-names>John</given-names>
          </name>
          <email />
          <role content-type="1" />
          <xref ref-type="aff" rid="aff1" />
        </contrib>
        <aff id="aff1">
          <institution />
          <addr-line content-type="addrline1" />
          <addr-line content-type="city" />
          <addr-line content-type="state" />
          <addr-line content-type="zipcode" />
          <addr-line content-type="country" />
      </aff>
      </contrib-group>
      <pub-date pub-type="epub" />
      <pub-date pub-type="ppub" />
      <elocation-id />
      <history>
        <date data-type="received">
          <day />
          <month />
          <year>2013</year>
      </date>
      </history>
      <permissions>
        <copyright-statement>Russian Presidential Academy of National Economy and Public Administration.</copyright-statement>
        <copyright-year>© 2013</copyright-year>
      </permissions>
      <abstract>
        <b>This text is a translation of the fifth chapter from the book "Theology and Social Theory: Beyond Secular Reason" by John Milbank. This chapter is devoted to theological criticism of sociology of religion. The author analyses approaches to religion by Durkheim, Weber, Parsons, Berger, Luckmann, Bellah, Luhmann, Turner, as well as anthropological concepts of religion by C. Geertz and M. Douglas. Special attention is devoted to functionalism in biblical criticism and historiography of early Christianity (one can find analysis of works by N. Gottwald, P. Brown and W. Meeks). From author’s point of view, "as a ‘science of the sublime’, sociology is locked into the paradox of the Kantian critique of metaphysics and of any claims to the representation of the absolute". Author wants to show that "all twentieth century sociology of religion can be exposed as a secular policing of the sublime" and that this sociology of religion is manifestation of "secular will-to-power".</b>
      </abstract>
      <kwd-group>
        <kwd>sociology of religion</kwd>
        <kwd>society</kwd>
        <kwd>sublime</kwd>
        <kwd>biblical criticism</kwd>
        <kwd>rites of passage</kwd>
        <kwd>history</kwd>
        <kwd>evolution</kwd>
        <kwd>function of religion.</kwd>
      </kwd-group>
      <counts>
        <table-count count="0" />
        <page-count count="0" />
      </counts>
    </article-meta>
  </front>
</article>
