<?xml version='1.0' encoding='UTF-8'?>
<article xmlns:xlink="http://www.w3.org/1999/xlink" dtd-version="1.1">
  <front>
    <journal-meta>
      <journal-id jjournal-id-type="publisher">GRC</journal-id>
      <journal-title-group>
        <journal-title>Gosudarstvo, religiia, tserkov' v Rossii i za rubezhom </journal-title>
        <abbrev-journal-title abbrev-type="nlm-ta" />
      </journal-title-group>
      <issn pub-type="ppub" />
      <issn pub-type="epub" />
    </journal-meta>
    <article-meta>
      <article-id pub-id-type="manuscript" />
      <article-categories>
        <subj-group subj-group-type="article_type">
          <subject>Research article</subject>
        </subj-group>
        <subj-group subj-group-type="subject_areas">
          <subject> </subject>
      </subj-group>
      </article-categories>
      <title-group>
        <article-title>Approaches to the Study of Religion in Modern Evolutionary Psychology</article-title>
        <alt-title alt-title-type="running" />
      </title-group>
      <contrib-group>
        <contrib contrib-type="author">
          <name>
            <surname>Mikhelson</surname>
            <given-names>Olga</given-names>
          </name>
          <email />
          <role content-type="1" />
          <xref ref-type="aff" rid="aff1" />
        </contrib>
        <aff id="aff1">
          <institution />
          <addr-line content-type="addrline1" />
          <addr-line content-type="city" />
          <addr-line content-type="state" />
          <addr-line content-type="zipcode" />
          <addr-line content-type="country" />
      </aff>
      </contrib-group>
      <pub-date pub-type="epub" />
      <pub-date pub-type="ppub" />
      <elocation-id />
      <history>
        <date data-type="received">
          <day />
          <month />
          <year>2013</year>
      </date>
      </history>
      <permissions>
        <copyright-statement>Russian Presidential Academy of National Economy and Public Administration.</copyright-statement>
        <copyright-year>© 2013</copyright-year>
      </permissions>
      <abstract>
        <b>The paper deals with approaches to religion within modern evolutionary psychology. In particular, the paper examines E. Wilson’s sociobiology, P. Richardson’s and R. Boyd’s concept of culture as «co-evolution», and R. Dawkins’ theories of memes and of religion as an «evolutionary by-product». Evolutionary psychology suffers from a few considerable and so far unsolved conceptual problems: the discussion of group selection; the issues of inherited and culturally depended components of religiosity; the question of «religious genes»; the theory of religion as «evolutionary by-product» etc. Among the main evident difficulties is the lack of its empirical verification. Nevertheless, evolutionary psychological approaches help to address classical issues of religious studies with new fresh perspectives.</b>
      </abstract>
      <kwd-group>
        <kwd>evolutionary psychology</kwd>
        <kwd>religion as evolutionary by-product</kwd>
        <kwd>memes</kwd>
        <kwd>replicators.</kwd>
      </kwd-group>
      <counts>
        <table-count count="0" />
        <page-count count="0" />
      </counts>
    </article-meta>
  </front>
</article>
