<?xml version='1.0' encoding='UTF-8'?>
<article xmlns:xlink="http://www.w3.org/1999/xlink" dtd-version="1.1">
  <front>
    <journal-meta>
      <journal-id jjournal-id-type="publisher">GRC</journal-id>
      <journal-title-group>
        <journal-title>Gosudarstvo, religiia, tserkov' v Rossii i za rubezhom </journal-title>
        <abbrev-journal-title abbrev-type="nlm-ta" />
      </journal-title-group>
      <issn pub-type="ppub" />
      <issn pub-type="epub" />
    </journal-meta>
    <article-meta>
      <article-id pub-id-type="manuscript" />
      <article-categories>
        <subj-group subj-group-type="article_type">
          <subject>Research article</subject>
        </subj-group>
        <subj-group subj-group-type="subject_areas">
          <subject> </subject>
      </subj-group>
      </article-categories>
      <title-group>
        <article-title>Postsecular Conflicts and the Global Struggle for Traditional Values</article-title>
        <alt-title alt-title-type="running" />
      </title-group>
      <contrib-group>
        <contrib contrib-type="author">
          <name>
            <surname>Stoeckl</surname>
            <given-names>Kristina</given-names>
          </name>
          <email />
          <role content-type="1" />
          <xref ref-type="aff" rid="aff1" />
        </contrib>
        <aff id="aff1">
          <institution />
          <addr-line content-type="addrline1" />
          <addr-line content-type="city" />
          <addr-line content-type="state" />
          <addr-line content-type="zipcode" />
          <addr-line content-type="country" />
      </aff>
      </contrib-group>
      <pub-date pub-type="epub" />
      <pub-date pub-type="ppub" />
      <elocation-id />
      <history>
        <date data-type="received">
          <day />
          <month />
          <year>2016</year>
      </date>
      </history>
      <permissions>
        <copyright-statement>Russian Presidential Academy of National Economy and Public Administration.</copyright-statement>
        <copyright-year>© 2016</copyright-year>
      </permissions>
      <abstract>
        <b>This is the text of a lecture that Dr. Kristina Stoeckl (University of Innsbruck, Austria) gave in the Russian Academy of National Economy and Public Administration (RANEPA) in March 2016. She presented the research project “Postsecular Conflicts,” 2016–2021, supported by the Austrian Science Fund and the European Research Council. This project in the field of sociology of religion and political theory explores conflicts over questions of public morality (f.e. visibility of religious symbols, definitions of family and gender, etc.). It starts from the observation that in today’s world these conflicts no longer take place in national contexts, but have a global appeal. How can we understand this global struggle for traditional values? In order to answer this question two steps need to be taken: (1) a revised political sociology of traditionalist religious actors; (2) a revised political conception of moral conflict. The Postsecular Conflicts research project wants to achieve both of these steps, specifically through a thorough analysis of the role of Russian Orthodox traditionalist actors in the global struggle for traditional values.</b>
      </abstract>
      <kwd-group>
        <kwd>postsecular</kwd>
        <kwd>Russian Orthodox Church</kwd>
        <kwd>Habermas</kwd>
        <kwd>religion</kwd>
        <kwd>norm entrepreneurship.</kwd>
      </kwd-group>
      <counts>
        <table-count count="0" />
        <page-count count="0" />
      </counts>
    </article-meta>
  </front>
</article>
