<?xml version='1.0' encoding='UTF-8'?>
<article xmlns:xlink="http://www.w3.org/1999/xlink" dtd-version="1.1">
  <front>
    <journal-meta>
      <journal-id jjournal-id-type="publisher">GRC</journal-id>
      <journal-title-group>
        <journal-title>Gosudarstvo, religiia, tserkov' v Rossii i za rubezhom </journal-title>
        <abbrev-journal-title abbrev-type="nlm-ta" />
      </journal-title-group>
      <issn pub-type="ppub" />
      <issn pub-type="epub" />
    </journal-meta>
    <article-meta>
      <article-id pub-id-type="manuscript" />
      <article-categories>
        <subj-group subj-group-type="article_type">
          <subject>Research article</subject>
        </subj-group>
        <subj-group subj-group-type="subject_areas">
          <subject> </subject>
      </subj-group>
      </article-categories>
      <title-group>
        <article-title>“To understand the Church means to understand people…”</article-title>
        <alt-title alt-title-type="running" />
      </title-group>
      <contrib-group>
        <contrib contrib-type="author">
          <name>
            <surname>Freeze</surname>
            <given-names>Gregory L.</given-names>
          </name>
          <email />
          <role content-type="1" />
          <xref ref-type="aff" rid="aff1" />
        </contrib>
        <aff id="aff1">
          <institution />
          <addr-line content-type="addrline1" />
          <addr-line content-type="city" />
          <addr-line content-type="state" />
          <addr-line content-type="zipcode" />
          <addr-line content-type="country" />
      </aff>
      </contrib-group>
      <pub-date pub-type="epub" />
      <pub-date pub-type="ppub" />
      <elocation-id />
      <history>
        <date data-type="received">
          <day />
          <month />
          <year>2016</year>
      </date>
      </history>
      <permissions>
        <copyright-statement>Russian Presidential Academy of National Economy and Public Administration.</copyright-statement>
        <copyright-year>© 2016</copyright-year>
      </permissions>
      <abstract>
        <b>Gregory Freeze, an American historian and expert on Russian history and the history of the Russian Church, tells in an interview about his academic biography and the roots of his interest in the history of the Russian religious history. He recalls Soviet-American scientific relations in the 1970s and 1980s and the communication difficulties of that period. Freeze also speaks about the current state of Russian studies and the history of religion in the United States. Turning to the results of his research, Freeze reveals the complex dynamics of the relationship between secular and ecclesiastical authorities, and compares the Russian society and the people’s religiosity in the imperial period with current developments. Freeze puts the current religious situation in Russia in the context of global trends in the religious sphere and notes the gap between the personal faith and belonging to religious institutions. In conclusion, he stresses the need to study religion as an integral part of world civilization.</b>
      </abstract>
      <kwd-group>
        <kwd>History of the Russian Empire</kwd>
        <kwd>history of the Russian Orthodox Church</kwd>
        <kwd>social history</kwd>
        <kwd>clergy</kwd>
        <kwd>Russian religiosity</kwd>
        <kwd>popular Orthodoxy</kwd>
        <kwd>Soviet-US scientific relations</kwd>
        <kwd>the Russian studies in the USA.</kwd>
      </kwd-group>
      <counts>
        <table-count count="0" />
        <page-count count="0" />
      </counts>
    </article-meta>
  </front>
</article>
