<?xml version='1.0' encoding='UTF-8'?>
<article xmlns:xlink="http://www.w3.org/1999/xlink" dtd-version="1.1">
  <front>
    <journal-meta>
      <journal-id jjournal-id-type="publisher">GRC</journal-id>
      <journal-title-group>
        <journal-title>Gosudarstvo, religiia, tserkov' v Rossii i za rubezhom </journal-title>
        <abbrev-journal-title abbrev-type="nlm-ta" />
      </journal-title-group>
      <issn pub-type="ppub" />
      <issn pub-type="epub" />
    </journal-meta>
    <article-meta>
      <article-id pub-id-type="manuscript" />
      <article-categories>
        <subj-group subj-group-type="article_type">
          <subject>Research article</subject>
        </subj-group>
        <subj-group subj-group-type="subject_areas">
          <subject> </subject>
      </subj-group>
      </article-categories>
      <title-group>
        <article-title>In Search of the “Theology of the Septuagint”: Methodological Aspects</article-title>
        <alt-title alt-title-type="running" />
      </title-group>
      <contrib-group>
        <contrib contrib-type="author">
          <name>
            <surname>Seleznev</surname>
            <given-names>Mikhail G.</given-names>
          </name>
          <email />
          <role content-type="1" />
          <xref ref-type="aff" rid="aff1" />
        </contrib>
        <aff id="aff1">
          <institution />
          <addr-line content-type="addrline1" />
          <addr-line content-type="city" />
          <addr-line content-type="state" />
          <addr-line content-type="zipcode" />
          <addr-line content-type="country" />
      </aff>
      </contrib-group>
      <pub-date pub-type="epub" />
      <pub-date pub-type="ppub" />
      <elocation-id />
      <history>
        <date data-type="received">
          <day />
          <month />
          <year>2016</year>
      </date>
      </history>
      <permissions>
        <copyright-statement>Russian Presidential Academy of National Economy and Public Administration.</copyright-statement>
        <copyright-year>© 2016</copyright-year>
      </permissions>
      <abstract>
        <b>The paper deals with the “theology of the Septuagint” and other factors that caused the difference between the Hebrew and the Greek texts of the Old Testament. The author’s position is that we should speak about theologically motivated exegesis only when other, simpler, explanations fail. Different factors that may have influenced the change of meaning between the Hebrew and the Greek Bible are classified into five groups: changes in the Hebrew text prior to the translation; changes in the Hebrew semantics/exegesis prior to the translation; changes of meaning in the process of translation; changes in the Greek text after the translation; changes in the Greek semantics/exegesis after the translation.</b>
      </abstract>
      <kwd-group>
        <kwd>Hebrew Bible</kwd>
        <kwd>Greek Bible</kwd>
        <kwd>Septuagint</kwd>
        <kwd>Masoretic text</kwd>
        <kwd>textual criticism</kwd>
        <kwd>Bible translation</kwd>
        <kwd>theology.</kwd>
      </kwd-group>
      <counts>
        <table-count count="0" />
        <page-count count="0" />
      </counts>
    </article-meta>
  </front>
</article>
