<?xml version='1.0' encoding='UTF-8'?>
<article xmlns:xlink="http://www.w3.org/1999/xlink" dtd-version="1.1">
  <front>
    <journal-meta>
      <journal-id jjournal-id-type="publisher">GRC</journal-id>
      <journal-title-group>
        <journal-title>Gosudarstvo, religiia, tserkov' v Rossii i za rubezhom </journal-title>
        <abbrev-journal-title abbrev-type="nlm-ta" />
      </journal-title-group>
      <issn pub-type="ppub" />
      <issn pub-type="epub" />
    </journal-meta>
    <article-meta>
      <article-id pub-id-type="manuscript" />
      <article-categories>
        <subj-group subj-group-type="article_type">
          <subject>Research article</subject>
        </subj-group>
        <subj-group subj-group-type="subject_areas">
          <subject> </subject>
      </subj-group>
      </article-categories>
      <title-group>
        <article-title>Religious Personality in the Modern Era in Psychological Prose: “Confessions of a Beautiful Soul” by Goethe</article-title>
        <alt-title alt-title-type="running" />
      </title-group>
      <contrib-group>
        <contrib contrib-type="author">
          <name>
            <surname>Antonov</surname>
            <given-names>Konstantin</given-names>
          </name>
          <email />
          <role content-type="1" />
          <xref ref-type="aff" rid="aff1" />
        </contrib>
        <aff id="aff1">
          <institution />
          <addr-line content-type="addrline1" />
          <addr-line content-type="city" />
          <addr-line content-type="state" />
          <addr-line content-type="zipcode" />
          <addr-line content-type="country" />
      </aff>
      </contrib-group>
      <pub-date pub-type="epub" />
      <pub-date pub-type="ppub" />
      <elocation-id />
      <history>
        <date data-type="received">
          <day />
          <month />
          <year>2016</year>
      </date>
      </history>
      <permissions>
        <copyright-statement>Russian Presidential Academy of National Economy and Public Administration.</copyright-statement>
        <copyright-year>© 2016</copyright-year>
      </permissions>
      <abstract>
        <b>The article makes an attempt of psychological interpretation of “Confessions of a Beautiful Soul” — the sixth book of Goethe’s famous novel “Wilhelm Meister’s Apprenticeship”. The author examines the text of German writer in line with hermeneutical and phenomenological traditions of contemporary psychology of religion, using the ideas of L. Vygotskij (“The Psychology of Art”) and L. Ginsburg (“On the Psychological Prose”) while analyzing the artistic component of the artwork, elements of contemporary Russian developmental psychology. Questions of Goethe’s authorship and his attention to the world of religious experience of the female character of the novel are under discussion. Three main elements of psychological investigation of the novel are examined: the artistic method of Goethe; stages of formation of religious life of the character, the role of religion in the processes of socialization and individuation of her person; interaction of religious sense with other spheres, forms and functions of psychical life. The article comes up with a number of conclusions concerning patterns of personal religious life in the modern times.</b>
      </abstract>
      <kwd-group>
        <kwd>Goethe</kwd>
        <kwd>“Confessions of Beautiful Soul”</kwd>
        <kwd>psychology of religion</kwd>
        <kwd>developmental psychology</kwd>
        <kwd>psychological prose</kwd>
        <kwd>religious sense.</kwd>
      </kwd-group>
      <counts>
        <table-count count="0" />
        <page-count count="0" />
      </counts>
    </article-meta>
  </front>
</article>
