<?xml version='1.0' encoding='UTF-8'?>
<article xmlns:xlink="http://www.w3.org/1999/xlink" dtd-version="1.1">
  <front>
    <journal-meta>
      <journal-id jjournal-id-type="publisher">State, Religion and Church in Russia and Worldwide</journal-id>
      <journal-title-group>
        <journal-title>Gosudarstvo, religiia, tserkov' v Rossii i za rubezhom</journal-title>
        <abbrev-journal-title abbrev-type="nlm-ta" />
      </journal-title-group>
      <issn pub-type="ppub" />
      <issn pub-type="epub" />
    </journal-meta>
    <article-meta>
      <article-id pub-id-type="manuscript" />
      <article-categories>
        <subj-group subj-group-type="article_type">
          <subject>Research article</subject>
        </subj-group>
        <subj-group subj-group-type="subject_areas" />
      </article-categories>
      <title-group>
        <article-title>Psychology of Religion as a Scientific Project</article-title>
        <alt-title alt-title-type="running" />
      </title-group>
      <contrib-group>
        <contrib contrib-type="author">
          <name>
            <surname>Folieva</surname>
            <given-names>Tatiana</given-names>
          </name>
          <email />
          <role content-type="1" />
          <xref ref-type="aff" rid="aff1" />
        </contrib>
        <contrib contrib-type="author">
          <name>
            <surname>Malevich</surname>
            <given-names>Tatiana</given-names>
          </name>
          <email />
          <role content-type="2" />
          <xref ref-type="aff" rid="aff2" />
        </contrib>
        <aff id="aff1">
          <institution />
          <addr-line content-type="addrline1" />
          <addr-line content-type="city" />
          <addr-line content-type="state" />
          <addr-line content-type="zipcode" />
          <addr-line content-type="country" />
        </aff>
        <aff id="aff2">
          <institution />
          <addr-line content-type="addrline1" />
          <addr-line content-type="city" />
          <addr-line content-type="state" />
          <addr-line content-type="zipcode" />
          <addr-line content-type="country" />
      </aff>
      </contrib-group>
      <pub-date pub-type="epub" />
      <pub-date pub-type="ppub" />
      <elocation-id />
      <history>
        <date data-type="received">
          <day />
          <month />
          <year>2016</year>
      </date>
      </history>
      <permissions>
        <copyright-statement>Russian Presidential Academy of National Economy and Public Administration.</copyright-statement>
        <copyright-year>© 2016</copyright-year>
      </permissions>
      <abstract>
        <b>Psychology of religion is a rapidly developing field of interdisciplinary research, which covers a wide range of phenomena from the formation of religious conceptual systems and specifically religious patterns of behavior to processes of religious socialization and indoctrination, phenomena of religious fundamentalism and extremism, etc. The advent of the psychology of religion as an independent discipline in the first quarter of the 20th century went through a complicated formation, with a search of its subject and its methodology. This article briefly highlights the main stages of development of psychology of religion, sets out the key ideas of leading scientists, and the current state of the discipline. The history of psychology of religion is a history of “ups and downs”, in which Western and Russian traditions were clearly different. In the West, the development was more gradual and almost without serious interruption, and the main emphasis was on empirical research, while the history of the discipline in Russia was subject to political upheavals, which led to the domination of theoretical and historical works of descriptive nature.</b>
      </abstract>
      <kwd-group>
        <kwd>cognitive science of religion</kwd>
        <kwd>psychology of religion</kwd>
        <kwd>religion</kwd>
        <kwd>religious.</kwd>
      </kwd-group>
      <counts>
        <table-count count="0" />
        <page-count count="0" />
      </counts>
    </article-meta>
  </front>
</article>
