<?xml version='1.0' encoding='UTF-8'?>
<article xmlns:xlink="http://www.w3.org/1999/xlink" dtd-version="1.1">
  <front>
    <journal-meta>
      <journal-id jjournal-id-type="publisher">GRC</journal-id>
      <journal-title-group>
        <journal-title>Gosudarstvo, religiia, tserkov' v Rossii i za rubezhom </journal-title>
        <abbrev-journal-title abbrev-type="nlm-ta" />
      </journal-title-group>
      <issn pub-type="ppub" />
      <issn pub-type="epub" />
    </journal-meta>
    <article-meta>
      <article-id pub-id-type="manuscript" />
      <article-categories>
        <subj-group subj-group-type="article_type">
          <subject>Research article</subject>
        </subj-group>
        <subj-group subj-group-type="subject_areas">
          <subject> </subject>
      </subj-group>
      </article-categories>
      <title-group>
        <article-title>The Prohibition of Alcohol in Islam: Religious Imperatives and Practices in the 17th — 19th Century Dagestan</article-title>
        <alt-title alt-title-type="running" />
      </title-group>
      <contrib-group>
        <contrib contrib-type="author">
          <name>
            <surname>Musaev</surname>
            <given-names>Makhach A.</given-names>
          </name>
          <email />
          <role content-type="1" />
          <xref ref-type="aff" rid="aff1" />
        </contrib>
        <aff id="aff1">
          <institution />
          <addr-line content-type="addrline1" />
          <addr-line content-type="city" />
          <addr-line content-type="state" />
          <addr-line content-type="zipcode" />
          <addr-line content-type="country" />
      </aff>
      </contrib-group>
      <pub-date pub-type="epub" />
      <pub-date pub-type="ppub" />
      <elocation-id />
      <history>
        <date data-type="received">
          <day />
          <month />
          <year>2016</year>
      </date>
      </history>
      <permissions>
        <copyright-statement>Russian Presidential Academy of National Economy and Public Administration.</copyright-statement>
        <copyright-year>© 2016</copyright-year>
      </permissions>
      <abstract>
        <b>Despite the well-known imperative alcohol prohibition in Islam, in their everyday lives, throughout many places and times, Muslims have been drinking alcohols. In this research, the religious prohibition and its practices are discussed in the context of the bicentennial history of Dagestan (until the final annexation by the Russian Empire). The article draws upon religious prescriptions in the works of the Shafi’i (al-Nawawi and others) and Hanafi (al-Samarqandi and others) jurists, comparing them with evidences described and analyzed by scholars, foreign travelers (Adam Olearius, Evliya Çelebi, J. A. Güldenstädt etc.), as well as local theological, legal and history works in Arabic language.</b>
      </abstract>
      <kwd-group>
        <kwd>Dagestan</kwd>
        <kwd>alcohol in Islam</kwd>
        <kwd>Shafiʻi</kwd>
        <kwd>Khanafi</kwd>
        <kwd>khamr</kwd>
        <kwd>nabidh</kwd>
        <kwd>al-Quduqi</kwd>
        <kwd>al-ʻAymaki.</kwd>
      </kwd-group>
      <counts>
        <table-count count="0" />
        <page-count count="0" />
      </counts>
    </article-meta>
  </front>
</article>
