<?xml version='1.0' encoding='UTF-8'?>
<article xmlns:xlink="http://www.w3.org/1999/xlink" dtd-version="1.1">
  <front>
    <journal-meta>
      <journal-id jjournal-id-type="publisher">State, Religion and Church in Russia and Worldwide</journal-id>
      <journal-title-group>
        <journal-title>Gosudarstvo, religiia, tserkov' v Rossii i za rubezhom</journal-title>
        <abbrev-journal-title abbrev-type="nlm-ta" />
      </journal-title-group>
      <issn pub-type="ppub" />
      <issn pub-type="epub" />
    </journal-meta>
    <article-meta>
      <article-id pub-id-type="manuscript" />
      <article-categories>
        <subj-group subj-group-type="article_type">
          <subject>Research article</subject>
        </subj-group>
        <subj-group subj-group-type="subject_areas" />
      </article-categories>
      <title-group>
        <article-title>History of Tatar-Muslims Community in Soviet Petrograd-Leningrad (1917–1991) Based on Private and State Photo Archives</article-title>
        <alt-title alt-title-type="running" />
      </title-group>
      <contrib-group>
        <contrib contrib-type="author">
          <name>
            <surname>Bekkin</surname>
            <given-names>Renat</given-names>
          </name>
          <email />
          <role content-type="1" />
          <xref ref-type="aff" rid="aff1" />
        </contrib>
        <aff id="aff1">
          <institution />
          <addr-line content-type="addrline1" />
          <addr-line content-type="city" />
          <addr-line content-type="state" />
          <addr-line content-type="zipcode" />
          <addr-line content-type="country" />
      </aff>
      </contrib-group>
      <pub-date pub-type="epub" />
      <pub-date pub-type="ppub" />
      <elocation-id />
      <history>
        <date data-type="received">
          <day />
          <month />
          <year>2016</year>
      </date>
      </history>
      <permissions>
        <copyright-statement>Russian Presidential Academy of National Economy and Public Administration.</copyright-statement>
        <copyright-year>© 2016</copyright-year>
      </permissions>
      <abstract>
        <b>This article looks into the history of Muslim community of Petrograd-Leningrad during the Soviet time. The author pays special attention to its little-known and understudied aspects by referring to a wide range of sources from oral memoirs to diary extracts. Of particular importance are photographic materials from state and private photo archives. The picture helps to provide a broader view of the history of Muslim community, both from the standpoint of a photographer and through the eyes of believers themselves. Special focus is made on the life of the two imam-khatibs of the Leningrad Cathedral Mosque: Yakub Halekov and Hafiz Mahmutov. The author examines how official and unofficial leaders and institutions governing Tatar-Muslim community in Leningrad and a number of towns in the Leningrad region emerged and worked. Some photographs coming from private archives often serve as a starting point for a broader study of forms of Islam in the Soviet Union.</b>
      </abstract>
      <kwd-group>
        <kwd>Leningrad Cathedral mosque</kwd>
        <kwd>isem kushu</kwd>
        <kwd>unofficial mullahs</kwd>
        <kwd>janazah</kwd>
        <kwd>Tatar section of Novo-Volkovo cemetery</kwd>
        <kwd>imam-khatib.</kwd>
      </kwd-group>
      <counts>
        <table-count count="0" />
        <page-count count="0" />
      </counts>
    </article-meta>
  </front>
</article>
