<?xml version='1.0' encoding='UTF-8'?>
<article xmlns:xlink="http://www.w3.org/1999/xlink" dtd-version="1.1">
  <front>
    <journal-meta>
      <journal-id jjournal-id-type="publisher">State, Religion and Church in Russia and Worldwide</journal-id>
      <journal-title-group>
        <journal-title>Gosudarstvo, religiia, tserkov' v Rossii i za rubezhom</journal-title>
        <abbrev-journal-title abbrev-type="nlm-ta" />
      </journal-title-group>
      <issn pub-type="ppub" />
      <issn pub-type="epub" />
    </journal-meta>
    <article-meta>
      <article-id pub-id-type="manuscript" />
      <article-categories>
        <subj-group subj-group-type="article_type">
          <subject>Research article</subject>
        </subj-group>
        <subj-group subj-group-type="subject_areas" />
      </article-categories>
      <title-group>
        <article-title>Liturgical Reform in English Pamphlets and Tracts, 1828–1833</article-title>
        <alt-title alt-title-type="running" />
      </title-group>
      <contrib-group>
        <contrib contrib-type="author">
          <name>
            <surname>Petrova</surname>
            <given-names>Tatiana V.</given-names>
          </name>
          <email />
          <role content-type="1" />
          <xref ref-type="aff" rid="aff1" />
        </contrib>
        <aff id="aff1">
          <institution />
          <addr-line content-type="addrline1" />
          <addr-line content-type="city" />
          <addr-line content-type="state" />
          <addr-line content-type="zipcode" />
          <addr-line content-type="country" />
      </aff>
      </contrib-group>
      <pub-date pub-type="epub" />
      <pub-date pub-type="ppub" />
      <elocation-id />
      <history>
        <date data-type="received">
          <day />
          <month />
          <year>2016</year>
      </date>
      </history>
      <permissions>
        <copyright-statement>Russian Presidential Academy of National Economy and Public Administration.</copyright-statement>
        <copyright-year>© 2016</copyright-year>
      </permissions>
      <abstract>
        <b>The article deals with some projects of liturgical reform in England created in 1828–1833. It analyzes goals, proposals and arguments of the “reformers”. The authors of the projects aimed to join dissenters to the state Church and to diminish popular anticlericalism. They believed it necessary to make liturgy less weary, more intelligible, instructive and edifying, as well as politically neutral. The pamphleteers actively appealed to history, e.g. to the history of the Reformation, “the Liturgy of Comprehension” (1689), and the Episcopal Church in the USA. They thought that the contemporary “Age of Reform” was quite appropriate for making changes in the Church.</b>
      </abstract>
      <kwd-group>
        <kwd>Anglicanism</kwd>
        <kwd>Church of England</kwd>
        <kwd>Book of Common Prayer</kwd>
        <kwd>liturgy</kwd>
        <kwd>church reform</kwd>
        <kwd>liturgical reform.</kwd>
      </kwd-group>
      <counts>
        <table-count count="0" />
        <page-count count="0" />
      </counts>
    </article-meta>
  </front>
</article>
